gene,importance,0,1,2,highest_in,lowest_in
CEL,0.011076187010038718,6.031837214412034,3.0607925498230073,5.603143971231858,0,1
RAB27B,0.010135786786161258,5.3417706157921385,7.001798304475154,5.638690223166485,1,0
HMSD,0.008404480458285095,1.5947846564988029,3.173286726546963,1.753026585988059,1,0
TRIM7,0.007833035518976834,4.1862335118186085,6.389920699177896,4.386245474141847,1,0
ACRP1,0.006888312273637872,3.1144215340900634,1.1800744294368029,3.17120392347536,2,1
LY6G6D,0.005470754071445097,4.977508658189955,0.8890822243235214,4.671374144908852,0,1
SLC39A5,0.005451844036197311,7.888055980318314,5.791694968252711,7.797105013007368,0,1
DUSP4,0.005390560470968437,6.4887534066696455,8.387941665972802,6.795572821059496,1,0
AIFM3,0.005352598462521074,6.982989349930789,5.230887762304791,6.956011970180713,0,1
CBLN1,0.005141689908605229,3.4509796006290037,1.8551958400338626,3.6598147751862817,2,1
LY6G6F,0.005130894900758225,2.025600038388944,0.3994971883249178,1.9804956240485474,0,1
QPRT,0.004652355787074096,7.8581556463571385,5.4541625485662815,7.552988099206599,0,1
HOXC-AS2,0.004531904919891508,0.7104823067085914,2.522037714719776,1.1676124846961693,1,0
CELP,0.0041025972617308604,4.822768429223354,1.7907863687897496,4.5990567713529185,0,1
ACE2,0.004003383099101987,7.015052650731541,5.2210481620498275,6.834397418604472,0,1
DLX3,0.003744177428212777,3.1494557333659188,0.8294216063041141,2.9535891424721177,0,1
SYN3,0.0036257468410130847,3.8820765511163815,1.501760333728077,3.596215220516048,0,1
GRM8,0.0035003353316274276,5.801143893455907,3.385409635783415,5.706675155245445,0,1
SLC22A11,0.0033487266683652718,4.046810307823394,1.2941555179640556,3.656639748924401,0,1
EVX1,0.0032351632166820613,4.8524382587722545,2.918677865965113,4.957387241556826,2,1
IHH,0.003205380335348184,7.944148969810314,6.4964331564309274,8.028313582600614,2,1
LOC105371814,0.0031810031397971547,1.912359012562117,3.1894331938163347,2.0218377892929698,1,0
KRT23,0.003160393974114109,7.066382385904192,4.233494151296046,6.64833693318207,0,1
KHDRBS3,0.0031564790215762475,6.28205009597714,4.656779196054882,6.251328745705584,0,1
REG4,0.00306821531324641,7.313352386446207,10.288118569947109,7.311343070600511,1,2
GFI1,0.0030298851330832323,4.324782105248396,5.746534605835161,4.387915643195813,1,0
PPP1R14D,0.0029727171804601795,7.081369428466204,5.569264615594636,7.141813614086536,2,1
CTTNBP2,0.002929076583696976,5.991551126538811,3.822557243064593,5.743943324340587,0,1
TNNC2,0.0028787129463976736,5.847806060005891,3.0641648195316735,6.055696369496538,2,1
NPFFR1,0.002812663964948265,4.871074757855025,3.2582169011364965,4.57332747073741,0,1
EPM2AIP1,0.0027836493622675528,6.535693921168092,5.201372581471794,6.614782053003343,2,1
F7,0.0027751189711007107,3.445397191783944,1.3609984375405768,3.497850889258351,2,1
ASCL2,0.0027496093595437247,8.183577784839958,6.047577173264724,7.9913083982642314,0,1
LOC101928881,0.0027411120609330294,5.202327877795052,3.8947396797400287,5.287945556738502,2,1
TFAP2A,0.0027203438443847675,4.493072036510198,6.207844705206759,4.721465487731178,1,0
R3HDML,0.0027155731538786383,3.9601012335621415,1.9918702562983526,3.969305305025999,2,1
LRRC36,0.0026919501039304843,4.63719807557613,3.11132092017098,4.581826253341214,0,1
AGR2,0.002690743036364757,9.737982746227342,11.15097932562857,9.995463612521693,1,0
CADPS,0.0026225729654315156,6.415050373436122,4.664012364859027,6.284086596404549,0,1
RUBCNL,0.0025914932418543164,7.970790029085175,5.740573865070375,7.741192043525665,0,1
ISM2,0.0024728739295750515,3.512229949402786,1.3742303293051328,3.390101186268312,0,1
UMODL1,0.002462015032973991,3.369806240853772,1.8865719676593282,3.415955627404053,2,1
GABRE,0.0024566488121077327,6.932967085514974,5.604701526427587,7.070325272907319,2,1
TH,0.002337492690890714,3.4681228646682216,1.544067991074431,3.457573322031014,0,1
LINC02441,0.002322285483078209,3.8416770494974273,1.6912023691052982,3.6315416691486258,0,1
ADGRG6,0.0022330842112983796,6.1599156646568005,7.351756180097357,6.3708046695801155,1,0
LOC101926964,0.002219644365036676,2.96350569795539,1.1957894983637236,2.7678378772468357,0,1
AXIN2,0.002203894101953361,8.595684127790385,6.940299036565888,8.469596393928704,0,1
PRDM8,0.0021805551236795946,4.054478315264159,5.2381738652267105,4.138409668523052,1,0
LINC01811,0.002178638005790622,2.5920992851934814,1.019529973203231,2.6928103824511083,2,1
HUNK,0.002157465062257652,7.036180259969933,4.983661016123793,6.825293342721809,0,1
OR7E91P,0.0021568259344844844,1.3776117445659397,0.8515098858125353,1.7344370176908261,2,1
TUSC8,0.0021517251608204743,4.599613852417128,2.3633778389163735,4.574998817218508,0,1
LY6G6F-LY6G6D,0.002116056310895427,4.999234720771578,0.9514797966442009,4.760167065235191,0,1
VNN1,0.0021091166767250834,4.555014763827476,6.3110851086331605,4.873319775117248,1,0
VSTM5,0.0020908917618224277,3.7027633466507623,5.007932213750149,4.094160668146203,1,0
RASSF10,0.0020890787572538385,5.246867521612343,3.364838364362581,5.300991199686804,2,1
PKLR,0.00207539086784174,3.8016358393417,1.6266470903893213,3.328074968095535,0,1
REN,0.002069748859674153,3.312684231524428,1.7799845947774842,3.4314446927758597,2,1
CACNG4,0.0020457767170512153,3.9728530198374856,1.5229067335556572,4.110937010203221,2,1
TINAG,0.0020454560113161353,5.311700136583057,3.2277939369320534,5.33634643383396,2,1
GZMA,0.0020386104194087514,4.6008812056651465,5.809157844545633,4.7406196834984105,1,0
GPR143,0.0020291482456095307,5.375096327145263,3.1927875441712223,4.96419607684173,0,1
SPACA3,0.0020218347222897303,2.8588436549704612,1.0371146432391594,2.4166189398084392,0,1
GGT7,0.002017622609147233,6.868117736206035,5.57644503941286,6.862019804976114,0,1
ENPP3,0.00200079298983436,5.699651405985327,3.471183799147003,5.8028192809359,2,1
SEMA5A,0.0019993118175000136,7.6232550055598445,6.3224600132189,7.62604068484962,2,1
WNT11,0.0019309601644787943,5.993525947235667,4.206068443898375,6.049811637938561,2,1
SLC35D3,0.0019268986120187985,4.676390314600605,2.790660206714945,4.7291054702280135,2,1
WFDC21P,0.0019075730570362966,3.380971794744455,4.845011451284292,3.492120238683121,1,0
CXCL14,0.001817399037002828,8.340195942460905,6.397501957125818,8.233976678843229,0,1
TRPV6,0.0017994923211512536,1.6712341760632023,4.1567414772185725,1.8236552042314982,1,0
CDHR1,0.0017986917374334561,7.715287201416592,5.104324897861667,7.604043855105799,0,1
LINC02177,0.0017533537472175977,3.0676926326459313,1.7855443485941382,2.9538369515038805,0,1
OXCT1,0.0017525457222641204,6.392831791230245,7.314055232560663,6.591688417216291,1,0
ABAT,0.001734370375592153,6.811101805181795,5.70561697575691,6.764654195315534,0,1
NOX1,0.0017131054862685748,8.60546297267314,6.972705456335549,8.617809858786316,2,1
NR1I2,0.0017119250122539045,7.34533019453804,5.921070014280997,7.43853397352847,2,1
B4GALNT4,0.0016990098609977484,5.163748756700641,4.00523183695145,4.970345560362214,0,1
PTPRD-AS1,0.001664111245822733,4.024578289418742,1.7736209171221615,3.744619186513602,0,1
SESN1,0.0016598048201201222,7.505136327506779,6.555716866936882,7.394726251275172,0,1
LOC105375431,0.0016593272221293216,5.717110132408392,4.095907902392544,5.683994491877128,0,1
CYP2B6,0.001642018304177893,6.684119220415603,4.319307914087373,6.632386200082628,0,1
UNC5B-AS1,0.0016370838720268024,1.8393356519946316,3.1303076501308924,1.9481483576199277,1,0
CYP4F2,0.001631350396674544,5.153660811952781,3.069368028384086,5.083644388350299,0,1
GLRA2,0.0016045126908771636,3.1215220748476127,1.480694307712922,2.4042182219752357,0,1
ULBP2,0.0015790738698784595,3.506059378806579,5.0146758042986965,3.566392996379172,1,0
PTPRD,0.0015494610398288158,6.980875936978141,4.936751688842114,6.684432057847076,0,1
PMEPA1,0.0015349302472945903,8.809118548019258,7.813770629551565,8.754383318466667,0,1
LOC100505782,0.0015134608803018367,1.2617961465186778,0.11342408409162741,1.1666308615610101,0,1
ZNF439,0.001485444839752729,4.502336324357863,3.745092454718813,4.754416519244203,2,1
PLCB4,0.0014477599876728416,8.31354865104251,6.837043474985914,8.270799399844801,0,1
SPDEF,0.0014453180412408381,5.69492805083087,7.067999387794655,5.748012184757974,1,0
MTCO3P12,0.0014444804302854648,4.550439307003205,3.920728540095206,4.634358826251643,2,1
TMEM252,0.0014268318132493417,3.3560199025049977,1.589657227578463,3.2536371947748295,0,1
LCN12,0.0014122004186051251,4.829296912874459,3.6501171998858983,4.886935340876481,2,1
SYT17,0.0014014844987124398,4.824555377029783,5.423589464865028,5.014372232198947,1,0
H3C8,0.0014004797310856222,3.2571906462598403,2.305644115382889,3.1327740987661605,0,1
FAM83C,0.0013954255182658604,1.6413941476621692,0.5301591097686191,1.7441953683169926,2,1
SPIN3,0.0013845819132734564,4.923434613860148,3.0559023580662306,4.881060318542025,0,1
KRT86,0.0013776386587071616,2.858802411596321,3.6332723674176273,2.8662281704016497,1,0
CCL4L2,0.0013702692578075237,4.176033749169157,5.005683162762504,4.218736831893147,1,0
VNN2,0.0013699103778975258,3.5256063000920808,5.05853950152564,3.6202919325805247,1,0
APCDD1,0.001356458053882116,7.659590852301975,6.222118480741559,7.491559680156217,0,1
MOGAT3,0.0013253835710637014,6.60540402931719,4.925116693486095,6.5241264187860155,0,1
SLCO4A1-AS1,0.0013206200347913907,5.362983552445579,5.069908993598786,5.320828756776299,0,1
IGFL4,0.0013160652041186848,4.131051786437134,2.6060931175768953,4.285585134229245,2,1
GBP4,0.0013148264959174374,6.486556207500088,7.667353619281605,6.46281929060664,1,2
PDGFRL,0.0013122034531467966,3.7484388612990682,4.716109795507813,3.8985109977831907,1,0
MUC12,0.0013022722670959785,8.29870061294279,6.140059314438164,8.137192378440794,0,1
LINC01842,0.0012947204866076588,2.5193621585554267,2.556742703707619,2.2403113539060375,1,2
SATB2,0.0012939954297297442,8.092366309766714,7.085008745716835,8.08729121981037,0,1
PHACTR3,0.001287297019874243,4.092399325377995,2.5039241369523766,4.086075831919121,0,1
CXCL9,0.0012859134696582217,6.104200867538521,7.482453653309927,6.117332748015657,1,0
MSH4,0.0012786187430687736,1.4413975369629575,3.0549748308837246,1.6213856271445533,1,0
LINC00667,0.0012737029494287013,6.574660317150017,5.574186213187729,6.7292505140658125,2,1
SLC7A4,0.0012654492056589826,4.907446062481137,3.561059634805976,4.828855829000152,0,1
EIF5AL1,0.0012590629676637502,4.394639628477304,5.327524927485148,4.421393787746828,1,0
COL2A1,0.0012585824402824664,2.833354325813034,1.4231486951290615,2.860120127150334,2,1
RPL22L1,0.0012434467571181167,7.178544077244071,8.369445955952617,7.392364184376036,1,0
PTPRR,0.0012422701315762358,5.215155508383753,6.05622109944781,5.515294696748572,1,0
RNU4-2,0.0012392552720510276,1.791869609518485,1.7069900798429591,1.4764293981980334,0,2
TNNT1,0.0012362194508367802,3.136835068766407,5.4954847666175946,3.299108862515818,1,0
CHRNA7,0.001234751322129618,2.0952661788864297,3.9253059155250853,2.38023969940925,1,0
CLDN18,0.0012275570845748677,2.304441098240628,5.248652003226918,2.7982072787503465,1,0
NKD2,0.0012226561459267881,6.6679451945854264,5.27392271174327,6.502531301952454,0,1
DRD2,0.001221652014377117,3.9665014946548616,1.8676541353915102,3.8246289196967433,0,1
SDR42E1,0.0012211100499689384,5.888177029682622,4.242210102056036,5.774458252689298,0,1
H2BC8,0.001204409688129925,3.6864298205830117,2.8609037788023612,3.5992239670314596,0,1
TRPM6,0.0012031611312130625,5.068577271562363,3.340409098342463,5.041321850326008,0,1
RPL8P3,0.001188543978408481,3.356850718989537,3.185870025389987,3.565730753020642,2,1
PRAP1,0.0011837504889151333,7.93220929736262,5.6690937617272965,7.7525036275016665,0,1
ANO1,0.0011562287292739054,6.65552044821525,7.807440676794627,6.766848290062422,1,0
LRP4,0.0011533691361262058,7.646797757044038,6.779499340886251,8.03112813130287,2,1
LAMC3,0.001151459402448663,4.637598696258679,4.240410455496234,4.512860077813432,0,1
INSC,0.0011468955881836535,3.611373110193272,3.1223153606208376,3.540522849794102,0,1
RPS6KA6,0.0011428081557127532,5.215892315032941,2.71546415823123,5.118289590337261,0,1
ZP2,0.0011218246682305074,2.135046111764028,0.7872382927478051,2.08176479767409,0,1
LRRC43,0.0010975459883813294,3.1317947814105787,2.080857048507374,3.0989644547826014,0,1
MUC5AC,0.0010968819575367832,4.685850404777669,7.382696328380984,5.224732200597336,1,0
SLC19A3,0.0010936119257370727,5.506083552991642,3.510586981632104,5.377554565673453,0,1
SLC14A1,0.0010862447315339496,4.01891409606488,2.9656186601450965,4.164587658259556,2,1
ZDHHC11B,0.0010855292523942817,4.4437521288263655,4.163398935746091,4.922354555215544,2,1
TFCP2L1,0.001083331371029302,7.666080718609437,6.261274277000432,7.6162023789713995,0,1
SATB2-AS1,0.0010828728312181255,5.741606829308467,3.7644420878459424,5.718442774461667,0,1
IGFL1,0.0010817752153654352,1.6668135302791822,1.514103726797532,1.7864462604501588,2,1
ZNF252P-AS1,0.0010796486414311277,3.0907169139028072,2.1902923994944508,3.231619381409713,2,1
AKNAD1,0.0010790690890273677,2.6744339348724178,1.3174528336080427,2.666979463571997,0,1
SALL4,0.0010786756912921098,4.7673629188944355,3.530230894539936,4.776566136852501,2,1
MYOM3,0.0010728679424561688,6.560746481525142,5.014523647344282,6.631413421580137,2,1
NAALADL2,0.0010705460344294627,6.253359078659409,4.957962584792639,6.200738458060492,0,1
AMT,0.0010696426631685934,6.102033397639814,4.836781833193248,6.159354689056997,2,1
MPP1,0.0010658566901385607,6.960498787998788,5.985070691983311,6.748447398549399,0,1
NKX3-1,0.0010631062104203175,3.1876122659105297,4.5453485287555635,3.3250218407364445,1,0
FABP1,0.001054422355537355,8.858731884558765,6.783595534910017,9.163897549686274,2,1
IQGAP2,0.0010526318344532802,6.924154036353539,7.603938996748134,7.165686301114908,1,0
PLA2G12B,0.0010498459667208832,4.012618576521218,1.4044484910668842,3.967795761140941,0,1
DNAH5,0.001042837819661381,3.6855098417226193,3.9582853319084617,3.864149086387521,1,0
FAM198B-AS1,0.0010386565418388702,3.7062707097719096,2.92867695818977,3.809044337275288,2,1
ADGB,0.0010356512152354625,2.0183802556019246,0.45405047549465505,1.9522787933527335,0,1
ADRB1,0.0010341510144402574,2.819207713236418,3.8362807384031368,3.096769405790109,1,0
PTPRO,0.0010339272547850301,7.267904913351244,5.494612157424004,7.0583461267614025,0,1
COL9A1,0.0010332026684968137,4.784566958161068,2.819314773746388,4.493074797174079,0,1
HCG11,0.0010331652523430197,5.482557005516839,4.250031466077177,5.433346734467898,0,1
VSNL1,0.0010265334768403975,6.623069025617235,6.830599777010375,6.637592083884759,1,0
FER1L4,0.0010189236783194416,6.128843282681954,5.051760417607294,6.53086460930184,2,1
OSER1-DT,0.0010147120622450803,5.736881692962802,4.687015255061489,5.798081096414417,2,1
DLGAP1-AS5,0.001014085422369829,0.7246590960494776,2.6971192338093153,0.9674273555929359,1,0
WNT10B,0.0010097875581678436,2.6885070972821516,3.4435082485108435,3.053404273313777,1,0
AQP3,0.0010062980859344387,6.161156035564776,7.511802308746207,6.130647012366359,1,2
ZNF488,0.0010058728346129839,4.111057659703907,4.907394316570589,4.348272508502246,1,0
FEZF1-AS1,0.00100497616425679,3.6911647008108015,4.613302038320807,4.518392468824371,1,0
PTGES,0.0010037687448850117,6.218259517817462,6.279221530112056,6.065763580629506,1,2
ELOVL3,0.0009947298097191303,1.6398803324049211,2.8223213850142397,1.9470005531037322,1,0
ALOX12B,0.000990072076586793,2.176009281570181,3.265967904381138,2.294395069542709,1,0
PRKACB,0.0009866634080656135,7.199109774525055,6.569090525549985,7.349825600336502,2,1
HOXC6,0.000985797214750974,2.5381516803895097,4.642200757790049,2.813347650568721,1,0
CAPN14,0.0009830565282146397,1.8411818693196762,2.6511720176171143,2.0175190187923415,1,0
RGS13,0.0009799726709883957,2.1335929731364787,2.2031187305863695,2.3136183513712734,2,0
SAMD9,0.0009793986441930065,6.162801629117102,6.85336827175853,6.166147115981911,1,0
LINC00886,0.0009787913418636165,3.666655696658596,2.4927789256110398,3.4755226099835017,0,1
FOLH1,0.0009775216619571125,3.8118990406167415,3.933614283927937,3.8086471886243234,1,2
CFTR,0.000974481915315938,8.740075984303996,6.951062912914276,8.672088666966669,0,1
MLXIPL,0.000968622300650772,7.197467514840459,6.377375745273352,7.180874594937116,0,1
C2CD4A,0.000965180786345854,6.176317136949703,7.049468438458121,6.324413804759415,1,0
IGSF9B,0.0009624182992383354,3.756192657021281,4.288861406746131,3.8295893478565284,1,0
LINC00943,0.0009620820340970907,1.0924758450301149,1.7516193139477054,1.1633096893298098,1,0
SLC6A4,0.0009591191185418502,4.325058728672751,2.1722215737091024,4.2328105197019825,0,1
SLC17A9,0.0009467058826066482,7.320871927486767,7.117785812652547,7.293113529459458,0,1
WIF1,0.0009445539184775609,2.885314858061372,0.7551828828655449,2.7181736177346147,0,1
FABP6,0.0009331856899009336,5.454791872998866,3.9400084644116626,5.802121547855948,2,1
KLF7,0.0009297745052250193,6.705605420339667,5.81687090793573,6.672919060812605,0,1
CD274,0.0009279245169493812,4.434004141634805,5.434200751316974,4.4317739045938325,1,2
TDGF1,0.0009258008972175015,6.788353363194826,4.617994609677575,6.549817871651007,0,1
MS4A7,0.0009221858494438504,5.35939761950186,5.9477295291260734,5.494764215276903,1,0
OCA2,0.0009213772160250218,3.202519303565472,1.545511255415159,3.5170378837615446,2,1
SORD2P,0.0009196791597825214,4.482198568225014,4.668096327399157,4.607253257941512,1,0
FREM2,0.0009172918154612077,4.4694030280242005,1.8182134950281967,4.594166723251293,2,1
KRT75,0.0009167434457730796,2.9646204997957843,1.6266861356263587,2.500714687174656,0,1
CYP4F8,0.0009135848772807485,2.08812829286033,0.9104305469267394,2.1727948936442547,2,1
MCMDC2,0.000903188487859409,4.225712537005264,2.9359144729024207,4.2568679651164745,2,1
ADCY5,0.0009031166966698901,4.717154390551472,4.012831162560547,4.96621610280577,2,1
OXGR1,0.0009018645785575167,4.872830363180244,3.061866567747178,4.714894849220401,0,1
QPCT,0.0008960976246712727,6.873497887994734,5.706950051029686,6.971988669103351,2,1
STX19,0.0008935973343844618,5.34966678405194,5.048773753977243,5.590959607216426,2,1
GSPT2,0.0008894514957543695,6.12975563155509,4.673289781600337,6.087743940886447,0,1
SLC3A1,0.0008878840792430417,5.828840685819877,4.307661966563665,5.829765326193006,2,1
LRRIQ4,0.0008844484221745182,3.3734622235181955,3.807395634879673,3.575193273314594,1,0
MT1E,0.0008836875940240453,6.283524168304069,7.467817282577769,6.267221833852038,1,2
SH2D1A,0.0008802736011684895,3.31525144241797,4.018176887706469,3.4871138937867743,1,0
UGT2A3,0.0008774113581056215,4.9893132062153445,2.861710191506763,4.805498410223177,0,1
RPL17P18,0.0008754991946735236,3.927187890051878,4.25986624187271,4.0750234074011615,1,0
MID2,0.0008724107713779325,4.342410315663285,4.680136003726439,4.473653066238123,1,0
GATM,0.0008716454787406798,5.901624229402244,5.457876327569874,6.225544381678377,2,1
PF4,0.0008661061489033479,3.8987469459212174,2.840182877199656,3.3464368049563356,0,1
SFRP5,0.0008559955664663348,1.5231351268568831,1.1970008757091004,1.9468231010605959,2,1
MROH7,0.0008540490956573993,3.2582231680317872,2.5653148406076234,3.520499479190183,2,1
FAM169A,0.0008527749866345267,4.366355899481269,5.261872592362972,4.675851472154158,1,0
PNMA3,0.0008467967818767705,1.7839189963952218,1.7240074164810704,1.9695304469639212,2,1
MRPS31P5,0.0008445246855753856,3.6369598586998158,2.956477944413202,3.7410763676130747,2,1
SULT2A1,0.0008435923565847137,2.020578862134551,0.5906606654835084,1.8252582789019443,0,1
LINC00960,0.0008393780100007076,3.728894720477633,4.395995634968366,3.7861956778360195,1,0
SIGLEC12,0.0008376887009547964,3.508518521550947,3.9105850543901783,3.638363694266167,1,0
ALOXE3,0.0008333464595788205,1.643525558898409,3.244655643539583,1.917332247232002,1,0
HECW2-AS1,0.0008330943267726815,2.062534256185498,2.374782073458518,2.3281123639247805,1,0
ADGRE3,0.0008283109640504531,2.3197671357641156,2.8698887486509808,2.242842168064652,1,2
GGT1,0.0008274436357104425,6.439987872434989,5.943358480773648,6.347008403313067,0,1
KCNN4,0.0008273323813753048,8.086067831778333,7.553456684785346,7.90764904677379,0,1
AATBC,0.0008229167301081779,3.9612038098599567,3.6075692501885865,3.944755496060823,0,1
C3orf85,0.0008191218305397907,4.265648449876834,2.5055095988323086,4.294636166747943,2,1
PRLR,0.000818717644259748,6.560622159782913,5.570531967532833,6.614828703736544,2,1
OSBPL1A,0.000816811126397013,6.2763310437368425,6.590563929264857,6.337512055551738,1,0
ROR2,0.000815749388151922,5.340388974464537,5.644407886226916,5.202323303565645,1,2
C5orf52,0.0008131677757092687,3.5197236126751243,2.0061896370311696,3.220564461867183,0,1
CCN3,0.0008129102339700666,4.64436499508316,4.853168729107747,4.950121083128541,2,0
HEPACAM2,0.0008127931208695328,5.006396014937023,5.652261501461632,4.852452940714525,1,2
LOC102723692,0.0008127813958016714,3.3671252068705533,1.9292919091745504,3.04928887386618,0,1
LOC107985216,0.0008058132614276275,2.4397615843665674,2.7080690579141224,2.5849802350018884,1,0
RNF43,0.0008047022070767646,9.27415537010633,7.831249005317092,9.14744443423348,0,1
SEMG1,0.000804503611785383,1.6440199496140566,3.532576047769472,2.064254270990729,1,0
LOC101929759,0.000801420470515798,2.404296729220366,2.5401354627855297,2.599397761417523,2,0
P4HA3,0.0007997135447617678,4.245300817027055,4.437021839554924,4.162059709560732,1,2
ART3,0.0007984428635663246,3.4149098060943595,3.4040175843246216,3.0662427146362874,0,2
PAH,0.0007968033732699317,3.82991587668332,1.555018676231833,3.688716166520684,0,1
FBXL16,0.0007944028299751324,4.938876551587438,6.007177813019194,4.996415075499768,1,0
ESPN,0.0007903930583384773,6.934182366864518,5.94094691370412,6.761958779983528,0,1
ONECUT2,0.0007899937224991738,4.445855037737806,5.4082583139032,4.968767972912427,1,0
MUC6,0.0007845444723241449,2.7255268783949465,5.6147286528007125,3.1512831358550653,1,0
CPE,0.0007833189188143543,6.808941168342713,5.72664865431337,6.489120688069217,0,1
ANXA10,0.0007746683756856108,1.2352490877813571,3.7234864417032343,1.5085359267248115,1,0
LINC01511,0.0007743208031356821,1.5124945282010118,1.071570589661605,1.420988424286728,0,1
SLC39A2,0.0007734048428442611,3.5132597860123047,1.4294135325477464,3.358326060182922,0,1
ZNF423,0.0007715160251766785,5.235786166230479,4.29015405981253,5.091136311103755,0,1
RAET1E-AS1,0.000769861776210984,2.4068055608672205,1.8036134777705648,2.0249913189801783,0,1
ZNF682,0.0007679881622633791,3.7482744410589888,3.2316813466236733,4.001492665776187,2,1
PKP1,0.0007668646788117723,5.547948771643145,4.6208144993879054,5.475201065319501,0,1
CEACAM3,0.0007648040760666389,2.868405424428606,3.7726455765446634,2.912058024614087,1,0
DAPP1,0.0007640289164380084,4.986399700056436,5.719660613084966,5.069888519775095,1,0
CEROX1,0.0007595862302013168,3.890786020411732,4.734907267580299,3.939115125692729,1,0
CHI3L1,0.0007568172399472734,6.504130029317716,6.716762262262678,6.270952963243772,1,2
RIIAD1,0.0007568138572201071,2.820618729907492,1.3966395169996304,2.905581701954596,2,1
GDPD5,0.0007545871143398641,7.069093204244049,6.338624775484158,6.970236351146973,0,1
LINC02418,0.0007544557980677766,5.840631865873723,3.506751451590099,5.672716512345961,0,1
SPINK1,0.000753261868369245,8.035998570806155,6.99769265148145,8.087174137879673,2,1
TNFRSF9,0.000747995734665762,4.288723580544832,4.950838040212593,4.163252575331768,1,2
SLC30A2,0.0007473717914087249,4.112884298882323,1.544513761501376,3.6613391872944088,0,1
MRAP2,0.0007469856261126773,5.1888121739833215,6.001670127183466,5.476813385185106,1,0
LY6E,0.0007467821816026652,8.228341552898776,8.958372009891981,8.188672455129295,1,2
RNLS,0.0007437748383217732,5.4121171451349515,3.825580886439005,5.121445492900867,0,1
MAP7D2,0.0007410301895395776,5.024892000587771,3.026001261247627,4.698608361319752,0,1
MMP11,0.0007408420428552341,8.088415064309533,7.42422026233082,7.9128282586201,0,1
SPATC1L,0.0007370884896258026,5.514659288690157,4.446101984728379,5.285545610031393,0,1
ALKAL1,0.0007345086327635988,3.852413305752597,2.708574298948726,3.8584803961880842,2,1
ADD3-AS1,0.0007333867461961451,4.314610536003556,3.150950208925974,4.395581107734218,2,1
PTGER2,0.0007312143254189887,4.773814485434317,5.711350517554692,4.847892483064074,1,0
B3GAT1-DT,0.0007287173427312724,5.437213093651456,3.6527145108405406,5.631095032163049,2,1
POU5F1B,0.0007284491043603845,5.493512597278561,3.3821420557356316,5.167525189355764,0,1
LINC01748,0.0007278647957506707,3.8800987431064917,2.7707436982035483,4.0094777041774705,2,1
PCDHB13,0.0007270341921349732,3.952075010622848,4.4391577032231435,4.186189791429362,1,0
ARID3A,0.0007247771088296133,7.415358399590034,6.2849666208941155,7.412454723293392,0,1
ST8SIA1,0.0007245632909619862,3.7420174997361952,3.690039202227542,3.7333341382268777,0,1
RPRM,0.00072229597440355,2.3368617160557132,0.9691494988201196,2.144661050569597,0,1
ZNF141,0.000721270707188107,5.226921641283339,4.083840471956492,5.213619054536067,0,1
LAG3,0.0007211473797889264,4.418807275906125,5.425241589200081,4.464167703343684,1,0
HOXA7,0.0007211335863688417,5.261977226830673,4.6849640227846026,5.14139805448851,0,1
GTF2H4,0.0007207694316455156,4.046633294189023,3.9933088181464815,4.166698315145145,2,1
FCGR3A,0.0007205944192070385,6.301144650904775,7.303138180560371,6.31372905875878,1,0
LRRN4,0.0007166171047815181,2.242384263797373,1.9512131226030636,2.393390562685534,2,1
AGXT,0.0007122412691850316,3.3575445210413877,2.3076340827508246,3.3477463622119545,0,1
FLRT1,0.0007098724846939854,3.343797201937015,2.600721974153111,3.5276717123602035,2,1
HCAR1,0.0007091661096215074,3.4984579650329444,1.7740053101713673,3.657558300032293,2,1
CASP4LP,0.0007037349994541192,3.82851730953626,4.31897382263655,4.07889083648759,1,0
FRMD1,0.000703223505231713,5.5400801578950905,4.117405207914668,5.503862821533774,0,1
LINC02323,0.0007019303169107103,3.4830012685680822,2.901179359628732,3.239289983331403,0,1
SERPINE2,0.000700384469779282,8.017959745285516,7.2142993927742,8.075092328656199,2,1
IGKV1-16,0.0006995946500534379,4.5548127746712535,4.891945704820694,4.550052564575633,1,2
CKMT2,0.0006993083517759768,5.2043079483879655,3.08481252108174,5.047129564157187,0,1
LINC02251,0.0006974288331650313,2.356659849002932,0.8659994525058502,2.022868987776284,0,1
MYCN,0.0006910310147987824,4.227745932081108,4.065288352428889,3.9802067767420413,0,2
DMD,0.0006900554130478198,5.864969199699427,4.8020183084541,5.854476552666397,0,1
C10orf82,0.0006879972684740718,3.227079511542107,0.795524752784873,2.9246366641629438,0,1
ARL14,0.0006878964400410489,5.426051872324105,5.112845119968125,5.651243696256601,2,1
KCNJ5,0.0006872597657971783,3.169940080166228,3.6613265879806725,3.381428036538081,1,0
CRACD,0.0006855367872251357,5.633670523019067,6.269852668145629,5.695184692880271,1,0
SLC1A7,0.0006842557003788624,4.826870233975648,3.0647839713725236,4.449497506034223,0,1
PLA2G4D,0.0006804860675865084,2.9640386170288795,2.807283825271551,3.0327922626591066,2,1
CHRM3-AS2,0.0006764826811646057,2.3067117903642815,2.639923982361074,2.6663634897734734,2,0
FOLR1,0.000675562240048779,4.1473981236420965,2.5955116623922625,4.006200804440376,0,1
EDAR,0.0006745756152171154,5.889282947236496,4.822112330889259,5.9653608427081375,2,1
KLF15,0.0006734752639690431,3.4767160219471527,3.742372261630215,3.546172935177964,1,0
CST2,0.00067330934295866,3.427831893495751,2.747634438832326,3.5369103761056895,2,1
NDUFAF2P1,0.0006731663373286102,2.374170250492964,2.2698515021293697,2.57171316321722,2,1
TRAPPC2B,0.0006711016911045662,4.619362375189277,4.667762566315546,4.439653006906478,1,2
KNG1,0.0006695767421227142,2.727300353387442,0.8571738131549453,2.492656735571584,0,1
CD40LG,0.0006691267935111403,3.092953554295249,2.821040159195796,3.350901421275061,2,1
HERC2P3,0.0006684712003585912,3.499884213463223,3.362175352204452,3.7393019917732624,2,1
PCDHGA5,0.0006669315208139439,2.6722330395591243,3.0523028429382824,2.667778806996336,1,2
KHDC1,0.0006664053704616464,2.760205785292486,3.3682861190404707,2.837090569570694,1,0
EN2,0.0006661831489480921,2.855893972562916,1.3543955339375155,3.0061827214488415,2,1
HOGA1,0.0006661111509729341,2.867535429030827,1.6731807972903203,2.7255960746861847,0,1
LY6G6C,0.000664902232769389,3.4839530343011718,2.765663311351186,3.4305880375944775,0,1
GPC3,0.000662783725921248,4.821333972195205,5.053040324427297,5.077175104334683,2,0
KIAA0319,0.0006626133858552861,4.194035735978896,4.166799452590347,4.346382868826654,2,1
C6orf141,0.0006622470902933176,4.965294126336152,4.437562637978927,5.305773797040102,2,1
GAS2,0.0006618134892751344,4.244080006556479,3.276698806955132,4.386416639734009,2,1
MAPK4,0.0006604994136972867,1.8149143809515211,1.832356923662357,1.8890674339868603,2,0
IKZF3,0.0006595930203005161,5.2382615521581295,5.908849280768987,5.504624869919283,1,0
LINC00894,0.0006563781874007395,4.1330483136038625,3.38370093151527,4.3729539052718325,2,1
RBFOX1,0.0006556196074120152,1.995211574427988,0.7572524783587781,1.8575711522210472,0,1
TLE2,0.0006549413678535537,7.40694080023165,6.440893206084851,7.346474742958234,0,1
JSRP1,0.0006535209394345409,4.4109889951577586,4.870673704080079,4.509590942676,1,0
CD69,0.000649319522015634,4.226395666541052,4.883234979426107,4.391150679104981,1,0
CAMKV,0.0006491271860826227,2.8166766700925727,1.77658323883372,3.0024862505236913,2,1
ZNF521,0.0006465627648998215,4.846794899774099,4.811079692875434,4.869189408699718,2,1
ADAM12,0.0006451066725009834,6.006023730426434,6.584719236720612,5.901325161937733,1,2
F10,0.0006444272045039027,5.043623378156119,3.8966532098073343,4.86029615568482,0,1
FASLG,0.0006443623865740296,2.719319618620816,3.7134471193959633,2.8377666995118602,1,0
GZMB,0.0006437253466617457,5.468683949466893,5.881121175678397,5.460290166084909,1,2
DNAH9,0.0006430147765115865,2.3902723784985414,2.2780140948538277,2.1129473596779937,0,2
MBOAT2,0.0006420809948013223,7.063544033680003,7.540005950683601,7.145292603737921,1,0
AFAP1-AS1,0.0006406306589759716,2.821029317628466,5.120129091156584,3.1446575390600895,1,0
OXTR,0.0006381352341754294,4.284270395055496,3.921042870011786,4.403484957949688,2,1
PMFBP1,0.0006376095350696149,4.733676056779841,3.806611804453293,4.742034481937534,2,1
KIF25-AS1,0.0006358574235021956,1.1831011063100803,0.6287755457021952,1.3782582516157356,2,1
TLR7,0.0006356852377495983,3.7446248321122293,3.9955308211322222,3.762417718986738,1,0
LINC02535,0.000635272258420289,5.162424218653964,4.743905703147239,5.310874470157562,2,1
TLL1,0.0006349316329272879,2.6459184038727455,2.724594035100251,2.7578520200810654,2,0
TMEM132C,0.0006345412590737634,2.3071394672283563,1.4206384705046522,2.099932914177696,0,1
DIO3OS,0.0006334204505431851,6.065786920439397,4.195256811150236,6.0580371085522895,0,1
PDE4B,0.0006323478021730795,5.810474370401046,6.408645617313947,5.780384429849248,1,2
CALHM6,0.0006302419280193655,4.40007783747751,5.159561544494448,4.313693487288933,1,2
APOL3,0.0006286229364992359,6.094687343020577,7.037663626892734,6.159398199740526,1,0
SH2D6,0.0006270668783043128,2.8528775427924886,2.545572230802878,2.859301226372479,2,1
ANKRD36,0.0006269535375630946,4.1818895699794965,4.365481809156488,4.378409616128476,2,0
EFCAB13,0.000626360499550538,4.191718800024274,3.6126330702294736,4.319325717055834,2,1
HLA-DRA,0.00062548092421184,9.010242260516229,9.943461481724109,9.013007430834683,1,0
MTNR1A,0.0006252651168093833,1.9682049937400174,2.805933080281376,2.010237442051009,1,0
CD163,0.0006242560700614184,6.031448563274627,6.888786369805271,6.085028057910537,1,0
TMEM200B,0.0006226506792980383,4.218946171025057,3.9667279181966246,4.181130257151638,0,1
VGF,0.0006212813899110958,4.273973354741911,4.218346539442047,4.506925404934623,2,1
NXPH1,0.0006210235653651827,1.1439854816081882,0.5516038916708985,1.486694533187582,2,1
MCIDAS,0.0006209961950853209,3.2862803037080113,3.972516927785999,3.5233101806777887,1,0
HPGD,0.0006188097089735393,6.4704200156219045,6.548240400791272,6.462544384788048,1,2
CMBL,0.0006181470959763394,7.473544860299325,7.802702015567891,7.770353874924042,1,0
SCNN1G,0.0006180243831894568,2.046774523073969,1.203233075608292,1.9901936819084796,0,1
OSR2,0.0006174678968123625,4.649114072170295,5.707951119751313,5.07926539043274,1,0
PCDHB2,0.0006139476297487446,3.3699128952004136,3.3321819114505584,3.563033732408724,2,1
WDR97,0.0006138529694681524,3.9124443130885034,3.3895313781399974,4.135624493725141,2,1
GNLY,0.0006137237328407484,4.59861469759348,6.113994097004704,4.700075757609741,1,0
RPSAP71,0.0006121009972625041,1.861530408368431,0.47330188192868644,2.070001956244941,2,1
ABCB1,0.0006098394833636404,6.905128127448092,5.3489319714691055,6.893510620084405,0,1
HCN1,0.0006095148730749924,2.728258461076592,1.6682099752637587,2.7134019908110836,0,1
KLHDC7B,0.000608691000535997,3.527113273633146,4.1439549662089386,3.346050119775265,1,2
TCEA3,0.000604173762717795,7.2793517321451535,7.473783249749883,7.447396693397601,1,0
BTBD16,0.0006026107925668785,3.6075490355152846,3.083717376491216,3.581590880434167,0,1
GPR15,0.0006016166651760221,2.557348868459035,2.084802299307033,2.3948384087246075,0,1
CEP290,0.000601116949896829,5.920809977334989,5.7390963312384,6.0907472555432465,2,1
AKAP7,0.0005983202385132118,5.620518364980463,5.452149352496443,5.815693744304891,2,1
PGC,0.0005979566171859248,3.041037723166178,3.0298441311981987,2.9030926410132896,0,2
KRT12,0.0005975084056799852,2.4972556947060824,1.7093449741364546,2.650292305307143,2,1
DSG3,0.0005962808923109937,4.479502503848172,4.817913994990387,4.611595130832742,1,0
RPS18P2,0.0005958028121475931,3.8694631759420144,3.6526854194960063,4.006739347777855,2,1
FCAR,0.0005954391333353157,1.9998321713255534,2.903129731256854,1.9909656129173077,1,2
LOC105369203,0.0005929209604156204,2.7043359418997097,1.8834578483201188,2.6554964901347753,0,1
NPIPB13,0.0005927788553784855,2.5158193035679797,2.0459067948827823,2.6475991981317413,2,1
CCN4,0.0005923385412678985,5.327924842124757,5.65603360074142,5.244378669567179,1,2
GRB14,0.0005914130567461972,3.269659294382156,2.8572384936640476,3.869636165121387,2,1
IL11,0.0005907353149091559,4.3041815286639205,4.516218298420901,4.164157006525549,1,2
SLC26A2,0.0005902030117038007,7.677375798099174,6.653791744696048,7.651366898925594,0,1
SIT1,0.0005884633639336554,4.104925138877162,4.2346169399108655,4.342751160427711,2,0
CFAP20DC,0.0005867896803326134,4.6419641453341,3.6937237285817197,4.539732146004351,0,1
GJC2,0.0005863532386079976,4.361243157430389,4.102090789518401,4.278418470938113,0,1
FAM178B,0.0005854742449773838,3.1466788496303124,2.315820522318211,3.2375179200224995,2,1
SSTR5-AS1,0.0005851432359519672,2.467829665509637,3.530931747911873,2.781843424129187,1,0
TRNP1,0.0005824720114734734,4.945695346722259,6.1449751229571365,5.12485380372895,1,0
KLK12,0.0005821144599913859,3.910089399923142,4.2961184587028844,3.732837564197336,1,2
XPNPEP2,0.0005814606192998446,5.517721948665379,3.638406363311618,5.5649536860135465,2,1
IZUMO1,0.0005798305601520292,1.5327449897275782,2.0009316288979138,1.9938506830147997,1,0
CRAT37,0.0005784045747309919,1.8755794790816829,0.4475428643182188,1.6735720761523065,0,1
ATOH8,0.0005778614858387559,4.820247601737064,4.129214849366696,4.829237208207596,2,1
KLKB1,0.0005762602575410206,2.19989517510991,2.4392798337160593,2.251867780725788,1,0
AKR1C3,0.0005758308608518931,7.489608164232448,6.987366570371149,7.452349936756312,0,1
MYEOV,0.0005750926252049094,6.472206362562483,6.862769939696998,6.2575657945027885,1,2
ALPK2,0.0005742528431074406,3.587500353196419,4.24170756588196,3.533831895765799,1,2
PCDHGC5,0.0005738526355335572,1.5984466313541537,1.5847292244471773,1.6581984544243933,2,1
GABRB3,0.0005735850961841307,2.601693332429449,2.7439387887986117,2.6057719929364858,1,0
NRP1,0.0005731983446569704,6.908675293553678,7.316265186367868,6.950076530003975,1,0
RNF125,0.0005726258996321051,5.361175567235049,6.296722069803316,5.552082203150637,1,0
TACR1,0.0005712461710016702,2.0015040213608675,2.0851243035143687,2.253061574049821,2,0
OGDHL,0.0005710658378374388,3.8639483739103353,2.0294512524305204,3.8218295698355305,0,1
CTXND1,0.0005705728292688847,1.8822060694426304,1.257430952801728,2.52196247165943,2,1
ODAM,0.0005697123276807645,4.074316237998991,3.4808485632153814,3.830681637996776,0,1
PYGL,0.0005697088692671568,6.857916539742701,7.20179624304433,6.948716300286772,1,0
SCGN,0.0005696360374964552,2.203841955298644,2.1494186100010446,2.216026474878102,2,1
ADAMTSL1,0.0005691518708280333,4.666231489358229,4.332067484309229,4.6494628892814065,0,1
CA1,0.0005674963583856998,3.600394804930043,2.813233628714088,3.4384952416929035,0,1
SULT1A2,0.0005672475993810582,3.5980523803913473,3.1209607556925634,3.5189350276084563,0,1
TMEM63C,0.0005660174404248903,5.268822114166914,3.7960659131599352,5.234501044730291,0,1
MUC20,0.0005647930757674307,7.599756748935874,6.277068603872899,7.568688534075973,0,1
MXRA5Y,0.0005635754988660329,2.643053080669338,2.675343689855267,2.327791834976714,1,2
MYH15,0.0005628304549458876,3.5211509605296096,3.501005661250168,3.7064992564122665,2,1
S100A9,0.0005618839561391274,6.444837860428344,6.979353528730783,6.390264108876807,1,2
IGKV3D-11,0.0005615229638346528,2.9568185148711015,2.99891030101364,2.8961115858100634,1,2
CD7,0.0005602575203099554,4.944965137347643,5.827196571602048,5.0205474402804,1,0
TUBB3,0.0005600801853554555,4.556508604885321,4.270412165779619,4.435090934047666,0,1
MPIG6B,0.0005587189311490915,3.2986457889924394,2.327129875379568,3.336308494111129,2,1
GAD1,0.0005575954180796053,3.756869358941091,5.155168002742792,4.1028692592597915,1,0
GRK1,0.0005575799481886665,2.2626491289434414,0.8956741880581887,2.2632790993309686,2,1
AATK,0.0005566270799794949,5.563671633303561,5.3630467202940535,5.529689560015291,0,1
SMIM17,0.0005564280377116545,1.7416869231364565,1.0967697267380738,1.904516522100463,2,1
IGFN1,0.0005557232454706023,2.899806547337884,2.0745076920664136,3.2195168924787665,2,1
NEUROG2,0.0005548712265541365,1.4711459325689684,0.24470194575400983,2.024261953922947,2,1
ALOX5,0.000554561905913481,6.232774676481011,6.959422781899222,6.437824215599711,1,0
TSIX,0.0005528635992874723,1.2399285532276323,1.2646299177827716,1.671579601144536,2,0
FAP,0.0005525607346042422,5.564862343070848,5.960784546277388,5.564418941073197,1,2
SLC25A48,0.0005522947255570825,2.8359479074282836,3.5924182685880286,2.9418472700559177,1,0
ARMCX4,0.0005515872028604204,5.278093315522299,4.568576468248992,5.302014589002884,2,1
ZNF185,0.000551463105961646,6.648305929317614,6.669353266399818,6.618634525799075,1,2
GABRA2,0.0005506880372471466,4.417143196950117,4.033028061298646,4.747380057757247,2,1
ELOVL7,0.0005495387464405777,6.345562897615421,6.952628815819597,6.5095581438750925,1,0
CCDC162P,0.0005480881645935207,4.693826976186477,3.8315173055217358,4.848462852001225,2,1
ISL1,0.0005476712308702558,2.712629469763095,3.6468419786719757,2.9571598463759323,1,0
GDAP1L1,0.000547384810074756,1.7506943042156364,0.7938677423253434,1.802959228831807,2,1
TNC,0.0005463689357477188,7.852980892638745,8.223088764091223,7.6997640282488495,1,2
CD70,0.0005453578394097476,3.4666571054676822,3.93315366251194,3.4162817174192446,1,2
IGKV2D-40,0.0005445873165215288,2.185649046103675,2.811535034735612,2.0137753584061078,1,2
CMAHP,0.0005444414500864308,4.615658783334948,4.8806986818701805,4.657464298769804,1,0
SHROOM4,0.0005433957907769335,6.878961468378016,5.660592128467329,6.744469382601058,0,1
IGLV3-9,0.0005426531135230031,3.6617701507881586,3.6540492146028187,3.6843276377910583,2,1
BAAT,0.0005420181293761307,2.0757540846362317,2.2424380780063955,1.8864535940144085,1,2
C4A,0.0005418012190501042,4.576311985854027,4.4707454048848465,4.58881916964773,2,1
MTATP8P1,0.0005402512012641289,2.185829810135985,1.8937162660640496,2.2206458968225005,2,1
ST3GAL4,0.0005383273256068969,6.78263263476272,7.218075287973692,6.786916928214336,1,0
IL18RAP,0.0005377639388743046,2.9512553524245067,3.687914512983306,3.099312651401217,1,0
GPX3,0.0005373153597506363,6.488628288276724,6.691666238901837,6.589884497122277,1,0
SLC38A3,0.0005368253773922882,2.9066374115959315,1.4870403366470408,2.7321075768349568,0,1
AKR1C2,0.0005363492921046451,4.369431289928792,3.710046366998513,4.490233787458396,2,1
APOBEC3B,0.000536239302239522,5.447411207732588,5.391904808302909,5.558125153971901,2,1
IGFL3,0.0005361249713848617,1.1509223090119642,2.2577398815114664,1.1667107552789746,1,0
IL2RA,0.0005359399540196685,4.519683997974773,5.273469087907564,4.5323753177349975,1,0
NKAIN4,0.0005336669418339837,2.4310245870897957,2.0555153576670726,2.522926297544358,2,1
DCT,0.0005307060361651551,1.450772526001497,1.1590946887650906,1.5306062359365238,2,1
SEMA3C,0.0005306697579282821,7.826781490796655,6.817448311070571,7.787226376716714,0,1
MPV17L,0.0005290974636105852,5.466731196480952,4.357093627499124,5.835992081873928,2,1
SIGLEC9,0.0005268841786415795,3.769301601450359,4.328199775935614,3.764618659635015,1,2
MESP1,0.0005265563952763963,3.9917739627986695,4.212081964891812,4.067565399195809,1,0
RNA5SP111,0.0005228575075303016,1.1602036845455257,0.775893595200308,1.3971608325030862,2,1
TMEM35A,0.0005228003453316584,3.437941833677473,2.2262305691382416,3.3521677226403996,0,1
C6orf15,0.0005219894990231475,3.16693593240853,1.02421110144981,2.905815954295953,0,1
ZMAT1,0.0005219262434458396,4.099701006772865,3.6562744840663974,4.415052544024454,2,1
SLC2A1-AS1,0.0005219112981158699,2.925708739735593,2.3058119415892073,3.0461295819099874,2,1
TGM3,0.0005217397139624178,3.7710000859484634,3.116819468853942,3.829958450220757,2,1
JPH2,0.0005213587412898854,4.662218724323379,4.578910407784533,4.730399300584395,2,1
NKILA,0.0005202640041454551,4.5620450843619045,3.6949077194677753,4.470387467742175,0,1
LOC102723996,0.0005192882098506569,3.3341247846551307,3.5117340674443156,3.614273614538037,2,0
MNS1,0.0005192855641274713,4.327328672772349,4.277520050533011,4.689080186313617,2,1
EPHA4,0.0005182785275047381,4.941368407915518,5.821514939109876,4.998787170206503,1,0
SMARCA1,0.0005151748592183971,5.609987191929302,5.5038909150203725,5.672811102481054,2,1
CCDC196,0.000515158805364866,2.1122088419734744,1.932425181537026,2.2302409456240477,2,1
SLC28A3,0.0005150834018420011,4.812386723519375,5.5856695383362345,4.83351850829763,1,0
LTF,0.0005149797520056659,4.729197578572673,4.494194433189008,4.571623920473917,0,1
RHBG,0.0005149321958741681,1.3028707922670333,1.6811810256060504,1.2078037749378263,1,2
FNDC10,0.000514891006340733,5.720292105811542,5.323178109311277,5.685250576103342,0,1
WNT6,0.0005135694178674488,2.383271593832246,1.4997440346086142,2.31876746998523,0,1
SSTR5,0.0005135469418886165,2.8416543071596454,3.3796770029354017,2.903990140899816,1,0
PPP1R3G,0.0005126363210119288,4.431969821215696,3.9031888437318245,4.392071433101237,0,1
RTN1,0.0005124675764115033,4.119850069334508,4.381069259525357,4.238973458030931,1,0
LINC02677,0.0005118863903029524,1.683707748562598,1.9449715307567947,1.6971549045923102,1,0
TIGIT,0.000511386920178576,4.277776660191388,5.156896530049466,4.448890265867521,1,0
MS4A12,0.0005110680377247768,4.034418412486248,2.4897779507769067,3.747255511578901,0,1
DDX60,0.0005109787452509318,6.757256334735315,7.21980397739297,6.74478399884782,1,2
ZNF683,0.0005104173929550762,2.661134582498063,4.110249993830858,2.756815097683216,1,0
TTC24,0.0005102868758941466,1.192973841140291,2.0338846645292916,1.3046083062133305,1,0
DEFA6,0.0005102817786749664,4.558755062373013,2.940569573278592,4.318234348115103,0,1
SERPINF2,0.0005098296236706588,5.212702775765474,4.710553633162897,5.055816276417523,0,1
HOMER2,0.0005097794873881847,3.369655322005361,3.849239102823719,3.496465598244093,1,0
ZNF528,0.0005097261581987103,4.618268852841901,3.996578146681025,4.510193544244821,0,1
SHC2,0.0005087886086209025,5.760711906510683,5.7260022512962925,6.02699007732185,2,1
FGR,0.000508677356437545,5.124682959076413,5.721393966223412,5.111767141995802,1,2
SOX14,0.0005086314799139964,2.7985009794124265,2.3058230425325066,2.862490865032196,2,1
MTCO2P22,0.0005078684389653487,1.9245900871045303,1.9556630088366196,1.9706869226092276,2,0
PDX1,0.0005075919246127194,6.296801369490785,6.024019951176223,6.281828835048771,0,1
KCTD12,0.0005075119180507136,7.119874581634984,7.779797992153704,7.1865552662678285,1,0
CD96,0.0005064993755560671,4.462981299896947,5.181511757213248,4.624421469361763,1,0
PCDHB9,0.0005052834139413429,3.9211207092141223,3.9815965594099123,4.061835532992191,2,0
ZNF229,0.0005051007019635428,2.4135509808949758,2.3080716961560173,2.4382444481461336,2,1
CHN2,0.0005050774020069612,6.811677205543456,5.862310295489868,6.813824784316178,2,1
CEACAM4,0.0005049906039286225,2.056371848010502,2.7858022713934405,1.8834185418877156,1,2
APOA1,0.0005046979162331241,2.0740867478243663,1.6146037500794947,2.428411246914203,2,1
GAL,0.0005046385601388246,5.2827098642010455,4.3453792154723185,5.277353628812606,0,1
FOXH1,0.0005039355048450921,3.064491804471698,2.3221928002091228,3.286656361687233,2,1
FBXO16,0.0005037573963461737,3.816246025252831,4.586395098631724,3.963321931320041,1,0
TFAP2C,0.0005001607384767806,4.303932317942346,4.708004901794703,4.547512710848274,1,0
IL18R1,0.0004990480464958649,4.327610381031348,4.865158539002635,4.472673747761591,1,0
KIAA1549L,0.0004970073821758254,4.013356441426015,5.253521691708788,4.146207261921221,1,0
TMEM249,0.0004967020740440041,2.6419538429122498,1.8880567474310979,2.933697570192137,2,1
IGKV3-15,0.0004966944737123405,5.612623868932833,5.850977873429408,5.714550356311208,1,0
LINC02593,0.0004952729901966192,3.5212501646694307,3.152845063908265,3.5366094494027047,2,1
KIRREL3,0.0004951689397212891,2.449309175573191,2.829685504885746,2.4042941860519558,1,2
PAX9,0.000494209769764444,3.646599198488422,4.794240078465015,3.9922817513853532,1,0
SLC9A7,0.0004939129194324653,5.725321985912185,6.548493995207201,5.767457918749301,1,0
ADGRE4P,0.0004928041123113386,1.9441129786732037,2.510916603956272,2.0915201405076393,1,0
ELOVL2,0.0004924998447357236,2.3266478306210985,2.4292285144447376,2.352214469629006,1,0
SPATA25,0.0004916882335663661,3.7850479963442294,2.4349889112344014,3.879627391470441,2,1
ANK1,0.0004908892970415321,3.637765028633676,4.286275091706982,3.715291908997905,1,0
GTF2IP1,0.0004898492775724225,2.8123652203905736,2.846354189548016,2.81946651026525,1,0
UBE2E2,0.000488861814797803,5.052470382416332,5.206831225633502,5.241037913761045,2,0
URAD,0.0004873755531293786,4.132062752343584,2.38544093302345,4.099251735638914,0,1
GPR171,0.0004855919814458566,3.084609442407997,3.80496752216906,3.267534577894084,1,0
TUBB2B,0.00048350523717170395,3.937897142575345,3.844585445031881,4.0613702622021535,2,1
FCER2,0.0004827446871674166,1.9601264378584482,2.0771789949142816,1.8650504864250472,1,2
DSG1,0.0004819770362185411,2.708010867491583,1.9613842687124126,2.718091050917015,2,1
LOC101927136,0.000481774406760842,1.6657560097026702,0.4437429283961635,1.492616470328475,0,1
ZNF415,0.00048162200488137354,3.998140689851482,3.5586568278452835,4.048064950311671,2,1
ABCA13,0.0004814769481908586,3.509200403648148,2.958519892016453,3.332112171575602,0,1
DNER,0.0004813035598175461,2.2204039536102886,2.7193031807561,2.205429250196551,1,2
TMPRSS11E,0.00048126109013296725,1.0207457049631004,1.138973744720085,1.1187669431798453,1,0
FAM157A,0.0004802894112787997,1.2193403776702183,1.5785596326440277,1.1334293667756985,1,2
CLCN4,0.0004794497384986235,5.539308924463378,5.7704111085362975,5.422437813920305,1,2
CXCL13,0.000478900958701494,4.1200611197589145,5.616015880305773,4.270857091359076,1,0
CXCL10,0.00047784702350643074,5.849083028278661,7.032669372853626,5.889610347628099,1,0
KIF14,0.00047751405488137647,5.897593132976151,6.106393710108635,5.971804829486005,1,0
SLC16A10,0.00047713691942157936,4.840234921585827,5.2709854994060255,5.119216264606508,1,0
LOC101927495,0.000475230808307381,1.5566858778706825,0.5642818858061,1.665826078532652,2,1
RBMS3,0.00047419394002050396,4.553742111689419,4.275755667262892,4.579543178687454,2,1
SLC6A12,0.0004739673708845126,3.3794908857529333,3.9299058778248774,3.3721207521840495,1,2
CIITA,0.00047342966029509923,5.967664331746865,7.031787183033624,5.947941930751098,1,2
TRPM5,0.00047272715381274215,4.044200936373028,3.36973261549059,4.160551412004654,2,1
TRIM40,0.0004708852985799894,3.621901662624855,4.24002307992178,3.549079207443278,1,2
CD244,0.00046964585706797874,3.0832810376162962,3.9772716222197277,3.22237823443158,1,0
RHBDL3,0.0004690663680120932,2.7261656050685317,2.8932793241419477,2.859893275743976,1,0
PCOTH,0.00046893870639297505,2.585264168904538,2.047585584752896,2.669754385932318,2,1
ABCC6P1,0.00046873836918786275,3.9639894617030307,3.230147784796589,4.040916609673524,2,1
CFAP70,0.0004677730584964689,3.608218660387951,3.5187666000020323,3.7162306416758333,2,1
TMEM45A,0.0004675772541725335,4.96723174003017,5.708999513217718,5.16596021997149,1,0
CPA4,0.00046739760239093936,2.1152752200794582,1.5764999176085654,2.1401094221013386,2,1
SYT7,0.0004667615497968965,7.81881615821915,6.60844051296563,7.852776600576851,2,1
KRT7,0.0004658986236386157,4.938888126533619,6.180865014073291,5.11162508607812,1,0
SLAIN1,0.0004651975022083739,3.678177617412933,4.440058581386174,3.9260378357392063,1,0
ABHD12B,0.0004651875208498017,3.6317131471041013,2.3571093130131504,3.783437098794017,2,1
PKD1L1,0.00046467478188674344,3.9517410686852665,3.3937397437113863,3.9810086505336315,2,1
TSSK5P,0.00046320189612741603,3.222051948517785,3.190920746827943,3.4213650828362563,2,1
MMP7,0.00046313669734567974,6.987600203064164,6.163021699682411,6.778957901305235,0,1
SOSTDC1,0.0004620955019221565,4.810107682533956,3.221422619563473,4.726455436372951,0,1
FCGBP,0.0004617428314863655,8.694858217494298,9.677558358321262,8.635148822132498,1,2
RTBDN,0.0004615099223569526,1.4225174211549487,2.1801983051825746,1.4113028340506928,1,2
FOXD4,0.0004610016996286749,2.102883590261178,2.906678200649093,2.4239091071405263,1,0
CAB39L,0.00046083729859884885,6.5653681878841965,5.200122330220313,6.621706336023861,2,1
ZNF730,0.0004606016970736268,1.5999525702235065,0.8496711231795692,1.361652224828625,0,1
NOTUM,0.0004602986994093373,6.388743954768112,4.201160444203954,6.351969531497435,0,1
LIPM,0.0004595310461780171,4.393213221716258,4.1374055772652305,4.514924060591246,2,1
UST,0.0004588732485365953,3.9479907242480126,4.786454690630459,4.030017649410762,1,0
PLCL2,0.00045827993096481237,4.866197731933755,5.8710130874251565,5.075125182234167,1,0
STC1,0.00045796952005175125,5.992844002811663,6.397396291242171,6.042583975589636,1,0
SLFN12,0.0004576518329878188,3.7372328608858982,3.897610583720271,3.721387964544101,1,2
SOAT2,0.0004568182805348304,1.273678080135092,0.8546347950890476,1.3012895692053952,2,1
AGBL4,0.00045659000790635547,1.7926771698236752,2.7029963913808754,1.8851411329181733,1,0
HLA-DQB2,0.00045487794826766623,4.8642879032083695,5.369208003039475,4.766300980171911,1,2
RPL21P16,0.0004543166804553974,4.97302071596212,4.711633084681855,5.214638307523515,2,1
SERPINA10,0.00045297675502891884,3.3037298423625026,1.5818896645107448,3.2438351595476145,0,1
NRG4,0.000452753163884805,2.2807977509627544,2.48786338656837,2.449054063113338,1,0
NEURL3,0.00045224510214939923,3.8549552480732507,3.7121656708201685,3.775187146542847,0,1
AHSG,0.0004518226601709473,1.6001458058048366,1.0517156287584084,1.841088539615404,2,1
CCNP,0.0004515959637157427,4.615372809217771,5.230815230177572,4.490614280307157,1,2
NECAB1,0.0004513980962670355,2.814130934012184,2.6315973666172097,2.8536241923703187,2,1
EIF3FP3,0.0004508858105322803,4.879936751979213,4.972189383524727,5.003081504520433,2,0
ZNF264,0.00045075968715900506,6.128743657176611,6.518334781341852,6.194977289995263,1,0
LRRC19,0.0004503939968359855,6.334944475197846,4.813396098844953,6.162292879756321,0,1
SCARA5,0.0004499683291366088,4.21224484745191,3.354459313308881,3.977601955382777,0,1
NKD1,0.00044985010279008434,7.745109499746337,5.736149927057743,7.577120001458296,0,1
PRELP,0.0004494425998593361,5.585002131453318,5.2687607640080625,5.719251105614619,2,1
SIGLEC15,0.00044836920000534627,3.79626332920783,3.5823302171026574,3.786158352024502,0,1
CCDC80,0.0004482331812194479,6.800712396156986,7.00138032319077,6.87669940992949,1,0
AIRE,0.00044807954318148286,1.8931080093840513,1.003911628423143,2.050472457054491,2,1
MYH7B,0.0004479291340707411,4.682820379570623,3.681221384052454,4.77331969385651,2,1
GOLGA6L4,0.0004479238311894953,2.69561741885507,2.7361398247725783,2.812419606754301,2,0
TMIGD1,0.0004475982798127664,2.268942034475818,1.3944611413143708,2.2459503561879157,0,1
C19orf81,0.0004475513848944631,1.1631729784816984,0.8827878422658642,0.7415985512977031,0,2
FER1L6,0.00044727352772766716,3.702374495921712,4.999079125661151,3.803317809654184,1,0
UTS2,0.00044712984290207485,2.4141419174602112,2.518042998533457,2.8231940958779846,2,0
AMIGO2,0.0004467441886958206,6.4757598602327215,6.196985139328789,6.656483202280576,2,1
PIEZO2,0.00044650173837524395,4.41902139504605,4.103045975636944,4.347305721160104,0,1
TRAT1,0.0004458151729490038,2.4792096222242064,3.153791276735352,2.6239509779514507,1,0
ATP13A4,0.0004452683808218703,2.8556442369020782,2.8423521106739678,2.953869768466616,2,1
GPR55,0.0004450366379894362,3.114143584731023,2.714844117173426,2.857243355731235,0,1
CACNA1C-AS1,0.0004445414059376438,2.3604414046403956,2.0827602128366594,2.5662575983814797,2,1
CXCL8,0.0004439499510108604,7.080816648085635,8.143468407243128,7.084177951833452,1,0
THEMIS,0.0004399866608078529,3.156261524572759,3.69627743191304,3.3162588984903305,1,0
PCDHGB4,0.0004397787428867699,2.301518619768641,2.1196051018242317,1.9880647316513258,0,2
PLSCR2,0.0004394273801704478,1.8792724999529726,1.6342000776512606,2.140832284868088,2,1
DLEU7,0.0004392038414562989,3.309762925940226,3.151967365979504,3.46114371599024,2,1
HOXC10,0.00043862860949444915,1.2868971464126584,2.978465696508837,1.6299286863401299,1,0
LY86,0.00043853588100264864,4.0687210366240425,4.351431063190636,4.180263090718589,1,0
STYXL2,0.00043802605620509597,5.123705182532964,3.470049121913699,5.061793425910021,0,1
CYP4F3,0.00043685437054289365,6.442434356906788,5.526865687315903,6.31158868941859,0,1
ZNF536,0.0004359263502445077,2.286720077761106,1.3585107734038466,2.254155518265412,0,1
HSPH1,0.00043532691308584303,8.93115793974086,8.005956383618164,9.01044946725055,2,1
GUSBP5,0.0004351614346359198,3.024702535559215,1.7816540496922753,3.0003380063591574,0,1
L1CAM,0.00043502128820033817,5.271442019720719,4.37653559674442,4.884488405088566,0,1
DYDC2,0.00043441583231076784,1.0331940986023789,0.4142232013409769,0.9066384537661951,0,1
MZB1,0.000434404767993843,5.39506380824409,5.532107278758299,5.433756220188037,1,0
KIR2DL4,0.0004343203991010762,1.6843448471893596,3.3252104627005257,1.7362723905373012,1,0
AMELX,0.00043420103217167174,2.090608204399798,1.1131720449661195,1.8792433518570817,0,1
LINC02538,0.0004341408647096345,3.043106993181162,2.02003488122308,3.0084381558731534,0,1
FUT6,0.00043278415591367983,7.138527258168488,6.758196566979552,6.869247614351437,0,1
TRAF3IP3,0.00043134606346760393,4.470357792477794,4.822160692075588,4.683742026347298,1,0
CAMK2B,0.00043084732762818206,2.138641812592181,2.047202154430089,2.211708805286251,2,1
RNF157,0.0004299975879450825,6.949285242560657,6.002611823004623,6.677523995839045,0,1
HYAL1,0.0004290885299907487,5.037925368354477,5.689716418826177,4.8628892147630856,1,2
MCTP1,0.00042883325266080145,5.005885014382925,5.470910143722862,5.00520648137453,1,2
SULT2B1,0.00042879380801328596,6.697723134440137,5.896634696827936,6.612193323620011,0,1
GNGT1,0.0004283785874047538,2.0309989923791467,1.2068180061468694,2.1146335835633985,2,1
MAB21L3,0.00042835285026946937,3.961047857775189,2.998282722739007,3.794592888611453,0,1
EBF3,0.0004282644458960072,3.089671033264777,3.204904443158761,3.2884357439644702,2,0
EEF1A1P16,0.00042667862028066846,2.5657839354096286,2.689186214461988,2.702334342679724,2,0
IL6,0.0004259947813783714,4.14069073504021,4.757478727005516,4.361273645738239,1,0
LOC105372321,0.0004257964058412848,2.1407837897916835,1.6480060325504928,2.2918675815672347,2,1
FENDRR,0.00042560001758265147,5.832515864820699,5.010586507474095,5.643484922600605,0,1
EGR4,0.00042396439987815563,1.9023088314517267,2.114822849693854,2.206394243085134,2,0
HOXD1,0.00042388876389222864,2.2262937002363516,3.01423279585311,2.2908312989893864,1,0
DGCR6,0.00042323662229736496,3.619655867185858,4.090429819023506,3.770609898987204,1,0
SP5,0.00042296766020847036,5.735433289449192,5.4295585937036615,5.773997101938341,2,1
JCHAIN,0.00042254200179300046,7.993520459971625,7.75176496185337,8.062131824362028,2,1
SERPINA7,0.00042244291503895615,2.3740036719310695,0.5964949534123657,2.1940738292554287,0,1
ANO7,0.00042228754719427793,5.128073404335524,5.523768147640137,5.2215551563719105,1,0
LINC01602,0.00042200830050705346,1.702975410597402,0.7941601475356503,1.8513702290499274,2,1
SIX2,0.0004213145701859626,2.873455465384214,2.1727194672027577,3.0060134263288227,2,1
SLC38A11,0.00042064262184153306,3.8008412492453605,3.015358117636595,4.2000570597503755,2,1
LINC01134,0.00042006612389682403,4.158946947806355,3.2396330431343667,4.238932329677388,2,1
SOX2,0.00042005561346647555,2.3871012251391446,2.4742532503573087,2.723231820347376,2,0
FRMD5,0.0004194405309936745,5.241929005055067,5.421864231479806,5.3493604291595265,1,0
FABP2,0.0004193955123945867,4.599335085525159,4.738653934001767,4.482441498842904,1,2
CPN1,0.0004191091100951429,2.2431467300021946,0.551470152656293,2.067334832017368,0,1
PEG3,0.00041861995078656944,3.4530670624381097,3.248869914499891,3.4856467900974795,2,1
S100A7,0.0004185647682617287,0.9947448113210561,0.9801026700247011,1.0901121134538425,2,1
HPN,0.0004182016359477958,3.558397627070223,3.0903412901281557,3.5502653062665614,0,1
RPL34P31,0.00041776342714191855,1.7685516955877993,1.6240093355878795,1.8520962167717554,2,1
KCNK17,0.000417564067521671,2.7263763446158613,2.0931526440983674,2.87185480507598,2,1
SOX2-OT,0.0004173615856206806,1.4896577418811443,1.5942904313497142,1.7961978322884307,2,0
NINL,0.00041695754777273367,5.30967348809925,4.1128344622948685,5.087515129518071,0,1
WFDC10A,0.00041665482281926544,1.3149390184327332,0.39613496398866305,1.3666351618178754,2,1
IGHV1-14,0.00041630108452553907,1.2683982182465745,1.0881114654520694,1.251246382061424,0,1
IGFBP2,0.0004151564414139949,8.29376378150441,8.024743049511656,8.463196408306723,2,1
TRIM6,0.000414583651939474,3.430217290197673,3.226081885877495,3.5537229946107,2,1
ALOX15,0.00041453911346953136,3.5756939670124512,3.1050096640838567,3.9186896131215154,2,1
SLC66A1L,0.00041423982745441494,2.023640333372291,1.7789960287423263,2.187956085644189,2,1
DDN,0.0004134254349991701,4.530062868712387,4.249165589045626,4.566622757162292,2,1
BEX2,0.00041291230621333803,4.4228489060144005,2.6692579583583913,4.035959585761388,0,1
SIRPA,0.0004124079356211195,6.870175519321035,7.048573879497716,6.802140144152972,1,2
KRT20,0.0004120482872943686,8.812641187159691,7.447099924056921,8.849666645368991,2,1
HS3ST4,0.00041093488746035467,1.178165139852418,0.7053864523603541,1.4210092149498428,2,1
SYCP2,0.0004107450214602945,3.5385458933863427,2.830744070545681,3.809554324765855,2,1
RHCG,0.00040968774280952867,3.9460207207108207,2.460881394374983,3.66149915092041,0,1
GPR174,0.00040909640217044366,2.018576568140555,2.58006132892116,2.1827178788843224,1,0
RP1L1,0.0004088829495493117,2.0934808693514864,2.0450053883340984,2.179124626662724,2,1
CNTN3,0.00040859955515029,3.1951901379628866,2.1099044097231086,3.37775673964177,2,1
LRRC2,0.0004078876794359738,5.158862907554716,3.554199821834508,5.0416495339247245,0,1
ZNF345,0.00040631674432764145,4.50028974831285,3.5752391468394866,4.510693850960476,2,1
LINC01550,0.0004061571015128993,2.0275217804001864,2.9984298590397307,2.1489526764047087,1,0
KISS1,0.00040568473823208285,2.9630174951385393,2.3987668504869806,3.221897049042736,2,1
C14orf132,0.0004045739644392414,4.922581761416238,4.775455207281817,4.793968165794073,0,1
VWF,0.00040448831745208523,8.03426460974148,8.132045696973636,8.021857398437144,1,2
CCL24,0.00040426899667652847,6.814896362066016,6.220728849883028,6.517116363487262,0,1
XIST,0.0004041638396784569,4.060291387668249,3.7836843575678913,4.856787685423445,2,1
SLC2A12,0.00040393559724155245,5.375151909353606,4.2468863279272835,5.153785917924597,0,1
FGF19,0.0004037127682983515,3.398252533305024,2.024519107144414,3.3767855677445144,0,1
MROCKI,0.0004036084429271258,3.578428347728529,3.1726068495730475,3.8035275718439827,2,1
KLHL3,0.00040349736836017743,5.314368595876156,4.211764277788413,5.340739450188123,2,1
DUSP15,0.0004032739608042038,4.158906374496654,3.2820607908997275,4.05267277840827,0,1
SPOCD1,0.00040320456373437493,4.3527920115992025,4.596915212874963,4.288463040742029,1,2
PPP1R14C,0.00040265258579249435,6.418248393211171,5.055296820755407,6.273369578745572,0,1
FMO1,0.00040186811179186363,2.8877330700241495,3.6254404804411355,2.9815213995364993,1,0
ZNF804A,0.00040129789691556293,1.7920016231726454,2.148072189182029,1.863667036737752,1,0
POU4F1,0.00040120489468461443,2.2909993535875155,1.1394332507696645,2.3409196901869156,2,1
CEACAM5,0.00040059542983751515,11.643536561776761,10.654063481835477,11.631010856292251,0,1
PLA2G3,0.0003996788297974719,2.633756780012346,3.6621639042427003,2.3394193315661096,1,2
ALDH3A1,0.0003992011360567862,5.361449550904218,5.309180415187176,5.4708863312935065,2,1
PLAC4,0.0003989787337647079,3.3301194651417414,3.1580194344650456,3.443530371386372,2,1
TESC,0.00039844530566542183,7.21274749930932,6.950834466816661,7.032537493726856,0,1
SOX8,0.00039775280281725595,3.685652759547629,4.727867424063813,3.686073118412093,1,0
DOCK8-AS1,0.0003976838595079891,1.9506427472816148,2.7821696569812038,2.1912164250439004,1,0
DAB1,0.0003965797736294584,3.137804419691886,2.7034312368281443,2.8230081872161903,0,1
RHOH,0.0003965260092847921,4.567796115617472,5.228321313490779,4.572716170714157,1,0
ERC2,0.00039529108677000723,1.9512886176344135,1.8731861056105745,2.004600875485726,2,1
IL34,0.0003951395238576832,4.9599686978180735,4.074878232984782,4.958570310581688,0,1
IYD,0.00039467601301712823,7.195802580885121,6.093455033873732,7.156770375107382,0,1
PITX2,0.0003943286387630536,6.064480259694768,5.542630010432724,6.117847579379851,2,1
SMIM24,0.00039305494803772856,6.761100404796063,6.044981804996729,6.697869736421943,0,1
PDE4C,0.0003929046467090973,5.504536066852524,5.6722660132346805,5.505413389167074,1,0
TMA7,0.00039278853378430737,7.668123836043913,7.724831645004787,7.751114240233874,2,0
SCRN1,0.0003922429487396221,7.378410155279711,7.027074683052773,7.401477481335835,2,1
SLPI,0.0003922297389349335,7.192913788930697,7.325517838744179,7.230095877362397,1,0
CYP7B1,0.00039222819792960917,3.1880598120517645,3.3434202220492644,3.2043568801058044,1,0
LARP6,0.0003919119761670075,5.207014768798679,4.336532282784484,5.052040746494166,0,1
TDRD9,0.0003918118772573974,1.9820853976400001,2.350956142275714,2.2162149784668435,1,0
CABCOCO1,0.00039141149556474797,1.8759355663390773,1.2659002162302908,1.9887717529775475,2,1
TFF2,0.0003913857031972641,3.6398442136816507,5.303168614008881,3.9741490992274895,1,0
RGMB-AS1,0.000390902222404275,3.804970782799868,3.97052320374762,3.7226649819400257,1,2
PGM5,0.00039065880937489333,5.414095163773484,5.1743430462489775,5.655883821586141,2,1
PPP1R16B,0.0003903208509571545,5.1973198254176936,5.640626485347247,5.222901947520374,1,0
LRIT2,0.0003896610065330486,2.9896645074957817,1.3819024896924346,2.99331860551581,2,1
NTM,0.00038955660553778967,5.357800578726263,5.528328139362169,5.268215556781752,1,2
KCNH8,0.0003894396444570885,4.972045126764895,4.683714800283729,4.918140749270456,0,1
CASC9,0.00038917034840598764,4.911648770333613,4.304894122844889,5.440020972376348,2,1
CREG2,0.00038906795671774544,2.7728921009869993,3.461008582473716,3.2074031037053095,1,0
CACNA1I,0.0003888663456044014,2.4106070799479493,2.0916221683998715,2.4150086456602113,2,1
WNT7A,0.0003880505248144793,1.081730508076823,0.8246931259629381,1.2643039453914124,2,1
MSLNL,0.0003878480340232547,1.4868542661266966,1.7082973892924596,1.300936081761494,1,2
NLRP7,0.00038754575546687194,1.4870608559338578,1.5463226526840719,1.394334651447287,1,2
AR,0.0003875236074840674,3.6247295419659604,3.4343555933309218,3.7941904807134272,2,1
OTOF,0.0003863203368025966,2.3545885720655604,2.4404859693171805,2.395612022834126,1,0
KCNK3,0.00038576985959979927,2.5804264564939845,2.7557678957147442,2.5946014059151157,1,0
SLCO1B3,0.000385345483903349,3.441201446054122,3.578376012511218,3.62250580196087,2,0
RBP1,0.0003852634143451275,5.983239130113441,5.03854193016879,5.899944700681435,0,1
DPYSL3,0.00038439450783917,7.626894215444899,7.582465872388507,7.655586747466024,2,1
RRAD,0.0003840086326917864,4.27996211590595,4.443781043368481,4.41614524534708,1,0
ZNF793-AS1,0.0003839224848380036,2.3096811006720155,1.6148185962899981,2.1940761583609785,0,1
LINC01443,0.0003834780158285533,1.9489084238528698,2.7245439657345374,2.0964435050798036,1,0
APOL4,0.000383321385008956,5.278847327012914,6.1186046692577145,5.205498306048879,1,2
TFF3,0.0003833011230032864,9.762322358350266,9.981005472185908,9.9194656342777,1,0
ZNF66,0.00038297473775584243,3.4630231470323274,2.3905524338918243,3.592244335594318,2,1
GJC3,0.0003817446139422879,2.972382285644779,2.019653854363405,2.978301761274025,2,1
DELEC1,0.00038150671750557567,2.3466532779709413,1.490792713272082,2.5246451964391934,2,1
PPFIA2,0.0003813700110340814,2.529449614767678,2.4069191954178932,2.5613121742277762,2,1
TMEM132B,0.0003811304812330724,2.5940724396790764,3.01653087143211,2.588088969026423,1,2
CACNA2D1,0.00038108979802430884,4.634296749189661,4.5903477285909515,4.667393054948789,2,1
AGPAT4,0.0003810569466212603,5.1515837150529515,5.781000097255786,5.261571919350809,1,0
GRIK4,0.00037986683593199146,2.0491444440689035,1.805275027091858,2.2315881120177026,2,1
CITED1,0.00037958070047551474,3.294060681510568,4.068581855135112,3.346953836168061,1,0
MPP6,0.000378970446797826,5.674289715817232,5.642486102463211,5.752710720981036,2,1
RN7SL834P,0.00037833195492501355,2.056841218481275,2.455273447740122,2.320745873608263,1,0
RN7SL3,0.0003783269631905731,2.464174745311576,2.8844900247212375,2.186258843775823,1,2
LOC102724301,0.00037778733007571316,3.004447403035084,2.711285472836276,3.0179247438643553,2,1
APOBEC1,0.00037715678192564735,4.815630952548756,4.373156244274907,4.9885792379180165,2,1
MSR1,0.0003762128318200058,5.634744173068214,6.3477208231921445,5.70866823736168,1,0
DSC3,0.0003759679081899726,4.78545837547359,4.500072439735348,5.0626690266886305,2,1
LINC00958,0.00037596023510310024,1.7515372004972776,1.3455784708177096,1.917600014695909,2,1
C19orf18,0.0003747315920899968,2.2629888605139254,1.1793082439350757,2.4529271909205095,2,1
CWH43,0.0003746661235597852,3.482653824150284,1.8553721768201168,3.382489816820011,0,1
CARD11,0.0003737952754483766,5.875388640089951,5.343075626609127,5.863818201406784,0,1
GAST,0.0003737688316732265,0.8810583310077595,1.0476187708728626,0.8719834667010117,1,2
CD3E,0.00037367760477694846,5.496448004866938,6.045211520184732,5.638871305859503,1,0
LYPD6B,0.00037365809958483394,4.616159318676533,4.993969676922146,4.616896727314908,1,0
ZNF750,0.0003736205649302347,2.264806504231735,1.8870504956259737,2.311557888755513,2,1
SLC7A11,0.0003732934107824707,6.416934608059996,7.053073612206719,6.480527679912128,1,0
CST7,0.00037297000554672766,4.712821259484421,5.03572334227655,4.558718270987559,1,2
PNCK,0.0003728798340687024,3.3764513292634857,2.847708100218371,3.482685551069934,2,1
GIPC2,0.0003728483703035725,6.9853743069574685,6.551871105468718,7.036192295884319,2,1
SLC43A3,0.0003726748612435668,5.837536017263356,6.518120421661996,6.016990277839014,1,0
MEDAG,0.000371675374769004,4.423063305526525,4.691545300041799,4.5553612190182475,1,0
GGT6,0.0003715460185688001,7.440763414087091,6.9128038950931,7.3711044157095165,0,1
GUCY2C,0.00037101641325965604,8.014840563276797,7.028583529557982,8.143686145383892,2,1
SCNN1B,0.00037070964744099957,4.762079259664805,3.0451228341566883,4.7062719884811735,0,1
IGLC2,0.0003698457870306975,7.3277180638066355,7.681223556605512,7.521985003366525,1,0
ZNF90,0.0003690443876744881,3.3145546329769635,3.0127584072607374,3.617172580093414,2,1
PNPLA1,0.0003689076112875384,3.0528914722641587,1.8520458360679144,2.981641067605161,0,1
EFEMP1,0.0003687633832601019,6.566990425455755,6.312001843819134,6.593561269376619,2,1
FCAMR,0.00036875494395980296,4.05005164573956,3.9588410661444384,4.237425073844484,2,1
IGLV3-25,0.0003686664602695608,5.305372076375252,5.872315804933248,5.393653937953774,1,0
IGF2,0.0003681654801781545,7.728703462798189,6.6717243255817955,7.547169137031407,0,1
RPL9P8,0.0003679488161503829,7.775155556411543,7.749445607098931,7.831014971096781,2,1
KRT36,0.00036760135394121646,1.954961744700146,1.565410297095202,1.7909644210105793,0,1
CSF3,0.00036729836621979,3.6305701477874703,3.7753034287770855,3.7725569840000053,1,0
CDA,0.0003665150689848518,5.956407419618856,5.695931602897419,5.705384117173502,0,1
FAIM2,0.0003664600754954377,5.962913645518837,5.181090319217953,5.760005508629878,0,1
ANAPC1P4,0.00036629648598078074,2.6158015903137914,2.7095240240985694,2.646668336128628,1,0
PARVB,0.0003654337915517833,6.8920957928346,6.897769244123353,6.670518938091605,1,2
CCL25,0.00036528355143490646,1.7006398745732676,2.1389155133310633,1.9617038887149267,1,0
NXPE1,0.00036456122121797494,5.520530687780439,5.0969225537982075,5.160424901977034,0,1
GGTA1,0.00036445810101852234,3.9448505316280036,4.191637772441518,4.13087154864398,1,0
H1-4,0.0003639729212843065,2.273579358616738,2.5953938415169593,2.193068010927144,1,2
CACNA1E,0.00036396637461510816,2.754412948951332,2.892554381413025,3.075395476500126,2,0
SLCO1A2,0.00036348477685084946,1.5031846388556858,1.3413356192750383,1.997723456272534,2,1
COL4A6,0.00036329308586719773,3.2035515691207177,2.2635494532111196,3.108309475028013,0,1
PLAAT3,0.0003632047929068101,6.932583956670992,6.999181943504767,6.970004048454369,1,0
LGR5,0.0003626953708845513,7.601759428339393,6.851823252228359,7.679436676342312,2,1
NEURL1,0.00036246608778378196,5.221717162356403,5.814772726525795,5.281184905660116,1,0
LOC101927793,0.0003621974807789961,1.2887328347206517,1.7774002019109854,1.4024359325594131,1,0
SYN2,0.0003617179731086691,2.7100786486914124,3.0198074293267285,3.0626229336542825,2,0
KCNMB4,0.00036163946226272834,5.088445256418242,4.108794437802748,5.136475194550598,2,1
GVINP1,0.0003613971277319316,4.008052554936401,4.502357714197089,4.148687260921268,1,0
KRT13,0.00036096922798367826,1.673262309280063,2.4536942071809142,1.8020453075498182,1,0
COL6A2,0.0003608283147958393,9.331381147956304,9.395553630293659,9.19740744493325,1,2
DIAPH2-AS1,0.0003602976982295349,1.6326317509100727,2.0610645975782442,1.7407750572288399,1,0
ACVR1C,0.0003602042231288628,4.952401078886216,5.214973296184083,5.020433633663224,1,0
TMEM272,0.0003597200932721606,1.457808116789034,1.2838840764800663,1.813039789371371,2,1
TMEM150C,0.00035909162313912355,5.4439595356133905,4.412967172853416,5.439378924154328,0,1
SCUBE3,0.00035902564972664435,4.563077000523933,4.088658511111136,4.727839685244332,2,1
ADGRV1,0.0003587049964585052,3.1772168676439136,3.091105125987124,3.207576184921382,2,1
ITM2A,0.00035858078401957674,5.072661567701963,5.477285896412178,5.207548851739351,1,0
INSM1,0.0003583722816121827,2.36395703183455,3.589997031245577,2.614313555054759,1,0
NEUROG3,0.00035806380303658703,1.6411530529479759,2.433875346428946,1.6537808472266184,1,0
CCR3,0.0003578879907530773,2.3088072143061806,2.0412273000956165,2.162596497229988,0,1
RAMP1,0.00035632828896550956,5.286157884096753,6.854612784123011,5.484091566711204,1,0
ZBTB10,0.0003562753880566703,6.74426632375181,5.876372733793616,6.821717941482437,2,1
AKAP4,0.00035601832476813257,1.065109293644476,0.7853679852664965,1.300855646716865,2,1
CCL5,0.0003558646259637171,5.8791294138651375,6.939512227062606,6.008838081890621,1,0
KRT8P7,0.0003556972814228333,2.3359384433414907,2.4668447977181076,2.4249930433572477,1,0
PTCHD4,0.0003551952686663805,2.619964934832562,2.518331887808885,2.3851236970036926,0,2
RPL21P75,0.0003542506779565361,3.000479457681389,2.7087365715174463,3.3504680130737534,2,1
TRAV12-2,0.0003542342373786594,1.6139542475449968,2.075970142462366,1.756642364059625,1,0
ARHGAP10,0.0003537720443757606,5.221764882346823,5.966855636161003,5.282937658171844,1,0
SLITRK3,0.00035357855602514537,1.142274250746214,1.111856786286008,1.3562594334864597,2,1
FAM167A,0.00035347648650461787,4.432523961466203,5.625745604056826,4.470904998842909,1,0
HOXB5,0.000353333176266108,6.381278258343097,6.090861616586495,6.483797342539389,2,1
ANKRD30B,0.00035330696480716294,1.2049916415860236,1.30345943629021,1.214819865806594,1,0
PCDHA5,0.00035322671384500887,1.103139951591098,1.2307709860336091,1.2629877862131922,2,0
TMEM179,0.0003524397024032601,1.69999505056827,1.3606451748411326,1.552726564611812,0,1
ICAM3,0.00035217338424806696,3.6031799522018693,3.8013538602663575,3.549817442184012,1,2
ZNF529,0.0003514512544336162,5.663508030947126,4.785132864034877,5.603222064720703,0,1
CD2,0.0003513598101792874,5.272749420162213,5.91172083974406,5.4502475905735,1,0
PRSS21,0.000351314501501389,2.3109576110696426,3.174693269675626,2.3691174155832733,1,0
CCL17,0.0003513132372955686,2.171319677895259,2.432554292365539,2.383993377968437,1,0
DOCK3,0.00035093066001786865,3.0552162659436295,3.4994986248192315,3.3441270020605036,1,0
SHISAL1,0.00035049695688983034,3.9451193900655808,3.8216267180124315,3.7771609323451356,0,2
ELAVL2,0.0003502853776905075,3.027866859284691,1.2759289778369864,2.8914637235288967,0,1
CCDC175,0.0003496790348084284,2.387173053952462,1.2944816322462052,2.4443678775362874,2,1
TMEM72,0.00034965537791424475,3.191935915326473,1.901840107093454,2.963706283120137,0,1
FLRT2,0.0003494028060557322,4.784011040605755,4.5626228862181355,4.780889631285915,0,1
UBXN10,0.0003493670991650238,6.19779253415856,6.387074788488588,6.017390739854652,1,2
IGLV2-23,0.0003491744089413208,5.924691049998891,6.074141638856213,5.908912060013154,1,2
H19,0.0003491321617967453,6.014844057675352,6.347551948724273,6.2679276812694456,1,0
RASD1,0.0003489504645865345,5.27653489359567,5.748317712372669,5.3119578772151606,1,0
PNMA2,0.00034779607464730086,4.290227818390052,5.254916767376863,4.396829801409839,1,0
RUNDC3A,0.00034753054440123885,3.0312167511226678,2.673129263503219,3.2636704295206,2,1
TBX15,0.0003465884172030666,2.9320109533099425,2.980388884595397,3.017422160898589,2,0
FOSL1,0.0003465338206061623,5.99937805505948,6.3694862314253236,6.022312769794211,1,0
C4orf54,0.00034621471851502977,1.1239288122798607,0.6108363404808664,1.1064988679613361,0,1
PDK4,0.0003458354846674705,6.150004571205409,5.772388286341675,6.401456724308956,2,1
IGLV3-16,0.00034523618693956123,1.8941635427315078,2.1187050345273994,1.8436822225256546,1,2
DES,0.0003446979999805179,7.167620436627759,6.509665026863204,6.996574244824558,0,1
AMH,0.0003443264275857594,3.5887764617374005,4.277399938481497,4.1015586606606345,1,0
MYEF2,0.00034414792375330816,5.420908475385906,3.7780712180998806,5.4950445968698,2,1
B3GALT1,0.0003432355466245734,3.2385312594279885,2.4782103381908454,2.998117337447199,0,1
LRAT,0.00034318731389535156,1.4147543273685048,1.3266640798112956,1.2562838110399206,0,2
SLC26A3,0.00034286092765658437,7.4621645936645535,4.8027022209713355,7.171848784242131,0,1
CELF4,0.0003424940096523815,1.6058253596266014,1.7078205659522907,1.6685729248514578,1,0
WDR72,0.00034222380528266765,5.35855230558839,5.434498150748925,5.816298789378108,2,0
SPIB,0.00034194338141330224,3.6012661296982187,4.048383614748822,3.600213612443529,1,2
IL17RD,0.00034181402146631805,5.794558194481057,5.417436782255119,5.717679481199856,0,1
NWD1,0.0003408272137470028,3.5624799420129767,3.0367552927969794,3.5240178653265435,0,1
C3,0.0003407083659162579,8.199022086102604,8.426850522027584,8.156551602489847,1,2
RTL8A,0.0003406310566177785,6.802652757221172,5.883488213630624,6.509401036472113,0,1
SPIRE1,0.0003405534944483779,5.524298465266707,5.793605435821896,5.551722844684662,1,0
SELENOP,0.00034011395703491303,7.373514853397505,6.93393598379425,7.4928299082837615,2,1
TNFSF9,0.00033993032609929666,4.9871310652455305,6.12472382967155,4.838892519979986,1,2
TLX2,0.0003396683681477713,1.935198298471087,2.103372066625152,2.1527961956687833,2,0
C8orf31,0.0003395687137924291,2.3494541063768053,2.473891929612092,2.4839858910638166,2,0
LRRCC1,0.00033922862850862363,6.716052102866696,6.452536836822191,6.8870891580456375,2,1
HOXB8,0.0003391715644691673,6.741226433561251,6.106745213371149,6.7536993503889,2,1
SYNGR4,0.00033862433862433863,2.055496705472886,2.744246177851319,2.095509477224856,1,0
XIRP1,0.0003380437702550751,2.5228107011724625,3.070304759849901,2.5935292058317954,1,0
FIBCD1,0.00033798427535227423,4.946393164727729,5.737479046935814,4.849481749647812,1,2
DRAXIN,0.0003374945612145039,2.884034862879164,3.3034321862147413,2.730158781536255,1,2
EGF,0.0003373703372183158,3.400639056796397,2.4440673910993422,3.3039900003867135,0,1
NFASC,0.00033656490689827905,5.87749837405698,5.098556590545931,5.9110563118417065,2,1
ZDHHC11,0.0003364810087939525,3.747229876756193,4.034601512783355,4.328182128642187,2,0
CXCR1,0.00033615606226541835,2.8637256374250635,3.4825614008234327,2.6677429025913177,1,2
MIR3142HG,0.000335778890410822,4.332435925231701,4.26976918075133,4.589318767099305,2,1
LINC01451,0.0003355786727663347,2.871700379074757,2.017362336983814,2.7925841283987975,0,1
TMEM178B,0.0003353693347222582,4.419306230565078,4.201385419594065,4.576196481104314,2,1
IGKV1D-17,0.000335139930725486,1.7092859972379886,1.9013386760296065,1.963063531214852,2,0
AMOT,0.00033502389327601836,7.180267691582886,6.647712659395841,7.002609684541975,0,1
CHST10,0.00033476877722311274,4.22208045955127,3.930514447655902,4.37477273736953,2,1
STAC2,0.0003345461508094723,1.472450229653845,1.488640742447691,1.449719107668419,1,2
MYBPHL,0.0003336585335509789,1.753019533748535,0.8764960955064832,1.4643986874212807,0,1
RPL6P10,0.0003332194373960862,4.9483570987759204,5.071361619403794,5.016579027808162,1,0
MIR4713HG,0.0003324973597400611,2.1703792675764086,1.7996139135532392,2.257188171097189,2,1
NPIPA5,0.0003322689830069573,3.0863554368787893,2.951070546750642,3.4101642546958537,2,1
FFAR4,0.0003314294406631588,5.566202322860886,6.67949171438826,5.705534001980891,1,0
OR2A7,0.0003313895719581442,3.112932462292504,2.539885254534928,2.8708025324422346,0,1
HNRNPA1P27,0.00033136499489800324,2.5662047836636406,2.3012458571116623,2.917036986790668,2,1
RHPN1-AS1,0.0003312594535312693,3.890376814597654,3.1381332908994506,3.9039526805742675,2,1
IL17A,0.0003312054103035844,1.9246266642189447,1.3476218815887817,1.8352602298682266,0,1
SRGAP2C,0.00033118944127089343,3.784539874779121,4.478503332972597,3.8681591112705793,1,0
ITGB2-AS1,0.00033102011660666834,3.1219982412307874,3.368363799942626,3.407800955521742,2,0
KRT7-AS,0.0003310166380155617,1.640305573230186,2.140143956255046,1.8562914340621086,1,0
HOXD3,0.00033075739149870405,2.1039347548180616,2.9091117402691387,2.3224923085550007,1,0
CSF2,0.000330732276278752,2.3473240825366446,2.852234991506974,2.4633153840616973,1,0
NTRK2,0.00033058287805108936,4.699660368277605,4.082267768171201,5.065854882277167,2,1
SAMD9L,0.0003302630037988062,5.9989361776349925,6.89904874910165,6.060125793706836,1,0
TCP10L3,0.0003299803824602092,1.9919310608757443,0.8077916609594656,1.9283496891270384,0,1
GRIN2D,0.0003297946835520459,7.059024867036176,7.148960740139044,6.924289188307036,1,2
HMGB3P29,0.0003296635208656766,1.7594958439827157,2.273114921247184,1.7545354513910176,1,2
SLC25A27,0.0003296593192348684,5.1629629816144025,4.39439430527238,5.360455688493424,2,1
CCR4,0.00032948683155504036,3.6011383058874102,3.7431813052389096,3.6998337043437517,1,0
STK33,0.00032915687701135855,3.0871073472892285,2.951094065596481,3.168344365725451,2,1
LINC01559,0.0003288729581110107,6.797077592638585,6.084482467322528,6.9112253517857765,2,1
KRT39,0.00032834679995328274,1.3025719556302038,0.6901671879566543,1.190458501618357,0,1
NALCN,0.00032806920509216846,2.651463272099318,2.3900153223571463,2.6950172007482043,2,1
COL9A3,0.00032775598890074904,6.178365953768436,5.111207544957945,6.182273977515468,2,1
PCDHAC1,0.0003274715715428945,1.450318904934684,1.5732585487926225,1.5365695319701291,1,0
DRAIC,0.0003271496435204536,3.514261537666238,2.4479667019002282,3.2562891766567637,0,1
SCML2,0.000327031278622978,4.688690337297624,4.165992544993901,4.618300529963141,0,1
REG1B,0.00032623689861030166,4.213667126367442,5.638273144696576,3.781423094707892,1,2
CCL22,0.000325641018594268,4.705114264275133,4.854151221745368,4.645703409907363,1,2
PLXDC2,0.00032550768555217677,6.7858344196114215,7.2458453591669665,6.7956538823423545,1,0
CD300LB,0.0003243823032877409,2.8728434681604944,3.1218296663174847,2.874599507597159,1,0
NKX3-2,0.00032423403581308753,3.5257008559006677,3.238698310868957,3.3945923266361437,0,1
ACSL6,0.00032405906930878584,6.094958023842287,3.7071945572787515,6.005889925141751,0,1
CALML6,0.00032391623458105444,1.9049846729504754,1.6733548605939434,2.1361639040074736,2,1
PRRX2,0.00032378506822225466,3.9371061767105755,4.201270684540676,3.9103102160641487,1,2
SNHG31,0.0003235506849098317,1.65917493566987,1.1940179074440556,1.711289182953221,2,1
ALDH1L2,0.00032343062924172344,5.400253326669566,5.16714902650708,5.368301722388794,0,1
GDNF,0.0003229588988426997,3.341002435909143,2.809096963705935,3.359948112838554,2,1
LINC00173,0.0003229413135747114,2.3653138555100717,2.361210764764511,2.383165819329047,2,1
TWIST1,0.0003228350442045493,4.355940502671616,4.350188536827899,4.266354758882856,0,2
PADI3,0.00032265363092886,2.828970857182269,2.463708591320657,2.4501732324169536,0,2
TMOD1,0.0003222611892834679,3.410463182130256,4.129849976452106,3.549089724827935,1,0
CNTFR,0.0003221238691937404,2.5968118973414525,2.0116484847662472,2.8559792134974917,2,1
IGSF10,0.00032185587153909525,3.1240476376011648,2.7558219412250295,3.44015188890066,2,1
LINC02889,0.0003205503443268452,1.4330132070333574,1.7057100607323945,1.6611657398293216,1,0
S100A8,0.0003201395469161949,4.4496148977755094,5.4712959478538945,4.459690674806303,1,0
PROM1,0.0003200583679774855,7.73168667388304,7.963324615969809,7.78217424165687,1,0
TENT5C,0.00032005689900426745,6.362700338297557,7.066207193909537,6.392975911168846,1,0
STMN2,0.00031978973091908146,3.8957117984471945,3.0716042351443624,3.967575588063732,2,1
RNF183,0.00031963404381499174,4.8063732578598035,5.006222068371621,5.000486474720594,1,0
WNK4,0.0003183315211423776,7.311225086762894,6.365274053166817,7.512430130343838,2,1
LINC02532,0.0003181964191299738,2.5355875041923293,1.6036071922450064,2.6940485138005013,2,1
TMEM92-AS1,0.00031790595376221986,2.3072872957892945,2.6846960525064385,2.4942258835235416,1,0
CPLX2,0.00031718108721956445,4.023359144950828,2.6750197396273636,4.18483482412268,2,1
TEX45,0.0003170938155534538,4.912909616574246,4.197190681950093,4.927840431689847,2,1
TRBV29-1,0.00031708431638520257,1.7948322606524987,2.083092036198549,2.011024875145492,1,0
FAM171B,0.00031691864873910634,4.2917390816106105,4.417920464996306,4.333840960851566,1,0
EFHC2,0.0003167603031295373,2.279697836476681,2.200176632864991,2.1849867915735706,0,2
LRRC15,0.00031652995645634324,5.856982517311897,5.6025164603114,5.728081760006278,0,1
TACR2,0.0003163040640098034,4.069457415007477,4.420061686540995,4.199783411250807,1,0
COL9A2,0.00031625152078896694,5.8570707102205954,6.314677998809985,6.084085892691242,1,0
ASS1P11,0.00031620576770671006,1.613082503009667,2.065533526195463,1.5899584678869965,1,2
NEK5,0.00031616195692618437,4.549702634018028,4.140298950555848,4.674070404516351,2,1
RPL7P47,0.00031583490883626745,2.278333440142571,2.1788516638830604,2.576604948231659,2,1
LPL,0.00031582595145227254,5.624351823863972,4.872446983402079,5.725613146713129,2,1
FBXO2,0.000315579831049306,5.049837259826621,4.419691106658066,4.7270292657927975,0,1
CLDN9,0.00031534799095304206,3.887506599149682,2.6761897699789476,3.8018439576424115,0,1
PLAAT5,0.00031507374388967666,2.096635894095368,2.7486305998089593,2.1663073524865966,1,0
IFNWP19,0.00031496459339952075,0.8983147533421978,1.7874524709057054,0.805822103453628,1,2
PLEKHB1,0.0003146561892372282,7.157804140238189,6.504018079619471,7.124771388987723,0,1
ALDH8A1,0.00031409343729569433,2.322779599749549,2.6626073490467825,2.4851492776233153,1,0
NKX6-3,0.00031329890561633116,0.9749081394365858,0.8870066263959581,1.1780432232695972,2,1
CHRM3,0.00031323141861098694,6.20124291911594,5.237853307777327,6.045015296247813,0,1
HOXA10-AS,0.00031308716866845955,4.193283124790769,3.5158437986614386,4.204217147260651,2,1
TTLL2,0.0003130526361090681,3.264690557825462,2.3345147229945162,3.3133299971321204,2,1
LOC728488,0.0003128173420662667,1.8504893163224114,1.9888445577888072,1.6571106652996,1,2
MAOB,0.00031237440927457964,4.9031034865159615,5.262963492376606,4.971009970735397,1,0
MYH3,0.00031228306573793886,3.5495397043718326,3.657352681454869,3.635808807236139,1,0
SFTPA2,0.0003118122985326151,3.2015649887502695,3.7089937603495615,3.26121291457268,1,0
LYNX1,0.0003117616625016311,4.123829519990085,4.239594228882687,4.103992417661984,1,2
COX6B2,0.0003116602607227696,3.8662414030316867,4.011084430783953,3.923113418153603,1,0
C8G,0.0003115150233064478,3.6442854091737753,3.867156522852945,3.6546242698450433,1,0
REG1A,0.00031141565405455937,6.538851048128159,8.634739765812714,6.14501604988305,1,2
TNN,0.0003113498225204899,2.6064133374211615,2.1718802292964825,2.6623328957132766,2,1
UNC5A,0.00031131023871719616,2.4780387412442213,3.371078725331263,2.685086668957371,1,0
FNDC5,0.00031089135583445385,2.9341750496577412,3.0290810803392896,2.8618190595968866,1,2
ACTA2,0.00031088891726485147,8.552811594052612,8.446482104076003,8.566148729301203,2,1
LINC01694,0.00031081128517776663,2.919426070119231,2.7495004066839552,3.2919996616594975,2,1
CPNE6,0.00031058752126128384,2.5179319655523167,1.6089783103949595,2.5086457178369113,0,1
PHYHD1,0.00031054518538497995,3.9734963758068877,3.6829124958587234,3.8437361100270633,0,1
LOC105371267,0.0003104420216745335,4.493891743820124,3.899971796504565,4.630251488876572,2,1
C4BPB,0.0003099941698776483,5.262330194807825,5.937500841335257,5.380766292811877,1,0
PRR9,0.0003095780327914471,1.3423176651058317,0.2967569200754813,1.675710627320424,2,1
LINC00525,0.0003093134798744192,3.072662585994771,1.7209182578854718,3.1067214325572974,2,1
MAPK8IP2,0.00030907907583232645,4.359901108790176,4.700102067582528,4.446900162903639,1,0
AMY2B,0.00030901658241987357,4.322328525531607,4.020001647700577,4.607871887882534,2,1
DUOXA2,0.0003085804771355341,5.808575009989768,4.772383726843241,5.705111133858251,0,1
SAA1,0.00030795634245241394,4.680631041530165,5.171484275386214,4.613236754031181,1,2
GRAP,0.0003078490890385905,3.45563541219259,3.090536431241653,3.3164327035866332,0,1
FBN1,0.0003072792830559242,7.761370717748334,7.876707785200817,7.667012675548326,1,2
ST6GALNAC1,0.0003067596348161536,7.8987636693628644,8.275652500261952,7.905811837781148,1,0
CLDN10,0.00030668309250793244,1.6894581256692642,0.7975798182119729,1.3531550628772429,0,1
IGHV3-48,0.00030641820880673414,4.114286918214775,4.39149976269653,4.270567655921784,1,0
SMIM10L2A,0.0003063569329866914,3.4672134125023137,2.603819877083797,3.434996199913608,0,1
EVX1-AS,0.0003063538713459753,2.2498829963294322,1.102404675985422,2.5233215022535247,2,1
CREB3L3,0.0003061963277447162,3.161495579098403,2.1965066419175345,3.0430192652675068,0,1
SLC15A1,0.00030616217722791747,4.092913317591252,1.9384550384759809,4.09931665454266,2,1
RGN,0.00030615204468893486,3.1061411109455,2.0667367978273226,3.163032904374824,2,1
HOXD9,0.0003055682773625939,5.062350831911466,4.852585339820932,5.221875933621513,2,1
CFHR3,0.00030529019772051693,1.1997511974351402,0.9713660613270549,1.6120595445352761,2,1
HLA-DQB1,0.00030516439914361797,7.341704916160425,8.063490784120702,7.536212210995213,1,0
PDPK2P,0.00030464983133882584,2.867342800232701,2.370159466463996,2.8217101287249124,0,1
TPRXL,0.0003043829791003935,2.538015661588958,3.1634257175214553,2.471991289404969,1,2
TDRD5,0.000304219903972564,3.7666611445827476,3.8631505107335413,4.176483452609554,2,0
LOC100132249,0.00030421750982171487,1.8176571905548446,0.9281890669289903,1.8323748332856828,2,1
PRSS2,0.0003042046338184568,3.830718015655654,4.075114053934477,3.850591147114498,1,0
MIR9-1HG,0.00030329418829656683,1.4799937552066513,1.2612625274234155,1.6157078398779403,2,1
RFLNA,0.0003031482841358484,6.831779996524444,6.543262215543082,6.877656845177218,2,1
CHP2,0.0003030579434675128,6.031639686083501,3.7166648515698233,5.825496828947323,0,1
CYP2T3P,0.00030276106968933717,2.389327457261199,1.7608076914860036,2.429753271269726,2,1
CBLIF,0.00030267002278540155,3.111475100319349,3.0178346564154652,2.982335524135375,0,2
CENPS,0.0003022376262082874,4.51070529647462,4.756609579857915,4.674004330713387,1,0
CASS4,0.0003022023500455853,3.665292212483258,4.179227309997461,3.673752007697105,1,0
PCDHGA1,0.00030212623710342256,3.534374062659188,3.7414028199754825,3.7019383556810808,1,0
PCDHGC3,0.00030199671932242824,5.564433158753475,4.905247044290062,5.21773994065845,0,1
CCDC68,0.0003014738848607982,5.599094636087989,6.477136647572027,5.765034158318433,1,0
SVOPL,0.0003012123853759291,1.7035804520365612,0.8129549656862609,1.7368259616295216,2,1
CES1,0.00030083227045524724,5.519731799125127,4.512179148985251,5.527213168491532,2,1
LINC01659,0.00030079581478215914,2.4792280927755677,2.038295683149894,2.7026513944341315,2,1
LILRA1,0.00030070661846197925,2.7569717631746338,3.254952401886981,2.6815217986427604,1,2
CLDN15,0.00029983551141141943,6.806651682994402,5.892867450977726,6.814714563789905,2,1
ZG16,0.000299488615138881,5.38464128294377,4.1542396770246866,4.757116444172046,0,1
PLAAT2,0.00029944009517615455,3.199008081887931,3.411252351247215,3.200323403149,1,0
CLEC12A,0.0002993693432372369,2.823798632585082,3.725972234989595,2.8242290325591326,1,0
KCNN2,0.00029911815568192576,2.993065141106149,3.7978836001712835,3.1500963368328945,1,0
IL1R2,0.0002984144497135088,5.171694666119914,6.171363729133195,5.316902348348063,1,0
TLR2,0.0002982226224793716,5.184100871794105,5.741196564130125,5.163082956283408,1,2
CTXN1,0.00029819447659398595,4.1830492409836495,5.1313659624754475,4.255163262753651,1,0
PKHD1L1,0.0002980661952282821,1.8553352239031662,1.8521153380808044,1.9069685038108326,2,1
LRRTM1,0.0002979556328307475,2.2216709002476795,1.0084288245398945,2.202244572987559,0,1
RGS2,0.00029711357892351525,6.130310232723486,6.764899692204909,6.335078191177008,1,0
TTC9,0.0002969325449261666,5.601778205306414,5.804416201983175,5.69660745366935,1,0
PRND,0.0002966787004291318,2.3392604319866175,2.0884587952804368,2.2748794585024323,0,1
CCL3L1,0.00029604615752515894,3.6190578107116327,4.520775483753862,3.7338836067335524,1,0
ABCB11,0.00029603828547138263,1.3303976479068407,1.5512851632910443,1.390975680250107,1,0
MIXL1,0.0002956312239109846,1.9102290201836152,1.9101712742783312,1.9819500808027186,2,1
LDHC,0.0002956218078919168,1.2086847978493591,1.0404878904570087,1.1495294379402625,0,1
C5orf46,0.000295347900952752,2.0665772036143735,2.824301987627484,2.1333815149020525,1,0
CNTNAP3,0.0002953165005160245,1.9281160281132381,2.212838237375598,2.018592778000307,1,0
TUBB8B,0.000294829758150256,1.4802930834211099,1.8068966026629802,1.673593889049288,1,0
MCC,0.0002944684553002917,5.1474119470860655,5.1063683289655275,5.129341131442235,0,1
HERC5,0.0002941505508116797,4.719744579519614,4.32220826551678,4.6211982758039225,0,1
IGHV2-26,0.0002939193104652976,3.433534468141881,3.8934844906498673,3.3858563670846453,1,2
FPR3,0.0002938046183165833,5.731585667395578,6.318345495909581,5.6912385197441315,1,2
ZNF528-AS1,0.0002936985128083804,3.5762639663041043,3.0365504789184103,3.5943593576474075,2,1
ALPK3,0.000293218509477635,5.90736854606926,5.166538220158334,6.026777482484747,2,1
CLDN16,0.0002931027315049203,3.2907844756743034,2.484051778643618,3.4358524514116096,2,1
KLK10,0.0002920161925256178,6.417162510147099,7.1790879474649945,6.3300437309632365,1,2
ZNF280B,0.0002918037922393253,4.502291923416241,3.939938146943837,4.237442933598943,0,1
ATP6V0A4,0.00029161983340562393,1.3785731113406294,1.166091091852538,1.280058395190943,0,1
AKAP5,0.00029158108303339804,4.883662015217434,5.221197466547443,4.917505543105347,1,0
SMIM32,0.0002913727177701395,4.350367940801333,2.960307394674199,4.226634151953942,0,1
GUCY1A1,0.00029126985100907195,5.6883275499570995,5.725129120430764,5.648719276643708,1,2
PRDM13,0.0002912576372386128,1.956317053041467,0.7767854390558258,1.8226983285083707,0,1
ASPA,0.0002910936214789195,2.38280578825684,2.578506420334921,2.4398319691134267,1,0
ABCG5,0.00029102035570041207,2.617635801084937,3.2354761378742887,2.7393684726708583,1,0
PLIN5,0.0002906188142595139,3.213964440102865,3.105234240714189,3.442251792990687,2,1
FMOD,0.00029057851445842844,7.51762276210051,7.991638650656255,7.485588805230854,1,2
CLDN11,0.0002903167192992607,3.48039221036908,3.0876179144523137,3.6423575391632763,2,1
MIR181A2HG,0.0002893786715467019,2.1277423225818226,1.70479601223124,2.159637927032791,2,1
ADCY2,0.00028891368758395463,3.4740988622020663,3.0952084215753244,3.365163256446637,0,1
CCL14,0.00028887058805544596,3.0175415654395246,2.715438805155847,3.1553444071735606,2,1
FAM163A,0.0002886681550285726,2.4829089661544854,1.800150682368231,2.4192408994873578,0,1
FAM180A,0.00028850805534821466,2.924787147442511,2.756580816088906,2.921326897966929,0,1
WNT8B,0.0002880239343154558,1.732270458141129,2.1916466151595793,2.0348679990709804,1,0
PCLO,0.00028802349678670513,5.258032869171532,4.165058121763041,5.333912553748837,2,1
FRZB,0.0002877163102506873,5.973734246928519,5.237920823894274,5.959923959559857,0,1
FAXDC2,0.0002870784997821405,6.0590403418569245,5.321246324921227,6.012225295837959,0,1
HNRNPA1P10,0.0002870355099651032,2.8543185727460223,3.0465652699961896,3.0370915181834666,1,0
CENPF,0.0002866488104725841,7.7323057970345275,7.752212684424712,7.778289982030148,2,0
GBP1P1,0.0002864338624905433,3.1210878336923478,4.128179578266034,3.0673781070052537,1,2
RHEX,0.0002861595683488417,2.495836652541991,2.9138521011874188,2.6406334683222,1,0
LINC01091,0.0002861083503248816,3.8996780055065576,3.5064746548754813,4.216716217043052,2,1
ABCA12,0.00028608451871260947,2.6031072946437774,3.8769446352975665,2.5582396911218406,1,2
PXDNL,0.0002859100227869861,2.3169402917713264,2.3138135782013314,2.324336187662114,2,1
ROS1,0.0002857217331863667,2.0173521166733543,1.4435298364968026,2.0378612470569335,2,1
SUSD3,0.00028563193627196155,5.276445529216655,4.564455181534757,5.1415974130510245,0,1
MANEA-DT,0.0002853359746062758,2.285616195968416,2.001749819506375,2.508640767096911,2,1
MEP1A,0.0002849007322244053,7.851521727927607,6.212317467840544,7.8974977058072415,2,1
SLC4A11,0.00028462442315366546,5.1640406219704404,5.820530096864184,5.327810950293644,1,0
SPRR2D,0.00028440989324762713,1.4460402483494612,2.0175815069052216,1.8340824596931764,1,0
TTR,0.0002842807262502308,2.2502574378892914,1.5069350598928133,2.3726839991033746,2,1
SYT14,0.0002839994849083469,1.5775665915213108,1.2764705424165501,1.5265616171643916,0,1
CYP4F29P,0.0002836876530819709,1.520180785816799,1.3379112149289751,1.5166184821486761,0,1
DOK5,0.0002831293975239,3.358092968888968,3.393817488860894,3.4071366821512963,2,0
GUCY2D,0.0002829541856808619,1.6022397408144469,2.3373640230419244,1.7522713921514697,1,0
RIMS1,0.0002828558818523648,1.583679220725958,1.0685114381545922,1.6905326241130447,2,1
ECHDC3,0.00028222558352570854,4.185787744338433,3.648307845233699,4.353229833992168,2,1
PCDHGB1,0.0002819151242312942,1.6940909484676188,2.336092534333318,1.869947789132585,1,0
CLDN14,0.0002814515004445511,3.348791218394405,3.0020410269327287,3.297512511410329,0,1
TLR1,0.00028120871503889357,4.259033719676784,4.83992020025433,4.290713376272143,1,0
CEACAM6,0.000281122804987707,10.630454561981711,9.57263006736929,10.506753256395022,0,1
CNR2,0.00028072002206684454,1.8290996995565751,1.9983557835880885,1.9709664593286436,1,0
HAVCR1,0.00028067426256961277,3.4821958874469945,2.514369644058162,3.4598417265745494,0,1
PKD1P5,0.00028055700265525873,3.2344239521126408,3.2123198890524596,3.787777159956177,2,1
BRINP1,0.0002803909248685836,2.605759248938458,1.9023177205745492,2.286016205625037,0,1
KCNH3,0.0002803165722491575,2.6298497681407507,2.602287410605147,2.710710982676329,2,1
SLIT1,0.000280303013985287,2.9524726837236996,2.7776070762520324,3.056085015327047,2,1
FCGR1B,0.0002800532969636525,1.979415930627992,2.6603708876387584,2.0621906884012167,1,0
RSPO3,0.0002798908840743645,4.048497825634015,4.315132521073968,4.276521622034104,1,0
B3GALT5,0.00027976680478634486,6.0675012306222715,6.430681724523753,6.021633239500861,1,2
ENPP7P7,0.0002796025758967922,2.0550493750798897,1.5870887454223757,2.152727185133873,2,1
ZNF570,0.00027951084985170167,4.602834969300523,3.871694613263192,4.511302605237276,0,1
SERPINB5,0.0002793786107349605,6.9578147449357965,7.930090614860606,6.946329841565277,1,2
LOC441666,0.0002790913472369349,2.002904587889218,1.5175884814695135,1.795133664980423,0,1
RASSF8,0.00027905959726215923,5.067571090736433,5.04945478697737,4.970479332458253,0,2
TMEM130,0.00027901715177034277,2.638507722414717,2.3774487374786513,2.806962194652872,2,1
STX16-NPEPL1,0.0002789950584545599,3.344574609282424,2.5518263664007432,3.5319458206262846,2,1
RPS19P1,0.00027845719598488866,2.826487860658449,2.6560497098076032,3.0699069179133645,2,1
NCMAP,0.0002784316237486458,4.757709281401337,4.151812091907089,4.911071510707688,2,1
GJB5,0.0002783954379496946,3.3388308790130283,4.95285571016873,3.368625758234323,1,0
SI,0.0002783823177062535,4.479747527165782,4.766911366334031,4.521323975417821,1,0
TNXB,0.0002782260504310477,5.026135601545343,4.982016329046934,5.1814318091918645,2,1
MAB21L4,0.00027795473466101634,5.823436176251757,4.145813873958263,5.833602896060845,2,1
CBY2,0.00027792869136369306,2.9100461552919947,1.9280090866705037,3.0056235402168547,2,1
HOXA9,0.00027783845104636105,6.72541588857466,6.524738925506697,6.801300500475268,2,1
IGHV4-55,0.00027747782182081576,3.225582524758275,3.3568750028272856,3.1047728461708908,1,2
OTOP2,0.0002773865735758244,1.1278841549020115,1.0887907127789784,1.2050911059940868,2,1
SCAT2,0.00027738437621802915,2.6386552292990735,2.4983352636059615,2.953719764737319,2,1
ALPP,0.0002770157037190144,1.7280784441321702,2.2061490703288307,1.818870451298736,1,0
IGLVI-70,0.00027676055423532926,1.4888207274546463,1.7695195921721922,1.5674293893659315,1,0
SIX1,0.000276453047378007,2.8600414624256665,2.969706944697705,2.983354237316061,2,0
TCL1A,0.00027635015022632186,1.7652659896797462,2.317378123453215,1.7925181300043413,1,0
SRPX2,0.0002763448296691123,6.794607279624649,5.5905015838469305,6.493577810248778,0,1
PTGS2,0.00027483313213392223,5.413475171674576,6.4916705508095065,5.394747013625112,1,2
RPS4XP8,0.00027463751126899626,1.946019491225527,1.6214111693582773,2.011187139441672,2,1
NTS,0.00027442307031396877,2.2626563306871663,1.7559031104525422,2.5572960943685845,2,1
LINC02266,0.0002739409182203811,0.8619567041137142,0.49158091312281954,1.0020812657811013,2,1
LINGO3,0.00027375577660192755,2.3238803999590005,2.10371714446018,2.1597002390666478,0,1
ZNF880,0.0002737321562560409,4.508002442473286,3.9452777441455797,4.4101453825227726,0,1
LILRB4,0.0002734821986183499,5.422259906260127,6.175536096781666,5.435144884488629,1,0
NAV3,0.0002734492761663803,3.2757268593998563,3.275420818738352,3.3151335933112356,2,1
PNMA6A,0.0002732267466240826,2.0814782131710388,2.003577460273381,2.0002703680311136,0,2
CXCL12,0.0002732258961199211,6.3849504556663765,6.318574009869737,6.5404068140307245,2,1
PRKAR2B,0.00027297693292693213,4.99653346979398,5.645430220666623,4.91381066555155,1,2
RBIS,0.0002728690257026657,6.869424950026945,6.573732922151546,7.017720803229555,2,1
CPA2,0.0002728666506593055,1.932973340387944,1.8918542409640828,1.9312301589234688,0,1
PCDH7,0.0002727942535930105,5.468769867391283,5.432066168677139,5.431430118149252,0,2
FAM86B1,0.0002725246004463408,3.6948215042725896,4.139549312827382,3.7989736739676587,1,0
CXCL17,0.0002721687098266948,2.1446102150590773,2.713879484864847,2.331072466947722,1,0
CCL8,0.00027196858325431424,3.0756576252531542,4.120491377807365,3.189251859347589,1,0
IGKV1D-42,0.00027183379175542557,1.698464295437531,1.5498653280661043,1.5245483047024788,0,2
DCDC2,0.0002712196086630055,3.9100952546086636,4.079993590678236,3.8650663016711135,1,2
CDKN2A,0.0002711492321358747,5.200829944212407,4.969129499394365,5.159176854705766,0,1
MKX,0.0002710550783765132,3.8561082047429855,3.1585936150625784,3.630692261890132,0,1
ZNF117,0.0002707083057064319,5.927031698140966,5.514831238721571,5.993481284697282,2,1
LRRC9,0.0002706270328545995,1.8137451988843813,1.2560814722460174,2.0383758454529306,2,1
MYRF,0.00027013868685358286,6.846098352523151,7.876629420285028,6.797772120163306,1,2
CAPN13,0.0002689566574129811,5.271150344627739,4.122899362929066,5.415095745844074,2,1
CACNA1G,0.00026894878505439657,1.9190690634778564,1.8531733821035972,1.9482209560497576,2,1
CD109,0.0002688606079431815,5.450895960474829,6.482673297445626,5.421671266921931,1,2
ABCB4,0.0002685470206152935,3.7729283622537015,3.2920011113914565,3.9893142365742924,2,1
EOMES,0.0002681215520096392,2.782979431822778,3.7319653577174408,3.115901626005949,1,0
LOC100507516,0.00026736322670368475,2.796183830594305,2.8117958766811237,2.7975925551615055,1,0
TRBV20-1,0.00026714567519354923,2.6279096734716645,3.017240686732656,2.8381759080708124,1,0
IL37,0.0002669792596077731,1.838598664360845,2.094495050306274,2.310405378055454,2,0
IGDCC3,0.0002664179010759247,1.2217790301837033,0.7366455937865598,1.2788676226933473,2,1
TACSTD2,0.00026631709739360064,6.269556075347233,6.083737860305045,6.437815447748732,2,1
DLX5,0.0002662244192114429,2.152209249831014,1.8076242562216447,2.4584845043235646,2,1
PCDHB3,0.0002658853545030948,2.6396238845269764,2.6394911986916934,2.8179921250885456,2,1
THBS4-AS1,0.0002658447110593257,2.935381258203513,2.2023381693801687,2.90285014072203,0,1
GLIPR1,0.0002658429401482715,6.0628276744760825,6.007892773943859,5.9924142676338805,0,2
NKG7,0.00026560136506761743,4.544330907664633,5.6636972419972205,4.58902646752316,1,0
A2ML1,0.00026540543933798924,1.4464190731161322,1.5048162546595891,1.6696381616536466,2,0
MAGEB17,0.00026510014589653,2.950062627166965,0.9901870779577332,2.7351529336906686,0,1
AKR1C4,0.00026481349073162827,2.7438062443094684,2.6607408530541616,2.56471041258972,0,2
CYP4Z1,0.0002647324125423578,0.9596942775859825,0.8448803701706009,1.0786572259569316,2,1
IGLV8-61,0.00026469414525193764,4.167624494970393,4.130503116851617,4.1995873931265315,2,1
H3-3A,0.0002646109703637374,6.864523477277771,6.252346517943793,6.957954568156705,2,1
PIFO,0.0002640548932384565,3.593674555122027,2.5626510380715364,3.8506751904221037,2,1
CLSTN2,0.0002638947773080748,4.294923351401387,3.3986051588525577,4.0882129626603,0,1
LINC01411,0.0002637904774772067,2.8306070180493283,1.4804485643711465,2.838648775266223,2,1
OLFML2B,0.00026354371360650715,6.60384811191713,6.719081306107121,6.567136643510829,1,2
RIMS3,0.00026348785128086315,5.040958802815776,5.3979613565251805,4.916515632710833,1,2
CEMIP,0.00026283143164600533,8.407240768115901,7.97757984849758,8.496757166738705,2,1
LINC02563,0.0002625964828825868,1.6512265850017467,0.3232984416633537,1.7281737153411898,2,1
CLDN6,0.0002617933291783832,1.4383732719727296,1.0630739984489248,1.6998801300635942,2,1
NNMT,0.00026122954531966445,6.775031785520098,7.254331952950699,6.791862349440901,1,0
PCDHB8,0.0002610163693265206,2.0445512611282717,2.4548891015685443,2.3221132446765145,1,0
PTCHD1,0.00026095325724785655,2.15421146400895,1.7028450530909185,2.4988563814234883,2,1
MTND4P35,0.0002608737726605443,2.254897209614671,2.0868142160470806,2.454987022289896,2,1
COL4A4,0.00026030100641678843,3.6574615567333777,3.915803467180747,3.7608636554265895,1,0
ADGRD1,0.0002602011568319965,4.33011735728568,4.0745740938561275,4.427153160958651,2,1
PKIB,0.00025908029919239034,5.201711423891892,5.29130097797461,5.376460085706433,2,0
GASK1B,0.0002582392782259821,7.025993974288798,6.867153770600875,7.105069332443903,2,1
TSPEAR,0.0002581475926900692,3.385608314678193,2.7163616949615177,3.686903750006494,2,1
GPX8,0.0002580335276031645,6.064255843813244,6.386251094588382,6.186888016738551,1,0
EBF2,0.00025800571094251434,2.5894741598148503,3.2517251401488707,2.795453166281512,1,0
CHST6,0.0002579723699409099,4.027344859652623,5.027265414567835,4.201333215531978,1,0
NCF2,0.0002578851627610203,5.682942190335222,6.463610193628421,5.693640064795352,1,0
FAM166C,0.00025781318792140583,5.008385001190056,4.847578856309073,5.166781796476516,2,1
RNF182,0.0002577182794597699,2.879302917795708,1.7637678166684265,2.74376376948652,0,1
PI15,0.000257668530225031,3.789065478982588,4.38485136072303,3.9607880369441184,1,0
MXRA5,0.00025748664070522766,7.7017414257468655,7.808583572465669,7.5562964974193365,1,2
ZNF606,0.00025748296771509394,5.130148468172328,3.896145627418645,5.20312271906917,2,1
NXN,0.00025742233350316897,6.006517615760187,6.416406363473372,6.0152274970088415,1,0
ITIH5,0.0002570245858051261,6.34719335336241,5.86922516441353,6.273420175997208,0,1
DDR2,0.0002569111629837679,6.266408298666628,6.321579875791076,6.230711728127788,1,2
ST18,0.00025676054298008687,2.496664013027724,2.5490059572935624,2.812229073112997,2,0
TPBGL,0.00025623251746197036,2.543333857544315,2.7949587920128782,2.471224971357428,1,2
PLEKHH2,0.00025615862186906436,4.587248826395631,4.002081522208184,4.706955554185958,2,1
CSF3R,0.0002558820227976625,5.137860118646096,5.809007992926252,5.053093540805389,1,2
SIGLEC7,0.00025558016485328384,3.3076794610191005,3.8570799625607544,3.24373364340812,1,2
LOC101929705,0.0002554064562698315,3.7836042976392528,4.084569648432381,3.9569570379328587,1,0
FGF20,0.00025534970913014776,2.0449691772544893,0.76274128986822,2.254641626836164,2,1
ZNF662,0.000255335179660277,4.047913629100227,3.004905126194855,3.994847543726379,0,1
KCNS3,0.00025529202881590486,5.534153038252304,5.281791092975683,5.317232120829263,0,1
SRPK3,0.000254924389910576,4.733882732580624,3.9295798947314684,4.796385594614093,2,1
WWTR1,0.0002536870791717629,6.5735070121902766,6.650640932386086,6.630787361460084,1,0
TDRD6,0.00025356998814547466,3.729516984736377,3.768215909611269,3.8229146845772197,2,0
TPSAB1,0.0002533216907466011,4.969663635332199,4.626627229614774,4.898930327248156,0,1
TNS4,0.00025289930666954464,8.188413312951573,8.31186200115793,8.089138968524631,1,2
APOLD1,0.0002528304419209472,6.993368736292364,6.1485335262578875,7.027551730602624,2,1
GPR25,0.00025283024143510883,1.8539444390560587,2.273258718262452,1.8512509271956405,1,2
AK7,0.000252710632949439,4.2648199482075455,4.733750883055437,4.302804108173822,1,0
ST8SIA6,0.0002524382034441089,2.835207054664399,1.8505926400001484,3.0386856645219633,2,1
IGLL1,0.0002523415034521459,1.104829017966818,0.9520229719886554,1.1632390160269768,2,1
GRHL3,0.00025222739721504265,5.008613704076395,4.315717599835843,5.031318735649408,2,1
DMRT2,0.000251768499744794,3.8178072476031737,3.919873810459507,3.780376323517386,1,2
LINC01978,0.0002517134981887363,4.236109909302589,3.7622410421324703,4.147354844573411,0,1
PRKAA2,0.0002517127761488664,3.341454263824322,2.6818233538371192,3.3116086203346766,0,1
CTSW,0.00025170719272263586,3.8763245628698715,5.054538594050959,3.927065493031044,1,0
ITGA9,0.00025157223402944636,6.663324507635985,5.867490538178245,6.516110319153528,0,1
TCF24,0.00025112504396557857,1.9810881948273316,1.414628845945495,2.14199528108124,2,1
MUC1,0.00025072139808981933,8.197344215290574,8.689226826377617,8.101177314317228,1,2
LINC02826,0.00025070098600372205,0.9851509443819652,2.388703444047956,1.3804930919135676,1,0
SLC1A3,0.0002497373886143783,4.344325672648157,5.213968266642349,4.399983578422675,1,0
SLC23A1,0.00024948986771537794,4.0436269910757,3.091780161344483,3.9192124976203635,0,1
CECR2,0.0002494569959344311,3.3998837793989116,2.9209191294279084,3.2738263726266377,0,1
LNC-LBCS,0.0002493873280991314,2.1736109648764916,1.7106778150235866,2.1668169444912135,0,1
NPC1L1,0.0002486124560788808,4.023117341812927,3.625567114337212,3.8318691337618125,0,1
ZNF569,0.00024860989998552464,3.8492659754635334,3.48072378219741,3.921561369229046,2,1
IGKV2-30,0.00024833180932783594,2.408195793599688,2.3621735400185484,2.3309132968568176,0,2
TTLL6,0.00024830607145196626,3.856028820715504,4.043019815073503,3.9230656030293125,1,0
RPL7P23,0.0002482101090515505,3.2789639828215726,3.1834185045514047,3.4955955721892793,2,1
CALB2,0.00024782634037162925,3.5991782082217743,4.2087239931434155,3.9037742714436354,1,0
SPINK4,0.00024773264987571777,6.310733273447909,7.4831374904179855,6.41690257684798,1,0
MFAP4,0.00024761428674005683,6.950240239014929,6.431686825889457,6.85300504844645,0,1
LINC01558,0.00024732182861559736,4.4185677184034615,3.4297408789710424,4.537382472370904,2,1
DEFA5,0.0002472162062178387,4.41358420660098,2.972060216610506,4.012229398110301,0,1
C8orf74,0.0002471939629864575,1.5525298221591346,1.3707574734263068,1.3465736029480686,0,2
LOC101928978,0.00024699103186502294,2.1507473516017543,1.2933446167200726,2.280214303502488,2,1
ZFHX4,0.00024684334831345193,3.6593747442457643,3.820303579801488,3.750576927526925,1,0
PPEF1,0.00024681493922261124,2.4486224085812807,2.6370227146237877,2.658106107025791,2,0
NHLRC1,0.00024636006644190216,4.299442432769008,3.009135627220742,4.092723528213548,0,1
MLC1,0.0002460308338981853,2.3120403708185537,2.2309156465012836,2.3741437708685122,2,1
MGP,0.0002456039873778851,7.029491125219971,6.847982612622932,7.189163027898633,2,1
VWA5B2,0.000245308035197135,2.7805846419347833,3.01783109574903,2.8751717453025343,1,0
KBTBD12,0.00024484832759052706,3.2241143183137146,2.1257613462047966,3.2691976829240974,2,1
MN1,0.00024430080573834635,5.068214136645594,4.687687654129407,4.984506539958174,0,1
CTSK,0.00024398001045471948,7.663765986902835,7.680277074322638,7.5886003636560595,1,2
ZBTB7C,0.00024374684171047178,5.895341910661527,6.719744595723638,6.091848232863065,1,0
COL28A1,0.000243709402237824,4.312949938973877,3.9442372614948202,4.45070988535577,2,1
NGF,0.0002436401777511241,2.1920979873013153,1.8938661919932103,2.31611927974963,2,1
RGS4,0.0002436185774668319,3.9710777909072057,4.037314709697823,4.092147140432548,2,0
FBLN1,0.00024348626030749277,7.826908757856946,7.384719671093802,7.684024216599037,0,1
ZNF618,0.0002430976832225684,5.786140145586055,6.721449461191378,5.823512839509559,1,0
PCDHB11,0.00024278043114931772,3.6007788375328778,3.548092722766419,3.6422156825183554,2,1
PLA2G7,0.0002426723036513932,5.273666832777246,5.6782192189008285,5.357726172963842,1,0
MYRFL,0.00024230973494275033,2.161036319843454,3.162788439221952,2.5098952417676053,1,0
LHFPL3-AS2,0.00024230467389695822,4.354129592332755,3.3005668925510085,4.239992709566325,0,1
PCK1,0.00024229889454214332,6.824845511021802,6.1135249715216435,6.908172958581865,2,1
SLC4A8,0.00024222340886433734,4.812059926310892,4.25919324039681,4.866293407588751,2,1
KIAA1671-AS1,0.00024170363993921806,3.2179760218111353,2.7151441859972856,3.0635946937955967,0,1
CKB,0.0002416826587829855,9.318552017187026,8.213185686773807,9.33211830006971,2,1
GABRP,0.00024133701179583137,3.8044981776068765,5.6052081890520515,4.156202605950548,1,0
STK32A,0.00024120711293642772,2.613410701352836,2.1159740139551824,2.6885718649298833,2,1
FOLR2,0.0002410192544512808,4.723595027398614,4.931188948930394,4.890676840023624,1,0
CLCA4,0.00024090573294282595,4.540179185307219,4.046506010802989,4.180674157995336,0,1
DNAAF4,0.00024069426936383344,2.605966873150216,3.03229659224088,2.5640920812902985,1,2
CHST4,0.00023965953950255957,2.8219655696340293,3.504461438488745,3.2149833281144757,1,0
ADGRD2,0.0002390161790336441,1.1459642374708505,1.0142950508342579,1.346320964982155,2,1
PDIA2,0.00023860489665870544,3.594663026530282,3.3759696388796603,3.856996390056064,2,1
HLA-K,0.00023815585958676932,4.355081527897484,4.526737156098646,4.575906496040567,2,0
IGKV2D-30,0.00023771982256448723,1.043474590946838,0.8635330447856552,1.077094783741267,2,1
CLEC6A,0.0002373271876512512,1.0334623010423352,1.7861492852717107,1.0817912945179462,1,0
IGHJ3,0.00023696973231387394,3.0112660648585403,3.2703118446701076,3.152085522432054,1,0
GUCA2A,0.00023688903460458596,5.409029850063351,3.927186418337158,5.055558066506371,0,1
SHF,0.00023674881899412673,5.7180999139605575,6.402220355392974,5.72833528876492,1,0
PSMC2P1,0.000236660625056665,3.120578547030819,2.995282190882592,3.1211211467002222,2,1
RPL39L,0.00023625794985681313,4.241524368208226,4.083593234911367,3.8614045732571047,0,2
ABCC6P2,0.0002361979015027335,3.1969692280896957,2.113583331329389,3.0650377704090226,0,1
SLC16A8,0.0002360542335885233,2.509954941762057,2.6249488914860777,2.7428680033577346,2,0
PWP2,0.00023574663474108364,3.4501206024665216,3.6080978489050257,3.6023212815987184,1,0
PLXNC1,0.00023571431938775988,5.7787213881322765,6.22397892122702,5.831859316482352,1,0
RORB,0.00023542255009021388,1.5973628158457032,1.7625809187162307,1.641728248875582,1,0
SLC38A4,0.00023518705131973992,4.266822476557563,2.7787196606268982,4.407436182380755,2,1
FYB1,0.00023513765208259252,5.430980538387141,5.940403168861103,5.556123156283943,1,0
NUGGC,0.00023504542834058948,2.713461018740902,3.25279676073867,2.8429415127433955,1,0
TIMP3,0.0002347590120264531,5.2913894650713695,4.902345536789187,4.964227669121006,0,1
DHDH,0.0002343209636539521,3.5934536703848843,3.5065855966507264,3.5286306781336325,0,1
MEP1B,0.00023391673663406408,2.4874532062725896,2.777465680002617,2.605227763839448,1,0
IFIT2,0.0002338539741580391,5.380024631707578,6.030556184977613,5.388220565366508,1,0
MTND1P23,0.00023373183081325512,3.469058668731362,2.6964683997622867,3.539701706850407,2,1
IGKV5-2,0.0002336539907721573,2.202957018714441,2.822905952252249,2.242109628065747,1,0
DEPP1,0.00023361682496322113,6.647450941445333,7.1896537451278,6.735527149431629,1,0
ASPG,0.00023360140519912014,3.339994812486385,3.007327552350206,3.2229199617544153,0,1
SAMD11,0.00023352598256482656,4.567553507428769,4.021397241240337,4.534247239502726,0,1
IGKV1-13,0.00023352145734301637,1.078893714705427,1.2318081804399328,1.0963236115041544,1,0
PLCB1,0.00023308726070274383,6.225856928590122,5.687116264642925,6.224263976661113,0,1
RUNDC3B,0.00023274185742732073,3.700424678313927,3.4455776811206924,3.7843150922270983,2,1
IGLV4-60,0.00023217996148064722,2.801085465479343,2.9492609564442076,2.7555669048206264,1,2
ASB9,0.00023217661760811705,5.491174427181091,5.148024641665097,5.344572274948912,0,1
DNAAF3,0.00023213922180880496,3.017242647544695,4.285663986007385,3.0782832798489386,1,0
MPPED2,0.0002319551633634504,2.500732286990225,2.3246798303666623,2.487958629766089,0,1
IRAK3,0.0002318009986507348,5.06718075339007,5.32320757778507,5.118610623675104,1,0
LPAR3,0.0002317243608475515,2.770957992873958,2.055328691181961,2.5624605468065114,0,1
SOD3,0.0002314372150177102,7.718802883111363,7.2939500173196015,7.617987865994751,0,1
NEFL,0.0002308816484941636,2.1071991680572113,2.34429300265341,2.3131701349308025,1,0
EPDR1,0.00023085885429562823,7.044003457332091,5.7426724645906395,7.021769095767236,0,1
IGKV4-1,0.00023058442090077188,6.685171873557148,7.079598528366213,6.79062066823756,1,0
MLF1,0.000230554132208044,5.318803049238375,4.521549931792797,5.5081455144058165,2,1
SYT2,0.00022980416801983433,2.6616975487701886,2.3073400419795975,2.947996866599578,2,1
CD80,0.00022968459631689315,3.069811508541947,3.6423674437703575,3.142395410702415,1,0
STK31,0.0002296279063056826,4.394349552834159,3.885638330357861,4.311116177107304,0,1
PPFIA4,0.0002295665719102868,3.643676379247189,3.5836804734428536,3.8537835836878305,2,1
RNF217,0.0002292130849505951,5.616711103686774,5.106411542713903,5.669129388329675,2,1
BAG2,0.00022915371206731538,5.595961752582254,6.308120648272064,5.762474496441056,1,0
SLC22A3,0.00022913800615581028,6.686080672151763,5.68948486884829,6.615322373083725,0,1
EFNA5,0.00022910946128098462,4.19830750172545,5.311716251862429,4.552432886876328,1,0
RPL18P13,0.00022910882554966785,1.6875082466583389,1.5278001214190866,1.8202742078103389,2,1
CYP39A1,0.00022860800023333315,5.840262231822184,5.08742346889093,5.7415388628427415,0,1
NTRK3,0.0002283996245940715,2.4660357684947085,2.201293162008586,2.439608433887814,0,1
CAPN12,0.00022838056137529193,5.076375753801326,4.7951322542046,5.199526641975578,2,1
LARGE2,0.00022837488193619583,7.084026769782014,6.597734211843733,7.090738191879636,2,1
ECEL1,0.00022820330287748813,2.528608111124316,3.022104787387233,2.415627909344927,1,2
CPNE9,0.0002282020562809646,2.7617426457896745,1.9913150869385077,2.7640207267596493,2,1
HTR1D,0.0002275525648804264,5.2568614557799105,5.74650832661562,5.23235977592268,1,2
ARMH4,0.0002275285785785165,4.40783044516625,4.617336602151775,4.609518625917099,1,0
MGAT3,0.0002272313543197683,5.739066566485853,6.025829446614729,5.759993309578706,1,0
IGLV9-49,0.0002272137180638609,2.6334011155817687,3.2163643930135577,2.855995805314842,1,0
WASF1,0.00022695744880435242,5.016641741924776,5.586682565041663,5.252082332949365,1,0
TLE6,0.0002266844725691873,3.40517707420505,4.275554018782947,3.6526415347277625,1,0
CLCN1,0.00022661787674239586,2.726030481050072,2.398682152953571,2.69596963641039,0,1
GXYLT2,0.00022654927930430604,4.833210384148141,4.905212032300971,4.778989889408067,1,2
LINC02691,0.00022640730916119066,1.437276076635585,1.0813649971066404,1.4689733992231802,2,1
WIPF3,0.00022633634026782563,3.5713631233594763,4.017650163662363,3.8509480277045625,1,0
FZD9,0.00022614521126948842,2.91934106045167,2.45260294525123,2.5857476997129702,0,1
TYW1B,0.00022613263611242013,4.595776763596361,4.537578887342383,4.629592812106433,2,1
LIMCH1,0.00022593440363588265,6.007187193879099,6.388164686164943,6.16792363878003,1,0
IGHV3-20,0.0002258449278713799,2.66549276438493,2.7819666877882407,2.603007015776457,1,2
TMPRSS6,0.00022573205036326973,3.4103060766288125,2.8248341739113316,3.4119874736621307,2,1
DPT,0.00022567775891934553,4.892700699079871,4.798165319871966,4.833699969888486,0,1
CCDC180,0.0002252671630682174,2.6032797191572805,2.710913075636431,2.7686847090204814,2,0
LINC01234,0.0002251764308512181,3.6423127057291707,2.3367390295204364,3.4957193279153045,0,1
EDNRA,0.00022459969712938988,5.953654980002259,5.77746960229439,5.9075597143096665,0,1
HRH2,0.00022456666186654824,2.3505143349253412,2.9188146307155076,2.338057779374548,1,2
OR7E47P,0.00022448026461512698,3.437892992153733,2.8811366577028945,3.3063477965260466,0,1
B3GNT7,0.00022437656603906337,6.335577179188,6.725253175617296,6.144019067532979,1,2
LOC101929532,0.00022423301912977673,1.6504018688584376,1.9188424357431775,1.8250254248532356,1,0
XCL2,0.00022370420965088237,1.546648407255363,2.2428522587513013,1.5933375362576419,1,0
PDCD1,0.0002233229866850668,3.656011419969592,4.436987826354887,3.80533646174481,1,0
PTGES3L,0.00022330378478113355,4.415924442099937,3.872441933739542,4.545281942546962,2,1
HSD17B2,0.00022307041689489015,5.536777443183845,6.1219995498889395,5.502975250416814,1,2
GFAP,0.0002228963816683534,1.9686295378748855,2.1884047606327868,2.217550081946457,2,0
SLITRK2,0.00022274855178995684,0.8990656004115981,1.5206132316933212,1.0184599952136226,1,0
PRSS45P,0.00022250633192236573,1.1101235668556961,0.479354988436516,1.122714644399686,2,1
ERP27,0.0002223744150986524,4.832375135829415,3.4507941303373832,4.8394237383988745,2,1
PCSK1N,0.00022231544062143414,3.7252057285891906,2.2506216562640944,3.429789533717675,0,1
CLDN10-AS1,0.00022216085384526725,1.6793638812348728,0.5567697649581016,1.8938398796872473,2,1
HSPA4L,0.00022206122893077824,5.5350847093513735,6.650821205673764,5.663950484780563,1,0
LINC02331,0.0002219638261274951,1.1631496457262362,0.9210940334634631,0.9682888743191114,0,1
TBX18,0.00022190962551697188,3.5604317163049717,3.5938588179978335,3.5481906814475694,1,2
ID1,0.0002216706198443837,8.389000921537763,7.294977910200921,8.327504604874793,0,1
POU2AF1,0.00022118217841902052,4.958522060546206,5.680570147542695,5.006092393792139,1,0
IGKV3D-15,0.0002208611362714003,2.565238933045293,2.830009012319127,2.509104319631106,1,2
CD40,0.0002205710274202718,5.7248688299468435,6.043987119260282,5.700772617270967,1,2
OSBPL6,0.00022022064414538398,3.574803293309362,3.8331209388974314,3.6784597866193502,1,0
SLC22A2,0.00022016301090292044,2.108398912589202,1.0987175075348465,1.7686056064588629,0,1
ACAN,0.00022001937489516142,5.806608959721671,5.555941941889396,5.655454864178742,0,1
IGHV5-78,0.00021985683100011027,2.128824063926761,1.8799998749885274,2.168015051234261,2,1
MYBPC1,0.00021961794408377415,3.019439065437966,2.4897150340512884,3.0978212647763392,2,1
ZNF829,0.00021956788112309074,3.1616952934453373,2.7948035051049365,2.9928970522780745,0,1
CALCR,0.00021889394072381572,1.3672148135063122,1.1372001261506244,1.5186019499493688,2,1
BHLHA9,0.00021888447115826036,1.2240743941094778,0.26949870039524315,0.8631730850166534,0,1
CEACAM18,0.0002187452163935897,1.712691946329535,2.2821873195737976,1.7982312351814496,1,0
MYLK,0.00021838344147783533,7.795688539968918,7.52449869994148,7.804976769774819,2,1
KIF12,0.00021826022350728756,6.870868600928929,6.126026979658766,6.910856217630023,2,1
LAIR2,0.00021790185763961183,2.492830597231751,3.09585124497656,2.5431694817754593,1,0
TAFA1,0.00021787325513621111,2.095781369686827,2.26396156839011,1.8811169383174116,1,2
TRIM54,0.00021774250019361758,3.50691891812597,1.8603973157976337,3.02519771354064,0,1
ZNF114,0.00021769795654043075,2.5005574300046027,2.913438472949951,2.4342612295174435,1,2
PHLDB2,0.00021713310073491205,5.562635402696591,5.830228081916963,5.652397512553443,1,0
ITIH2,0.00021696376987968938,1.7473110730234995,1.7832688464130564,1.8420625850753145,2,0
CDH16,0.0002165007008321174,2.5366271775084726,2.734699460448911,2.515289595215018,1,2
TBX21,0.00021641104922527822,2.5691243185182255,3.4024525540197748,2.6795353159556625,1,0
PCDHGA11,0.0002163554208178497,3.103704455058042,2.9832617792321536,3.116301598492456,2,1
CLDN1,0.00021623341862808356,8.044834256268617,7.474252576058038,8.084876811495267,2,1
RPL35P1,0.0002161008073961567,3.0084464610676354,3.1452314232566376,3.2539678610983915,2,0
GRIK5,0.00021597850361019461,3.1864732355033856,3.1871199567746364,3.28967729534756,2,0
CDKN2B,0.0002159136639732582,6.00256514491312,6.151958409350428,5.988956127872815,1,2
ABCB5,0.00021577817550876206,0.9463580619774484,0.9344748089194213,1.2959605092177577,2,1
MANCR,0.00021559449292522423,2.2615118193013433,1.9894341293593152,2.2502257581901044,0,1
RASL11B,0.00021543248971759584,3.278289426696273,2.7068874607513864,3.2311012688670515,0,1
G0S2,0.00021532352716251485,5.762484052421999,6.016326924151796,5.726435572547973,1,2
ZNF486,0.00021529420904980754,5.414738295235749,4.886896701371293,5.44620243327487,2,1
GOLGA6L2,0.00021521247994446354,1.1780939509721151,0.09559082494595966,1.070141025843396,0,1
HLA-J,0.00021518843082790466,4.736364535255702,5.082247253495579,4.921683926577319,1,0
LEFTY2,0.0002151835100462659,2.763574346095956,1.9929103222820883,2.811476539090837,2,1
ZNF492,0.00021517632437159073,1.3294157248063783,0.8541197067535152,1.0575493637249418,0,1
ROBO2,0.00021397721799357205,4.944872872898117,3.8006308383524416,4.7930396384398,0,1
TRARG1,0.00021374159760741205,0.8515805958630709,0.9712911372928,0.9269253416766662,1,0
AHNAK,0.00021336757545904902,9.500549523843931,9.790387512719057,9.590010805742672,1,0
IGLV3-10,0.0002131823274107046,4.37216647055755,4.890009919158788,4.310648132554516,1,2
LOC105375624,0.00021223230130573437,3.4935853147855243,3.118881910653165,3.669437566891905,2,1
ZNF675,0.0002120736681086368,5.486575563727518,5.259953789517687,5.576491145952181,2,1
ANKDD1B,0.00021206691239007456,4.465039629174799,3.3133176907962416,4.642081152081804,2,1
NOC2LP1,0.0002115478518088066,3.087115847809838,2.807361929882187,3.055383745382243,0,1
UGT1A10,0.00021150999865448194,4.430699822400249,3.5231967523806387,4.5811358676788085,2,1
FAM3D-AS1,0.00021094871343431984,2.2920890654503663,1.598664019282056,2.4215454531953173,2,1
FGB,0.0002109345837558651,2.305549373429959,1.78849377064727,2.2969171093999643,0,1
MTND4P24,0.0002107733455503475,1.8682078579156034,1.760335933859565,2.3333901178931007,2,1
NRXN2,0.00021075316283019265,4.905787316756194,3.989827548424272,4.716022222067961,0,1
HMGA2,0.00021066615492302247,6.034292058283788,5.662980599172624,6.201547739550224,2,1
ZKSCAN7,0.00021051721815582356,3.594943111207229,3.1121353598424464,3.545531787803891,0,1
AKAP6,0.00021044356888740975,4.340829908143223,4.286342471906841,4.352713175787041,2,1
ZNF695,0.00021012797327066632,3.9220853421871835,4.190091683729061,3.927095444808532,1,0
CNTN2,0.00021008376717197933,1.6224733048808626,1.1682220456576493,1.7844324268213325,2,1
SLC9A3,0.00021007371312311716,6.086260445464345,4.81600934337941,6.130754540460263,2,1
RUFY4,0.0002099860609813175,2.3442468325270354,2.710673099526248,2.4431474639265027,1,0
HSD11B1,0.00020966273988881273,3.8666341065592236,4.365376468259838,3.938111579447845,1,0
SLC10A4,0.00020952262214649387,1.7618966619644487,1.3337638735189066,1.9278169224019,2,1
IL1RL1,0.00020945470664549275,3.162481669188781,3.00123933801142,3.214401060266646,2,1
CIBAR2,0.00020937664765146024,1.3825868136316664,1.6234496839681536,1.4156484112335683,1,0
PAX8,0.0002093423151713045,5.387638436792867,5.162438940929057,5.346951251090453,0,1
SNRPN,0.00020928806398851112,5.8611821953238,5.404501045024938,5.958639561987365,2,1
NAPSB,0.00020912662141820573,4.572264277466243,4.5370627737753,4.560977901881386,0,1
LLPH-DT,0.00020907282846294417,2.071920290531019,1.9119346645979152,2.0575633711468884,0,1
TRIM31,0.00020901626139573437,7.775920981882838,7.115564222310671,7.830118273335405,2,1
TBX20,0.00020889875626885684,2.107980607118334,1.1118916268319334,1.7147704343842574,0,1
ZNF879,0.0002088662360947982,3.6252345398693344,3.1459860683433405,3.707121542353038,2,1
SSC5D,0.00020826383742668134,5.678896820202722,5.532990369710391,5.665860369073725,0,1
ALDH1A1,0.00020825453495126493,7.223070629024635,7.656146278622729,7.488627802008973,1,0
CNTNAP2,0.00020811522261257376,5.670534958193205,5.723127751626234,5.830286808981692,2,0
PDZD2,0.0002076660952627899,5.2161932809393114,4.661721799993915,5.152383283375452,0,1
FOXN1,0.00020761467722523616,2.1120424662468835,1.5181655341787736,1.798789486264988,0,1
ATAD3C,0.0002075810241222124,4.311151265202193,3.9487733520862642,4.283646874742474,0,1
MYO18B,0.00020740176024341742,2.0470050275332237,1.4020634403041696,1.8658506631898877,0,1
FST,0.00020720338407978332,4.030271273156087,4.248976517884902,4.0689482888933215,1,0
NOX4,0.00020716587637152804,4.027324490416375,4.3579105362525885,4.0650307081392585,1,0
IGKV1-27,0.00020690530759066302,4.275850788254623,4.609386541948127,4.471047136982198,1,0
IGHV1-24,0.00020687226967867377,4.130653695620186,4.879501373656942,4.1377690682533625,1,0
NAMPTP1,0.00020656086406310769,4.699377072211853,4.820506324988868,4.5879074027311155,1,2
GULP1,0.0002065113092165893,5.367836088480875,5.338482227299524,5.329690995603724,0,2
TMEM150B,0.00020641855348759903,6.294762198965726,5.406405890173753,6.170093092166326,0,1
VSTM2L,0.0002063410859345153,4.062980297851346,3.053898265395632,3.9738533387889334,0,1
ZNF577,0.00020625702223809716,5.238688050215968,4.60514945506145,5.4346994204863615,2,1
OSR1,0.00020619094589066246,2.9316810305949565,4.012928984400618,3.4444776240007893,1,0
IGKV2-29,0.00020611863032737746,1.8464983563824982,1.885042236632478,1.955581879459505,2,0
COL22A1,0.00020567308830797087,3.736703121271207,3.804362429709159,3.7241809835705015,1,2
NLGN1,0.00020565549551303334,1.3331627503447845,1.2608837890973625,1.4781218371238984,2,1
ABCA9,0.0002056249297708208,2.817969689670043,3.1341368896627104,3.096613347564342,1,0
SPRR3,0.00020551809551633095,1.1398777640448157,2.1680904893416257,1.3730847995457092,1,0
SDR16C5,0.0002055032822132171,5.197729314669961,6.767435241497142,5.4380788474336565,1,0
BMP5,0.00020549181424076458,3.7112223860974973,2.1563529443473195,3.671572828825041,0,1
IGLV6-57,0.0002054367734899195,4.869309758570477,5.407261918020888,5.085205340021273,1,0
HS6ST2,0.00020535376831111,5.334896193231759,6.104225380028615,5.114235886686864,1,2
DNAH2,0.00020464574395283162,4.782184637945565,5.618428141553195,4.787602355381368,1,0
RBM24,0.00020434528301597883,3.311088003808289,2.993530969956253,3.2602690118134316,0,1
CLEC4F,0.00020429099420740058,1.3951003422416266,0.9926545060958051,1.6427512416311771,2,1
CXCR5,0.00020427056081461108,1.1159624288403733,1.3853177751417816,1.1987801595358538,1,0
CXorf65,0.00020384248312616126,2.494209070978926,2.232984280572985,2.7343068154090084,2,1
SIGLEC1,0.00020381078245291384,5.011510931806053,5.599428782023509,5.040571763001406,1,0
GNG4,0.0002036602849893071,6.716838290964213,3.9081368973364286,6.744020759800896,2,1
LOC100129175,0.0002035980404123388,1.8320594795216314,2.251063493533513,1.9679100224761543,1,0
SYNC,0.00020312758401862894,3.766628397646084,3.966198427631413,3.6631376925878576,1,2
ACP3,0.00020297194411561184,4.989659081160261,5.513964426698428,4.968262279027807,1,2
PKD1P4,0.00020292092795696077,4.018485170899105,3.7197235258965757,4.119718907567993,2,1
GGH,0.00020289865589746863,8.379425516584373,7.502914161613542,8.295671509408614,0,1
HRK,0.00020287785788221624,0.9667667559538113,1.9808933126670691,1.2026131165622669,1,0
ADAMTS3,0.0002025395458463265,3.0332171595781197,2.892470603141813,2.980710893121877,0,1
LINC01979,0.00020223152351047527,4.039730090882321,3.9777625276593116,3.9645444689352285,0,2
LEMD1,0.0002022278868993405,4.235138762583575,4.083882614853984,4.237338191649733,2,1
HS3ST2,0.00020209821394294257,2.8680888312370403,3.029927514946514,2.9238854211106116,1,0
KIF19,0.0002019007915684408,3.385475450591597,4.21200410361938,3.3175601582713896,1,2
CHRM4,0.00020179501697681956,1.861785476459655,2.131146347274262,1.7372702858035516,1,2
HTR2B,0.00020164986546558034,2.425681556115584,2.767091294176644,2.668117759232178,1,0
SLITRK4,0.00020128265712842606,1.671647150853823,2.031596490668768,1.7665870533206174,1,0
CTNNA2,0.00020120180794597998,2.8168668484875674,1.4679460596712952,2.7092726591954137,0,1
NTRK1,0.00020079585572122465,2.2697012052610974,2.584394123684787,2.365577928486296,1,0
H2AC13,0.00020065667139710668,2.160272382505958,2.2758244508077827,1.940459743987537,1,2
DYNC2H1,0.00020041360415953998,4.305985796562402,4.337713017785509,4.3563228246690855,2,0
ASGR1,0.00020012952985835224,4.771918721606791,4.056424904198465,4.867958234703228,2,1
APOB,0.0001997137339836229,2.0306456050417583,1.1185982455182175,2.240870225342634,2,1
SMIM2-AS1,0.00019969006770225494,4.627677367502831,3.283156305647107,4.717033907509527,2,1
RPS4XP22,0.00019962746664804778,3.503453626243344,3.728206440094497,3.505425258263579,1,0
SLCO5A1,0.00019954771624278067,4.692106961869252,4.6492431216225745,4.866799061480632,2,1
MAGEE1,0.00019939822474021195,3.7416553483691595,2.9998254264529836,3.497248392758511,0,1
GABRB2,0.0001991556946034607,2.932639712240628,1.9583732271210061,3.00926596568191,2,1
PADI1,0.00019841002361484114,4.001173721882619,3.2712598295493733,3.877686474746969,0,1
PROZ,0.00019816603519967754,2.2788333557136284,2.008482632162261,2.406837837459609,2,1
WTAPP1,0.00019814053080020083,2.3312014744094287,2.4154747167351616,2.528934039587275,2,0
LRRC37A6P,0.00019804348110759768,2.813012055005412,2.2413058329883366,2.8944261171851995,2,1
MMP28,0.00019787176055574907,5.087786919132527,5.539259094494431,5.29321369244659,1,0
TRPM3,0.00019783187010210553,1.6862310196667532,1.4142550913574945,1.839882152647109,2,1
UBE2QL1,0.00019777688333382922,3.287816410758138,3.1470131711048213,3.066623894920992,0,2
RPS4XP3,0.00019763299961190198,2.1822210333505154,2.0163345002068302,2.2812731352254434,2,1
EMBP1,0.00019722072173897204,2.063523721322906,2.300347329317536,2.338925503287142,2,0
CES4A,0.00019679787128922343,4.518405739209113,3.745373893726802,4.436782186251467,0,1
CADM1,0.000196279788832229,5.2231472956831055,5.253146913808109,5.116567142844745,1,2
PPP2R2C,0.0001955952762301344,4.304744537544496,3.246461432002697,4.321078207374267,2,1
CGNL1,0.00019547198411236,5.407368014258932,5.05550794546865,5.568546081094935,2,1
B3GNT6,0.00019546981502105665,4.433227472762945,4.88545426253264,4.258020426458482,1,2
SPEG,0.00019540216428348792,4.800915694499852,4.517259303662691,4.961132397788131,2,1
AKR1E2,0.0001952970632723841,4.237660993378457,3.692139542846408,4.324933458468092,2,1
ANKS1B,0.00019494667561792823,1.7374002208137884,1.6102405621406284,1.6907077648891193,0,1
SCN5A,0.00019481127013051898,3.0363558641059694,1.949440705240982,3.012528957008444,0,1
DMBX1,0.00019461647579836004,2.4814736377214848,2.9839652216818235,2.4316371301395203,1,2
LINC02154,0.00019441066111091005,1.4568697450071908,1.6837869175216746,1.4619466324847303,1,0
ITPR2,0.0001941134660272849,6.993901975555111,6.897154841592456,7.063126357373188,2,1
CCL2,0.00019398060675306861,5.77128290728649,6.024112187818313,5.7465873711502224,1,2
NETO2,0.0001938404332460163,6.4174678957390965,5.90179082865444,6.469385610116292,2,1
KCNH6,0.00019316036097258638,2.3726442120635993,2.1355959208423307,2.591847283561558,2,1
CYP2W1,0.00019272067326039295,6.520181983889839,4.429439954902027,6.186938618027104,0,1
HORMAD1,0.000192660439068788,1.744251988370976,1.5679583999866187,1.486798021483264,0,2
NPNT,0.00019238566005423742,7.432685623605301,7.578225567680542,7.5187890427687245,1,0
CDIP1,0.00019217666276489804,6.027661752045212,5.67623923695277,5.889459637535485,0,1
TM4SF4,0.00019180809048895782,3.241971614913946,4.390492900612374,3.5445800786708865,1,0
ATF7IP2,0.00019162095377839354,5.525836274910846,5.522389587834575,5.638534810171713,2,1
FAM222A-AS1,0.00019150113643258865,3.4301329361937762,2.9329275172056963,3.4465627105133407,2,1
GRPR,0.0001914771290248287,2.419620254407774,1.631826385954588,2.40170796261357,0,1
LOC101927884,0.0001914693096861431,2.8861360566001175,1.9174295904847287,2.4976906692493226,0,1
SHISA6,0.00019132157237518796,3.602778441693274,2.2697706306540537,2.9002781444271535,0,1
PM20D2,0.0001912632917194946,7.23858993893071,6.515537359231756,7.345733892676149,2,1
IL1R1,0.00019118640541491397,6.703381215169665,6.835236474648769,6.691746139812669,1,2
ZNF790,0.00019101555338665621,4.763080369065595,3.7863607658000324,4.737812366145286,0,1
CD8A,0.0001908275756959968,4.879918299623249,5.79211552858944,5.064636443085183,1,0
SH3TC2,0.0001907603640731675,5.849128022907998,5.412611849687975,5.755517001842792,0,1
COL8A1,0.00019029970040316909,6.825172949162241,6.887862633821678,6.739609588420763,1,2
PKD1P2,0.00019020226893491754,2.891910389363042,2.4529216369728895,2.905210266733999,2,1
PI16,0.00018935436517426293,2.5593933429290683,2.2314786696786553,2.7316761895515183,2,1
ASCL5,0.00018928613162019856,3.684457364746022,2.9059942794266655,3.622832443124,0,1
RAP1GAP,0.0001891622141201825,6.949414306218527,7.787992668220915,6.970937916246322,1,0
PPP1R1C,0.00018904060935999242,2.633827884858551,2.8590156987715702,2.8960861130368416,2,0
GALNT8,0.0001890360553894388,4.93440320893078,5.212370914728427,4.941293794927667,1,0
SYNGR1,0.00018875012361933808,4.295612206268591,4.7038729015632486,4.240025100381016,1,2
B3GALNT1,0.00018844860442219342,4.645433617722249,5.046655977026962,4.6818162006147,1,0
LINC00923,0.0001884200600554336,2.2558895855598746,2.2024056012773316,2.5582107944655834,2,1
L1TD1,0.0001883368147108174,5.0729771196609885,4.845260764031678,5.151602927517573,2,1
ADRA2A,0.00018829011715458676,5.687665842670005,5.190318030367339,5.867123829100716,2,1
CD300E,0.0001881553414055653,3.4675965275355165,4.327987705841576,3.585147713589826,1,0
PKDCC,0.00018815120491622283,7.3083536056397485,6.965503535608981,7.369037410946235,2,1
EREG,0.0001878144030619089,7.026992601070222,4.72804948760027,6.653531148229923,0,1
ARPIN-AP3S2,0.00018771691397158268,1.8407347248393324,2.2284943509947897,1.8780294502739017,1,0
ZNF532,0.00018719887490072567,6.410293283202165,6.431662540666946,6.43286851099886,2,0
LRP4-AS1,0.00018710480864873698,2.66419168770511,2.1190014997173208,2.9399395429342863,2,1
DAPL1,0.00018706426484060303,2.5848222477754996,1.8333748824832645,2.667769549443991,2,1
CRTAC1,0.00018643745206379223,2.295452600320678,2.1163293929309335,2.4609271637537162,2,1
NPPC,0.0001862895290396405,1.114889152834531,1.1467400808335757,1.096332627177827,1,2
MROH3P,0.00018597872543812022,2.567657420572178,2.8897063662942037,2.922980022217556,2,0
ERVMER34-1,0.00018586758808657365,4.047637488326117,3.4391747894151448,4.0661149134063725,2,1
GRIP2,0.00018569910476393882,3.7741081945473898,4.6476877032889075,3.7938883970463544,1,0
STUM,0.00018567654173065907,3.393328150168198,2.596021441671199,3.4711469459216224,2,1
RNF165,0.00018551330666363892,1.9560373590684021,2.404000207623081,1.9936340762302491,1,0
COL26A1,0.00018485584125252556,1.7297332530441234,1.6766312247144197,1.809091050347086,2,1
OLR1,0.00018460958919965371,4.420485552266463,5.105767360162216,4.566231107680236,1,0
PIWIL2,0.00018426859884390997,5.158614342436367,4.428413924607917,5.042917960253332,0,1
VN1R83P,0.00018422331530696512,2.3991111511857723,1.9363176781286127,2.4808359138332388,2,1
COL12A1,0.00018413183261099982,8.726912783557104,8.816273317128154,8.58537538369981,1,2
TM6SF2,0.0001836464583780858,3.0555412104839696,2.84456890306397,3.2537260424958956,2,1
KL,0.00018358500536999714,3.375840233365927,2.8530092839628796,3.485734617150236,2,1
LINC00639,0.00018329185819716235,2.308015903180148,1.6473957720777006,2.2929686408186423,0,1
MYH4,0.0001831926413847499,1.8635148196334308,1.6246342640452078,1.6216507513371088,0,2
PPARGC1A,0.00018284311162827102,5.701321134497388,5.595166873312034,5.6667607897696755,0,1
CASKIN1,0.00018254615867834958,1.9161374842220105,2.248319609432985,1.9612176262834486,1,0
GSTO2,0.0001824027492500405,6.542685990990748,6.787865155876066,6.585979721675295,1,0
THNSL2,0.00018224610977779138,6.346726584121118,5.250145147511813,6.259383601393555,0,1
SBK1,0.00018199526776807215,5.117030226751582,5.228029938909343,5.022150471312834,1,2
VCAM1,0.0001819031842248756,6.000113730824072,6.121822845545774,5.9836139599066565,1,2
IGLV1-41,0.00018168385406318733,1.9743525284413859,1.979111995507936,2.1552331180279345,2,0
AQP1,0.00018162602271448405,7.3892393932121765,7.229665441975157,7.439187891520227,2,1
TIMD4,0.00018149969559736473,2.011674371764457,1.7575610072279868,2.0987634636854793,2,1
BAALC,0.00018143890951916492,2.5218323107044434,2.635793015771791,2.7019898439072145,2,0
CPNE8,0.00018138313218233227,4.953024730887885,4.855334722064357,4.950174444020683,0,1
RIMKLB,0.00018135213282156063,4.788411590324609,4.563738877354513,4.795902200367736,2,1
IL33,0.0001812828723562406,6.751898678084726,6.312658637934924,6.693294802843759,0,1
DEPDC7,0.00018104691717943966,5.363347141298685,4.7379761490540755,5.340737296952465,0,1
LINC00940,0.0001798735199847447,1.878293865433415,1.0082284713914071,1.8001403648592484,0,1
DIRAS1,0.00017986974608530783,2.9548401637920985,2.607856088067981,2.9157135770700315,0,1
GRIN2B,0.00017978289912465518,5.342095245226047,4.2628678884672055,5.301112324392836,0,1
IL10,0.000179699656528611,2.3393915281362276,2.8150589354653817,2.4783922891788204,1,0
COL11A1,0.0001791530361065029,6.56112478339911,6.926122211110507,6.432143810075912,1,2
EPB41L4A,0.0001789236391575363,4.097181360588968,4.2766569954093745,4.06502713516621,1,2
DUOX2,0.00017859979686935958,7.6878721246838095,6.6733969635859305,7.669535464124695,0,1
ZNF350,0.0001784729980088903,5.339722339894013,4.809885436502986,5.341481431558,2,1
RGS5,0.00017844064505391968,7.623079019897949,7.066000368820538,7.657434428351485,2,1
SH3TC2-DT,0.00017842030288500285,1.7067465688272063,1.380250372733338,1.715487453187985,2,1
IGHA2,0.00017825095332114107,8.332276297115412,7.547735454137511,8.39928143453189,2,1
LPO,0.00017813115215377492,2.447653873194655,1.5480820357545297,2.401946584401784,0,1
GRAMD1B,0.0001781155586419923,4.819417805270318,5.688658506348107,4.797217752861107,1,2
BEND5,0.0001778588109022062,2.6736055749311,2.933128099508224,2.76873772632359,1,0
FOXQ1,0.00017768676730920593,7.239733733181227,6.548261442551319,7.131289348789012,0,1
BMP3,0.00017753680083312987,3.1216828456751915,2.2898948216969326,2.881165449619181,0,1
LINC00323,0.00017725136288973287,1.8002739852505394,2.202500241675094,1.9726438565660378,1,0
AMDHD1,0.0001770695913963955,2.4373841986083016,2.594481530278459,2.6153069991657105,2,0
BTN1A1,0.00017688437646013982,2.3755049607594536,2.2870850189138245,2.717890617626717,2,1
OTX1,0.00017687758262254112,4.079252577383188,5.093564394071837,4.435701312710619,1,0
SNAP91,0.00017655105799645304,1.3831865256952325,1.1573988471313463,1.537913994658483,2,1
TXLNB,0.00017641376512830944,2.8106393973222863,2.459420463681169,2.8995172834163285,2,1
PTGIS,0.000176111293497394,5.058066368056863,4.876296366441891,5.0812848929591174,2,1
GJA3,0.0001759648503443558,2.2347533932011445,2.6366614609476513,2.47817346523625,1,0
GPR78,0.0001759210453360191,2.1759986745243904,1.7334230382201656,2.0775296894472675,0,1
LINC01123,0.00017556229565125048,4.291887547766567,3.757986215452582,4.45181808043299,2,1
SAPCD1,0.00017553981562181605,3.205042742712811,2.6761787440789417,3.4054029990136674,2,1
GOLGA8A,0.00017497162149464758,5.590157966776928,5.630972857912748,6.028245278609402,2,0
MYRF-AS1,0.00017497020461670315,1.5461900132632407,2.422806738876086,1.5009872150744732,1,2
GLI2,0.00017394467363949657,4.81009527814356,4.765371313191662,4.669444374264962,0,2
AQP9,0.00017357042432582261,4.222622035526057,5.205500083735406,4.09223572409019,1,2
FPR2,0.00017356926062770235,3.0158952494100664,4.18821829332295,2.8922744133843605,1,2
PRDM5,0.0001726023836600956,5.034462598433011,4.8635943384479186,4.936195220352648,0,1
INHBB,0.00017258597858020288,5.334494272943915,4.666310082093944,5.458414246734384,2,1
ITGB2,0.00017258451404448424,7.1793939614299465,7.816174361616546,7.176218016607204,1,2
INHBA,0.00017255580810821464,6.849825646977104,7.018090227119071,6.837586685238577,1,2
LUZP2,0.00017221735226750708,2.627581922262905,1.8884955115032838,2.980855889655236,2,1
SLC5A11,0.00017185971900056008,1.8768729883805226,1.643454056087745,1.936205073171654,2,1
LHFPL4,0.00017177214752352686,1.5978484293583408,1.1588295559392683,1.6131604953931107,2,1
DAPK1,0.00017163215434290758,6.0084700153572825,7.045504395300023,6.273239067098378,1,0
C1GALT1C1L,0.0001713539499612842,2.529224103226804,1.6572630935232475,2.8096655850095007,2,1
SYNPR-AS1,0.00017091863309705012,3.4281452736267486,2.910445069854041,3.5445630809860247,2,1
EDN2,0.0001699142063960935,3.1534243038816867,3.080631291561686,2.9325396776593893,0,2
CDKL2,0.0001697748613848279,2.40709441123934,2.136251165256112,2.4616666212288254,2,1
TFR2,0.00016948790779652755,4.870255895389476,5.17117221210243,4.914336085206722,1,0
DNAH8,0.0001692666999737828,1.4601114690910122,1.4659831180195668,1.3781644075989836,1,2
HOXD12,0.00016924233954840562,1.1781003412458377,0.8944485801166268,1.2348951583112568,2,1
PRODH,0.00016903901830334,4.0476487912396975,4.434902833706216,4.006216994328755,1,2
HAND2,0.000168980394347991,3.4288889168240706,3.2579896605577794,3.4476459443723204,2,1
GSTT2B,0.00016888269204833287,2.6981742584396518,3.0375411808243076,2.6415740476639535,1,2
CA3,0.00016874387298470702,3.4932167005321726,3.215212994396212,3.706665921588268,2,1
DNM3,0.00016870168300145116,4.598441725067638,3.583743151634174,4.5831979793573066,0,1
LOC100130449,0.0001683433362735708,1.7694085475695098,1.5129130802078319,1.8425149684407929,2,1
IGHV3OR16-17,0.00016830197848760706,1.550060005022117,1.775386528159172,1.6735507507675786,1,0
TRIM9,0.0001681464533838232,3.025653673741396,2.9191500167107205,3.2192597242817427,2,1
CDK14,0.00016662088762685502,5.12630907652925,5.416888507097323,5.177917438863559,1,0
IGHG1,0.00016644368233950307,9.562155862695215,10.363866823556783,9.642035423553304,1,0
KCNB1,0.00016643811327311106,2.0632338080427517,1.7606961988278522,2.2245709988433315,2,1
INSYN1,0.0001659523181701017,3.2849472041628847,2.977275458507468,3.128995294314404,0,1
MIR924HG,0.0001659095695885604,3.0693375722124747,3.9764317675728185,3.1967955952630733,1,0
RNF217-AS1,0.00016578662231724192,1.7573592626698895,1.0279404349234336,1.8538753596298114,2,1
TAF5LP1,0.00016570001683890632,2.4525743413176633,2.9525180547066037,2.5245577267663166,1,0
CCDC152,0.00016557111492251545,3.372847455666468,3.1045328068207487,3.696069702052747,2,1
LINC02384,0.00016550204898126142,2.6475638984086856,2.543026927606125,2.8323109858494395,2,1
LINC01018,0.0001654911849995674,1.2729910038655268,0.8275367493436707,1.5920724975645264,2,1
SMYD1,0.000165080908124187,1.7279488555830829,1.001030907397408,1.5940390010786194,0,1
GBX2,0.0001648994746122837,1.9328962219406562,0.782602706190943,2.0196586359185242,2,1
AKR1B10,0.00016482968192646364,5.544718740616462,5.158855173323439,5.579243689494148,2,1
LY6H,0.0001644074948282944,2.28844763676628,2.7795909688864326,2.404758647372105,1,0
PLAAT4,0.0001641924450512864,6.373644208413738,7.381005187432836,6.340303081588453,1,2
LINC00861,0.00016418996479090724,2.664872516230693,2.8014887657329086,2.916044615921123,2,0
ANKFN1,0.00016385239674723714,2.271563058103888,2.068380660084537,2.5159220778348534,2,1
IGKV2D-29,0.00016332501914746866,3.3883546474294355,3.7489327923462223,3.281280032632254,1,2
PGLYRP3,0.00016301922825816156,0.8071634615298259,1.189729666089842,0.91425638782536,1,0
KLK8,0.0001625200317699167,3.0487997546527916,2.928194145852793,2.947763739851923,0,1
SEZ6L,0.00016251906921192205,1.6324929289932921,1.3639448698376493,1.7148695173998316,2,1
AGAP2,0.00016240149363237362,4.723872711975766,5.462026922649252,4.942376116901344,1,0
BST1,0.00016225288278519972,4.7951899444538,4.689352993152906,4.788640162891997,0,1
CAMK2A,0.0001620740261417979,2.1412586020840463,2.5054111326338786,2.301980929285695,1,0
ABLIM3,0.0001620042031590732,5.2961605471072675,5.723721754902835,5.3580509939045,1,0
FOSB,0.00016168296802884725,6.301301835213849,6.287148320674595,6.678680435853048,2,1
LINC02405,0.00016159044337126006,1.6761202060337288,2.019450252022514,1.826509431519049,1,0
LINC02747,0.0001611607629315893,4.873157828827479,3.693979842787734,4.764260651807567,0,1
ADGRF4,0.00016098759740998262,5.379873943184166,4.4114853174280615,5.3264296136917935,0,1
CORO2B,0.00016076589310753579,3.3482049152835405,3.1560738934799524,3.4320152554388623,2,1
FAM230I,0.0001606781629738662,1.5965370287815426,1.4276758461198606,1.9634921273049577,2,1
ZNF385D,0.00016047731444868775,2.5918231212737197,2.832409444360653,2.6861329282250783,1,0
DBH-AS1,0.00016023437742209904,2.6420682125962585,3.0579318399870643,2.8436114084408777,1,0
MMP1,0.00016009283533932118,7.249190228297434,8.277266845781693,7.019168918618739,1,2
NECTIN3,0.0001600636293346714,6.52768272347525,6.3178423418969345,6.561177402944325,2,1
SLC1A1,0.0001594642193252911,6.00080518515939,6.723767452269534,6.018548444188637,1,0
BEX1,0.00015878324468722682,1.7089893576664632,1.6467030346274907,1.5040933802238454,0,2
FOXD3,0.0001586929178291586,1.0303335737152592,1.0469096320421287,1.1294618782523325,2,0
ADAMTS5,0.00015817271199624827,5.057196270695465,5.024838903094031,5.103872508995057,2,1
AIF1L,0.0001579160657652736,5.021590529005436,5.889899786478611,5.037485294213751,1,0
LAMA1,0.00015746037530565296,4.321160163570571,4.689925905819475,4.2567125259855265,1,2
IGHV5-51,0.00015744672933046494,5.7779216479088795,6.080285399445903,5.961271434546674,1,0
PRAC1,0.00015690734525253099,3.6884312506244865,1.624001846296125,3.5816443103560696,0,1
MGC32805,0.00015681234496961352,4.012438978105164,2.147140915729291,4.008848307200051,0,1
SDK2,0.0001567562573308215,4.1196239454445776,4.388016396145231,4.070640212430011,1,2
CASP5,0.00015660864764477996,4.832245560222673,4.949946816941986,4.758359874928972,1,2
UNC13A,0.0001564926550470711,3.3023000473140507,3.6722175243849233,3.2349138087581726,1,2
NBPF7,0.00015648710166919582,1.0824005722623555,2.830182762750927,1.2468819238597217,1,0
HOXA-AS3,0.0001562890327912704,4.005667266876156,3.7737148649675043,4.062081618106041,2,1
TPPP,0.00015602581888115918,5.699867602275816,5.801357957032312,5.953776187835967,2,0
CCDC85A,0.00015564277332074766,2.037097473219863,1.4949647998411628,1.9176592566054533,0,1
OSM,0.00015540069723998969,4.5190484638206865,5.343211561440093,4.60013491945902,1,0
LOC105370401,0.00015522131428532626,1.8763904753159057,1.6442643638340138,2.1016991517778747,2,1
LOC283387,0.0001551716277816735,1.8172446382168046,0.784004343539722,1.753308933493304,0,1
ITLN2,0.00015484379073875884,1.884214462611277,1.3386162135995772,1.8903274780936061,2,1
HSD3B1,0.00015473063263803452,2.1809048746969224,1.3229953485989854,2.1954766222028446,2,1
CCL4,0.0001541588690866775,4.870920162332988,5.874718511614924,4.964588379144966,1,0
CRNDE,0.00015411540675375746,4.730322191468462,4.7441461908773785,4.811419837889121,2,0
MTX3,0.00015406781723995429,5.966629350195992,6.108463280493328,6.130716075590796,2,0
LRRC66,0.00015369184962860918,5.209581786002083,5.204202138667193,5.39780074574619,2,1
MRGPRF,0.0001532748020728789,5.461102670025201,5.306451080044243,5.312945778851468,0,1
IGSF21,0.00015320842387873466,3.172325363082565,3.2683347370567604,3.1316779404093356,1,2
ADGRG2,0.00015318977742890137,3.0435303440575625,2.8988766783929414,3.0563910001541204,2,1
GTF2H2,0.0001526897682964268,4.256337916858287,4.2927519012583,4.318110008712684,2,0
GREB1L,0.0001525449851869359,2.3829420802177586,2.203113303874136,2.6153122115190737,2,1
BTNL3,0.0001525145803096005,5.57277081619605,4.919201343767793,5.491510373460736,0,1
GSDME,0.00015249254081747915,4.503167783683063,4.769106203265583,4.514255959565329,1,0
HES5,0.00015235950878710204,2.095897137980905,1.8953298941746104,2.1051827351098313,2,1
ABCG2,0.00015215047562442793,4.07133091194775,4.27979361273209,4.3042457063635675,2,0
BACH2,0.00015210334527240139,3.5398777338317107,3.705702420258295,3.6854492513618076,1,0
C2orf74,0.00015189309755915607,2.073263609690531,2.256986548556741,2.098125063787584,1,0
PTGFR,0.00015136217810019046,3.6809463286499917,3.5463798074181696,3.6673396567569716,0,1
SPP1,0.00015135150842967364,7.308793421426392,8.44291464153199,7.491613289415913,1,0
HOXD13,0.000151309283818007,3.7758900845842835,3.19145135326684,4.330587550772037,2,1
IGHV7-27,0.0001510936573635079,0.9163539606273527,0.9093005225690988,0.8222497953840215,0,2
PRKCG,0.0001510511383074507,3.20933431644174,4.409602186587865,3.4757776938851754,1,0
NSG1,0.00015069763108905323,4.49945445473399,3.539964384270465,4.44889069730525,0,1
NPY1R,0.0001505545536551848,3.2511973913453858,2.2277608728853067,3.537380628760274,2,1
CPXM2,0.00015045306604257009,5.233809913826269,5.267732621325379,5.348514968401163,2,0
IGLV1-44,0.00015026807652215903,5.26090229907416,5.502441000146116,5.403613969774094,1,0
TAC1,0.00015018534205641436,3.2876109641206925,1.9387079629794859,3.217695020526288,0,1
PDE10A,0.00015009588886045027,4.24174645239348,5.345392715437628,4.304192139393608,1,0
FILIP1,0.00015003495132388797,4.171700555311276,4.136808277234954,4.295826865645584,2,1
ANXA1,0.0001498117730383355,7.561802382510763,8.112977091409045,7.689855521197944,1,0
KIF25,0.00014976666183896098,2.5164818879069277,1.8312877293063174,2.5885301862455163,2,1
AGR3,0.00014960363536833948,6.271350207385002,7.371958666212808,6.7097700559821964,1,0
CNGA1,0.00014958280027924177,4.351243862331376,3.666382148790481,4.645096781516438,2,1
ANKRD65,0.00014927387217618615,3.7621839743744347,3.537083352917249,3.700086893937844,0,1
CLIC2,0.00014925737027565733,4.923593610133295,5.281700619217995,4.91908458144912,1,2
MPDZ,0.00014920000246670386,5.123046366894809,4.97508601305187,5.149426745480182,2,1
GALNT17,0.0001490365499939984,3.656464724275338,2.9548886334969042,3.5503745641932105,0,1
COL3A1,0.0001490287753027151,10.691243389994217,10.868559566775511,10.536207331962599,1,2
TNFSF11,0.0001489191051650818,4.625848262880779,3.7328664831568696,4.650306681506626,2,1
SLC6A20,0.00014846393134888364,6.310466831523503,5.595847258481311,6.168763629914484,0,1
HDC,0.00014840175214887293,3.178749695616382,3.1206667085621755,3.1387063607646324,0,1
NR2F1,0.00014833121074717085,6.057574491854705,5.819630476923248,6.139773800322461,2,1
TMSB4XP4,0.00014832855629231642,3.589378871042513,3.3610441333128547,3.447629035823096,0,1
SHC3,0.0001481712946523106,4.578749940230123,4.294183349223103,4.744187898338949,2,1
SLFN11,0.0001480766899798941,5.713097572386059,6.1022015069104905,5.748880867024253,1,0
LEPR,0.00014790314191370237,5.075510011839491,5.120492853858105,5.150726111844145,2,0
PCP2,0.00014775823750298416,2.313220455570018,1.9553719833024592,2.7563770787276645,2,1
HES2,0.00014773417977983385,6.129314332929198,6.0055959081874235,5.907140383597517,0,2
BAHCC1,0.00014771538434745683,6.256986050515055,6.51482695503406,6.153564454494797,1,2
PID1,0.00014720738248917556,6.324211204017439,5.649311667788452,6.262357488162196,0,1
MAP1LC3B2,0.00014719296134185506,3.529375868664627,3.545547276518084,3.498108702873401,1,2
TPSD1,0.00014704353315157356,2.5602152241362903,2.525675971301021,2.5441771279092595,0,1
KCNJ4,0.00014661299562909586,1.10278325880624,1.2396427226987292,0.902948085228549,1,2
NYAP1,0.00014655280375889913,2.5635794984907485,2.81583078466616,2.7257877709556917,1,0
MFSD6L,0.00014640963641606954,4.348799929359441,4.439322832092886,4.243116125120099,1,2
LINC00858,0.00014636328962700851,3.581436254158418,2.132704055866105,3.6347566200696892,2,1
NCAM1,0.0001463516234547216,4.58415262507385,4.211923257552625,4.5646729817040965,0,1
EFR3B,0.0001461864669567855,4.443547907305549,4.121175837590016,4.491032794907578,2,1
STC2,0.00014616043839265575,6.627142587401256,6.131573236514128,6.561064022835363,0,1
ZNF391,0.00014594142816267962,4.996082163459422,4.832912764667551,5.165723921638444,2,1
GLIS3-AS1,0.0001458904465073761,1.1549192428464246,1.0996350323955504,1.131288003438932,0,1
HMGCS2,0.00014586189795501618,8.10032407429589,6.213574978909276,8.049361834647392,0,1
PRELID1P1,0.0001458447352746394,2.9914492702307305,2.9834339936399985,3.1314505447740486,2,1
NHSL2,0.0001454367564958997,2.550058601035386,2.6804552770356778,2.5460041708876293,1,2
HMX3,0.00014519410353546077,0.8184101110265033,1.896567388176652,0.954856052787916,1,0
IRX5,0.00014490541931649854,3.3241931455549367,3.232134520619104,3.2744894537950637,0,1
SCAT1,0.00014469501620214224,2.522671278984017,2.6994495661119697,2.407628731825212,1,2
NRN1,0.0001444496442668662,5.072835630323919,5.711095773598749,5.401778087595106,1,0
LINC02609,0.00014424752744575576,3.386123932508608,2.5568629435050645,3.2659953335265968,0,1
SLC14A2,0.00014413821402718625,1.566608093023701,1.571423211562118,1.745065464218965,2,0
PLA1A,0.00014404452809212043,4.802313911167873,4.578707483748805,4.984068572633108,2,1
EML5,0.00014402708674867023,1.6673551785334844,2.4638117950487897,1.6954800284590799,1,0
NR3C2,0.00014362784293605704,6.228467528548715,6.566479207449966,6.191057503431866,1,2
CACNG8,0.00014350468867483344,3.0362589071443082,3.250707662930534,3.0976172179565418,1,0
IGLV2-8,0.0001433994881821038,4.750352317805573,4.889396527621198,4.7556677504613045,1,0
FGF7,0.0001433988475864575,4.642682789150339,4.755025913484363,4.755362294458647,2,0
SLC9A2,0.00014328439566309946,6.147793214065257,6.184275041246209,6.139675991833274,1,2
AOAH,0.00014327337532856602,6.639848180307974,5.567204154723951,6.56055051257135,0,1
TMEM156,0.00014312143667221508,2.9246671129012,3.1815330015346097,3.0522631688670185,1,0
FAM66B,0.00014311721255605786,1.9476540604778736,1.7170466418388473,1.8780689073921062,0,1
RPL31P19,0.00014311654177800334,0.9618519349816791,0.8656031570782836,1.128790027350991,2,1
PLIN1,0.000143025618169059,3.097437776902373,2.762074601213735,3.2724736101299468,2,1
MS4A14,0.00014298392374154626,2.8161610523156044,3.3319165479325155,2.862275791994207,1,0
TRPV3,0.00014297370692808772,3.4639472212772375,2.9763955077723447,3.6637245621519843,2,1
HOXA5,0.00014290195655540682,5.437073115141455,5.30196483597287,5.468010538423346,2,1
BMPER,0.00014290125780537982,3.346411761691319,2.9268391677546095,3.209268747833259,0,1
EPHB6,0.0001427172845911621,4.146606510057949,4.467191944638098,4.140320073038335,1,2
NPY,0.0001427133662290794,1.1006734615746545,0.7246632232533808,1.090734493252336,0,1
GLT1D1,0.0001427119956733772,2.1753341812646645,2.920048984152197,2.133244811124178,1,2
SYTL5,0.00014264780822295195,5.101127944783049,4.4202547229492115,5.372064003812594,2,1
CNKSR2,0.0001424845507703374,2.0656328997086524,1.5219351318804983,2.1612797466245723,2,1
SLC25A21-AS1,0.0001422113090442109,2.7502167975321217,2.55073336197038,3.1828382590334985,2,1
SH3PXD2A-AS1,0.0001420326661387022,4.636681782040435,4.460930919990729,4.4627969873350075,0,1
IGLV5-37,0.00014201956638809317,1.5791980528187155,1.8358839566736755,1.3856790326787654,1,2
GAS1RR,0.00014189273259014614,1.196285155555769,1.332181057986082,1.2717384058706276,1,0
LINC00261,0.00014185607263030912,6.09089623288237,6.922417850682677,6.339613905639075,1,0
FKBP1B,0.00014165454277420518,3.8566038714314814,3.7644592785042845,3.933375295087483,2,1
KRT87P,0.00014157735824763947,1.2148402921316677,1.9681619958526553,1.3146807473076247,1,0
F5,0.00014151477832767263,4.559657397917339,5.026642993351732,4.955886592374013,1,0
TMEM200A,0.00014139427244102195,6.530288234524452,5.999594406899377,6.487043730033182,0,1
LINC01915,0.00014130100623806042,2.440280116464033,2.071976360520931,2.4702573756651187,2,1
SLC5A12,0.00014126366908161046,2.0607289366632715,1.3358393104701514,2.123265392192174,2,1
VWA5B1,0.0001411971336783366,1.9182763585212343,0.8403628909106282,1.9796540255075201,2,1
FCGR1A,0.00014113721434261134,3.6777510575389165,4.446407660229541,3.737457607490702,1,0
THRB,0.00014112922625901704,5.135549606441376,4.086348463594751,5.02261976611692,0,1
IQCM,0.00014106352278210244,1.1015999938315653,1.0491906271066576,1.1219423445791452,2,1
CCDC169,0.00014091882275134394,1.2426081349913998,0.950917513025597,1.3895182992373352,2,1
GABRB1,0.00014090247110018982,1.937207279624104,1.587496020987654,1.6400555254949332,0,1
CYTIP,0.00014085542250310364,5.3204230548627915,5.950419439999443,5.431994208066596,1,0
DPEP1,0.00014056211395328528,8.653002064136306,6.469867237248905,8.52258588295362,0,1
KLHDC7B-DT,0.0001405495896665474,2.4516943115765235,3.020591330500119,2.496246104228767,1,0
CTLA4,0.00014050475223477998,3.8984702936881055,4.534758887842112,4.016290594840059,1,0
THBS4,0.0001403614738727139,4.552433933042153,4.279321628340623,4.547206875370578,0,1
SPTBN5,0.0001403324700141356,5.168671076618934,4.620788491936625,5.3645961904380215,2,1
MMP16,0.0001401966024923494,3.7956212959406153,3.7336895261395253,3.750084672474715,0,1
ABCD2,0.00014017055052028965,2.3514709573525776,2.945282824649172,2.5184763373609407,1,0
CFAP65,0.00014004407590533446,3.192908374428427,3.155708152804151,3.574851678745337,2,1
HS3ST5,0.00013982586344186718,1.5521391882098814,1.0360732650692719,1.6878180345368305,2,1
HABP2,0.00013972923298803333,2.2955543686960707,3.2178808348563868,2.3533722509528388,1,0
LOC101929718,0.00013972229304080435,2.440227011988015,1.8799145335926382,2.6601667144792245,2,1
CXCL3,0.00013953362886921287,7.007010113423528,7.213675357215543,6.91432844348527,1,2
PCDHGA10,0.00013952249846039394,4.598277900021944,4.475494816603688,4.580036899724886,0,1
L3MBTL4,0.0001394702356632146,4.4007459799595505,3.5009081301362515,4.187107953085184,0,1
TMEM89,0.00013939174931787806,2.010614747088866,1.4842039601621955,1.9629338416412436,0,1
KCNF1,0.00013938558883587132,2.545559933979522,2.2108036322582385,2.3222789364116694,0,1
VGLL1,0.000139156051896697,1.2849734089978746,0.6651312930032071,1.5394838304848717,2,1
ANGPTL1,0.00013906904313617816,2.900981944532569,2.820218739801783,3.1286834251011255,2,1
LCN2,0.00013905985926325462,9.23263422039956,9.463402768313838,9.09805288879977,1,2
SNTN,0.00013894927234135314,2.025975899849662,1.423984275434506,2.1569546404447593,2,1
MEIS2,0.00013874740139700848,4.611933274847592,5.346408564341592,4.859376378735164,1,0
SOX11,0.0001387406052790139,3.1974543859536575,3.2163907152568445,3.156026733032207,1,2
HAVCR2,0.00013871905134158564,5.24243417464943,5.997979475190535,5.2689761004909235,1,0
PROS1,0.00013869912472761522,6.723779885063156,6.950214637626932,6.657711593739723,1,2
MAP7D3,0.00013862315075929257,5.250926597757885,5.471436551991075,5.286523310809785,1,0
DKK1,0.00013851873604423735,3.030873465745077,2.302827253095208,3.2200231992046895,2,1
LINCR-0001,0.00013851119666276159,2.4924362686614034,2.1464507029934112,2.589830162333366,2,1
ZSCAN23,0.0001385089323444954,1.285073309139324,1.3658758746160118,1.3998102026936192,2,0
SCN7A,0.00013843446655634594,2.4544315007229858,2.0400138065789157,2.506109073283755,2,1
RGS6,0.00013837852199284444,2.5364203322601666,2.752799621876407,2.807755690336032,2,0
IGHD,0.00013837852199284444,2.879100131871281,3.5160267240309695,3.0705902794453093,1,0
FOXC1,0.00013836908874502874,4.8633642227918825,5.184100222726665,5.026047429899685,1,0
SLC6A14,0.00013797945894609046,5.243050766692552,5.935197355791812,5.403421596312278,1,0
PRDM16,0.00013796985973295217,3.9347666227626577,4.788415151084348,3.958875266711002,1,0
TNNT2,0.00013787359859918658,3.2050378608139107,3.1233513805021587,3.5395268877021504,2,1
RPS7P4,0.0001376221415495651,2.196911674872033,2.083966415499915,2.3155889791061415,2,1
LOC100507403,0.00013757673724677541,2.29454981487222,2.794847808543046,2.308563285727586,1,0
CXCL11,0.00013754508509988337,5.370504956032302,6.114225191926014,5.323665029934202,1,2
CA7,0.00013727057095935563,3.430739493339571,2.938103743348796,3.3636555168998985,0,1
CFAP46,0.00013691859206557656,1.6134384224495333,2.794208508333453,1.8238503906154193,1,0
AVPR2,0.00013681021629177265,2.705463349905643,2.616238768741972,2.801373393463166,2,1
ARHGEF4,0.0001367069315601436,4.315089944214431,5.0579370017956835,4.39370597598344,1,0
SYT12,0.00013664533408422477,2.8732565775164822,3.651833015949686,2.9173147687028558,1,0
ANXA13,0.00013635980476581647,6.286222678161572,6.2075532664136635,6.717412823052284,2,1
MAP10,0.0001362789472481396,3.479597458450855,2.83816146558582,3.4214534431854875,0,1
FGF14-AS2,0.00013570132457251872,2.2039386404915553,1.9105692757282098,2.1818440479401984,0,1
SHANK1,0.00013568785576886308,2.4018037025600107,2.626306817008393,2.363136566399361,1,2
ART4,0.00013566848896581044,1.495619879681902,1.4417512164968087,1.8530162390299896,2,1
PLPPR1,0.0001356353824199656,2.189567406264446,3.3035335107756447,2.3937105909559135,1,0
RDH12,0.00013558950238448908,2.406447367664426,1.8543374036359932,2.679705692969192,2,1
ZNF385B,0.00013558698069159224,1.921705233005879,2.256636160241375,2.0606307107720445,1,0
ZNF649,0.00013552181071594774,5.491203913573916,5.081839492234758,5.645444918818539,2,1
WWC2,0.0001354434696980156,5.57170498559722,5.461143031845291,5.533760021476416,0,1
IGHV2-70D,0.00013534202349007517,2.2799300361084294,2.8644149029459407,2.545949154627137,1,0
IGHV3-53,0.00013522514811544145,3.989478610096362,4.3555930094962045,4.002601369301587,1,0
FAM107A,0.00013518478158561591,4.199032865912709,4.095157874892093,4.37144174407629,2,1
COL16A1,0.00013514485746456988,7.173794065359997,7.329254658809091,7.218385087462079,1,0
MTRNR2L1,0.00013509813890885263,2.78290354648322,2.382442095693063,2.4844318735834237,0,1
RPL17P6,0.00013503688041345292,5.127962886836081,5.642236333367834,5.3235529875728895,1,0
CYP17A1,0.00013479228435418192,1.3528277155346706,1.295548049576153,1.3383409495611263,0,1
RPS3AP20,0.00013449504164011653,4.2324376479136046,4.222447818251707,4.33472443042991,2,1
PACSIN3,0.0001342661902842476,6.224066821619442,6.436164074607342,6.352691405378395,1,0
GPR150,0.0001341126942398737,2.5171969536600103,1.8098466919242266,2.5635732554068307,2,1
SMTNL1,0.0001339059439987848,1.85969321708029,2.545238106129605,1.960428035593721,1,0
BRSK2,0.0001336706624023939,4.872494474863095,3.5882410540483396,5.007884607694244,2,1
PDE6A,0.00013348192809390855,3.0146976863529846,2.1310923156320047,3.07539399184005,2,1
AGMO,0.000133462585515191,3.5035449765477655,3.0478798592349916,3.8004638418913745,2,1
CYP1A1,0.00013338635777889287,0.9668739756879037,1.6037795381341486,0.6475308100957453,1,2
LRFN1,0.00013310558456130752,3.302344109517839,3.423985049307278,3.4757424153678125,2,0
BARX1,0.00013309520659273374,1.7351335077699372,1.8329377988347548,1.7886434311012247,1,0
PFDN4,0.00013305028415979252,6.792093351134577,6.219509085475446,6.893673901655847,2,1
TMEM151A,0.0001330215821022641,2.5695064008054675,3.2719943301218057,2.613750904374496,1,0
WBP2NL,0.00013299647442215203,3.0495600922751027,2.535482219218611,3.0064950549866416,0,1
RERG,0.00013287471173595707,4.334641540169685,4.065704865567329,4.393366976319342,2,1
CES3,0.00013275361477054528,6.821251404033172,7.002392198624495,6.8158077937407855,1,2
UGT2B15,0.00013274872504963684,3.918298472125397,4.006585071822074,3.9626749948575966,1,0
PHYHIP,0.000132702196622365,3.452090995087334,3.6949538821715686,3.584317919514647,1,0
FAM83A,0.00013267188710244313,3.327953061878735,3.8141053667242026,3.32731524456322,1,2
TET1,0.00013254359266980242,3.4308166608882886,3.1791861039316998,3.547995721809754,2,1
ANKRD1,0.00013235919815674709,1.2394249008496645,1.3595848881220747,1.3159119476345837,1,0
CD8B,0.0001322602882472707,4.06415398281519,4.395737629008292,4.219715009361261,1,0
ERV3-1,0.00013203711316943422,5.732137012043356,5.26690907020569,5.6731404997255055,0,1
CCR8,0.0001320336443136572,2.38617516151325,2.7473158020186186,2.4183438092631513,1,0
GRIK3,0.00013194746434932767,2.92889595864114,2.4732686446609655,3.013529144651007,2,1
PCOLCE2,0.00013173829590860847,2.837605810611736,2.5907715195582157,2.933002298231109,2,1
SNURF,0.00013149992231678437,1.4134040832070371,0.9627485736036979,1.4894168555095546,2,1
ERFE,0.00013145918201393713,3.6862989115595375,4.74291079276275,3.9093158493184443,1,0
RPL10P6,0.00013133341711335907,3.915602596125073,3.8370969409509197,4.024093039424792,2,1
CCL7,0.0001312776481867114,1.660580244969932,2.4264796173018075,1.6637257004740016,1,0
CRABP2,0.00013087683640617182,4.991281645305901,4.893528870575584,5.145716998079412,2,1
SLA,0.00013086251234907742,5.586583472311386,6.239450450630233,5.669192327077404,1,0
DPF3,0.00013084273196234015,3.710190813528038,3.8647172759383266,3.6790388392065934,1,2
EPHA6,0.0001305889826820312,0.9777101828212521,0.8812729007785756,1.0324863391044223,2,1
CELSR3,0.00013039507139773636,6.637209125048726,5.941151831653401,6.739168100936674,2,1
TRIM29,0.0001300006581283318,7.65968880264872,7.833015997845179,7.5687211657254085,1,2
NPIPB2,0.00012991575214191625,2.2839861129430723,2.4219930547503354,2.553311841060701,2,0
DNAI4,0.00012982341634995364,4.419423898973009,4.194028523558428,4.457845411149336,2,1
SLC7A9,0.00012955572647126555,2.3093132479687206,1.8732202281465522,2.5871497494289226,2,1
TMPRSS3,0.0001289597708936317,5.672239417079772,6.444119759765255,5.581645049439087,1,2
SLIT2,0.00012858639135151313,4.647785341557906,4.527810957241679,4.808330963292854,2,1
SULT1C2P1,0.0001285571335205133,1.1715381879612807,1.439127342123325,1.2504298770428928,1,0
LOC642366,0.0001283447999660415,1.893324673905962,2.4809453857968164,2.099786544280329,1,0
HLA-DRB1,0.0001283033007785316,8.483126482855015,9.31132944787967,8.602799814533698,1,0
NEB,0.00012826444338594897,4.172996910961302,4.082943599140298,4.403652036497589,2,1
EGFL6,0.00012815372513002286,4.559327435871154,4.802123769405915,4.48617544282502,1,2
MCOLN3,0.0001276599085601229,3.67507368844679,3.8769462131054473,3.9703511167866328,2,0
RNF150,0.00012700116816843297,4.14683009078622,3.9978189251456198,4.129234166109368,0,1
HMCN2,0.0001268489118899349,5.853273375828385,5.389635945306786,5.6431260546076025,0,1
PSPC1P1,0.00012684044453412728,1.5076539491819838,2.1506833580855926,1.6823369408004227,1,0
FADS1,0.0001267214113913997,6.517015834653458,6.620993636686731,6.56892642217963,1,0
SLFN5,0.0001266831810741621,6.6604996732000386,7.162023194241264,6.575322395492377,1,2
BHMT,0.00012635438109164196,1.1449057920280064,0.9005162383575235,1.1001981830095917,0,1
CHL1,0.00012623114597085357,4.112007807950035,3.965820150616228,4.073998154506175,0,1
AZGP1,0.00012605307738645333,7.714429015534226,6.505169390243459,7.641229621745958,0,1
CCDC8,0.00012528896785209736,4.474104784759746,4.419634305314227,4.437084775539719,0,1
TF,0.0001252165951973627,2.5053298980245597,2.265481793493749,2.8529966485273346,2,1
SFTPB,0.0001249064874199093,1.5726404204173237,2.1159494027583676,1.6570839562607127,1,0
LINC01612,0.0001247560552466124,2.8038465831599537,2.101687302781325,2.8951322893158564,2,1
IGHV4-34,0.00012470863527939277,4.889342037866458,5.3106331381895435,4.759758431974806,1,2
RBP2,0.00012387124672468472,4.337396204931965,2.3275356421795417,4.129720694640652,0,1
GP2,0.00012323267962617896,2.2001323338579297,4.1494577847661835,2.6261439336858166,1,0
HLA-DRB5,0.00012270263565961504,7.209201540688534,8.00704382763038,7.255128958408398,1,0
CACNB2,0.00012253945967792866,4.60842593466278,4.457762794638274,4.698222432558592,2,1
CLEC3B,0.00012187194248289084,4.2958252986220264,3.88844969074773,4.340149821889528,2,1
LOC105369201,0.00012174834056371513,1.7966832155378998,1.0061855696097035,1.6910781320874215,0,1
GPR155,0.00012137056231364218,5.376760741093314,5.407940751601782,5.569167556524803,2,0
SIGLEC10,0.00012114732922049842,4.985553218566931,5.484587099009616,4.99276393632194,1,0
IGHV3-63,0.00012093832114962493,1.7177357204197725,1.5469364611650145,1.750963280508561,2,1
CD300LF,0.00011987883638495261,4.12724103645252,4.791517901334479,4.204050795553811,1,0
LINC00654,0.00011852342498346727,5.140650927763731,3.809469289067485,4.798414568215769,0,1
MUCL3,0.00011832370119599367,1.1452735240551086,2.4064997315789984,1.3298452988953338,1,0
FAM24B,0.00011775624720480655,3.7243258648583426,3.3209928634870027,3.8947155236611937,2,1
SLFN13,0.00011761674832692838,4.867738715556914,5.3260265030231535,4.830793855372959,1,2
ZNF43,0.00011663435620400972,4.929822635404205,4.019223046523202,4.91082435946153,0,1
BMPR1B,0.0001161441191654959,2.5822789841535556,3.073737433327995,2.9865043798320285,1,0
TOX,0.0001158692530204315,5.236387848150015,6.177838311947529,5.295593729658403,1,0
RIPPLY3,0.0001151134029564515,3.524271327415476,1.7148791709065057,3.40342398545571,0,1
TSPY26P,0.00011471262454124046,5.0452470689640005,4.002129145840096,4.953496477406557,0,1
IGLC3,0.00011452278624150656,6.735557075911041,6.854875190540978,6.840746480601483,1,0
LOC105370792,0.00011434591187544995,3.659521079572223,2.506642494782531,3.6813051107979535,2,1
IGHV3-7,0.00011296328965733066,2.0586093116904425,2.2573489797234445,2.2418153368770235,1,0
CPLANE1,0.0001127096161677184,5.334323287097668,5.1374606088616765,5.42064188866606,2,1
VWDE,0.00011163464814723146,2.0431875970561015,1.22983347008508,2.423986089394303,2,1
FADS2,0.00011142693986208952,6.965896667387272,6.954454969848947,6.904470214299135,0,2
KPNA7,0.0001112287464056693,3.185168357761604,2.6226081199184805,3.1399216128333896,0,1
NRG1,0.0001112220377217967,3.990152725488791,3.6326479063476715,3.6897286432347403,0,1
SPRR1A,0.00011066233209142873,1.2633316899917428,2.120531974495729,1.5710012720476658,1,0
LEP,0.00011005531179870441,1.064669433262769,1.1615721429388945,1.1779768409338185,2,0
DKK4,0.00010970700914756987,3.228229529300601,2.9421165215915543,3.31067464845412,2,1
IL21R,0.00010915306976143791,4.124728096794676,4.753531331296387,4.089143808126034,1,2
SNORA71C,0.00010900656606477415,2.4934993157425325,1.9612786102247264,2.5575220775192054,2,1
BEST2,0.00010887926938710857,3.2071894794046334,3.1687936364618605,2.938124927010153,0,2
BMS1P10,0.00010859261000835632,2.583013471025098,2.384627290379652,2.609997789948271,2,1
RBM20,0.00010710435335018154,2.4400479045158683,2.3335688892330406,2.5247690894653423,2,1
CGREF1,0.00010628251598788233,6.754274133580444,6.248621297302359,6.895217754211538,2,1
BTK,0.00010602225925054986,4.471686869482028,4.881821756691972,4.542954406706607,1,0
TG,0.00010590130018886159,5.482877065903712,4.009384591630469,5.428120061410444,0,1
TMEM74B,0.00010450914169019494,5.067003127051682,4.98512746376508,5.457699581173733,2,1
CALHM5,0.0001044125995000219,4.885827739106452,4.933719870251968,4.861243520328196,1,2
ASB12,0.00010364474792710508,2.476933301053304,1.6814522254056226,2.5675201231186318,2,1
IFNE,0.00010313911220737218,0.7112830013443533,1.554308423873062,0.8108894074734053,1,0
CD1A,0.00010313611186670371,2.768444372950415,2.8627312665647366,2.6756857138435057,1,2
PTPRT,0.00010181686405561829,1.9785679005394774,1.3625548136398926,2.002179609633965,2,1
AMOTL1,0.00010135353558402847,5.99882856911647,6.011614479832438,5.9521796518699706,1,2
CXCR2,0.00010111294735060929,3.4363365922670766,3.730884483500932,3.315030947993448,1,2
NPY4R,0.00010062948218195493,2.2804992122640306,1.6140109588067204,2.0676360835849588,0,1
SPTLC3,0.00010061024317242467,4.805231893839123,5.435261784294845,4.932889613384227,1,0
TRGC2,0.0001002535622800941,2.543016525502036,3.5217948914621053,2.6623194672646644,1,0
IGKV1D-33,0.00010018257047458525,0.9137734151813416,0.8648426903503215,0.8455846176467628,0,2
PLA2G2F,0.0001000642154522042,2.1450117732334864,2.140719203837873,2.3707680648020366,2,1
CIDEB,9.970065047540975e-05,1.6267522976598443,2.0890580205086,1.5477473552871783,1,2
EPHX4,9.907285231234608e-05,5.376426782598131,5.369941164794487,5.466198662977259,2,1
GPR84,9.899872448770945e-05,3.3623384875408373,4.096515054809815,3.321665810900887,1,2
SRL,9.888632818802145e-05,2.7604085643808753,3.1472689344258358,2.921777905304809,1,0
TRAV13-1,9.839209282997521e-05,1.7424000432777142,2.088661963387263,1.817206570329924,1,0
LINC01836,9.838400555468361e-05,2.9287430174339533,2.3136212154363562,2.966068285240564,2,1
NLGN4X,9.82850600486362e-05,3.394075610472915,3.3067081682881305,3.4257087496927268,2,1
RPL10P3,9.816247163525788e-05,3.158725683756404,2.85736050714443,3.1707444244141647,2,1
ZNF80,9.784114903228055e-05,0.9139197404857748,1.388355029622409,1.2529920428514199,1,0
TRBC1,9.782645435810546e-05,2.098029761403403,2.41408807177677,2.255027571222561,1,0
PRAME,9.701332142832897e-05,3.217390630251314,3.1682808883087676,3.5164599417802305,2,1
ALDOB,9.687084587216167e-05,6.12134204876167,6.273246738459746,6.498079622020682,2,0
RNU4-1,9.594738629125328e-05,1.1813012064961679,1.2918024211404255,1.046689845282108,1,2
PAPPA2,9.532271243338549e-05,2.2285202595509133,1.9628338200924709,2.101298207962977,0,1
OTOGL,9.444149778491759e-05,1.9861065430756293,1.8103917266617824,2.286271367275043,2,1
IGKV1ORY-1,9.421152332286072e-05,1.596440852046328,1.7347117013338067,1.5016528619932492,1,2
IL12A,9.334944814732173e-05,2.901276903973852,2.8188055711178124,2.848125556439132,0,1
MRLN,9.313385215841845e-05,1.2794058859793656,0.8687114801822399,1.3423650965661116,2,1
P2RX5,9.301255260965518e-05,3.766986492720216,3.6678567452170476,4.030647647463372,2,1
COL6A6,9.258962262123212e-05,1.7748596762055822,2.1927996935486904,1.6642711903072056,1,2
CFAP74,9.224326393565112e-05,2.584809451207034,1.7967932375162405,2.6068173389373905,2,1
KCNE4,9.220281641228093e-05,4.909515151026052,5.109585872546472,4.971037915913952,1,0
IKZF2,9.158760656031404e-05,4.551761133813741,4.984566538742857,4.717272951517854,1,0
C20orf204,9.09270618011527e-05,3.3906357473285724,2.902974342183401,3.5350282376625124,2,1
KCNQ4,9.03737872686981e-05,4.470553333623212,4.689438290251954,4.70358416612818,2,0
CPT1B,8.995567304867955e-05,3.906235324429159,3.8390127373590106,4.1316074168527805,2,1
PLA2G4E,8.82440235440335e-05,3.0433492813311265,2.0875056839061656,3.0758180633919525,2,1
ARHGAP31-AS1,8.779765997863962e-05,2.007368893613062,1.8290923388553615,2.2167873989600957,2,1
RADX,8.737805347882012e-05,3.9932284793241815,3.982609747168827,4.142057047079654,2,1
SNCA,8.729435823754577e-05,3.516845411622114,3.6202346147516042,3.6777375193728012,2,0
APOL1,8.701637932492127e-05,7.871627767140004,8.677172150384278,7.832317425663105,1,2
BEX5,8.677357638744673e-05,3.5622209413929697,3.0333498977707327,3.5225781681306065,0,1
SLC17A4,8.652635822110082e-05,4.584514583058187,3.863233711301639,4.687427357660694,2,1
SLC25A21,8.543859828917836e-05,1.9542033364989266,2.79587009865029,2.409966729465746,1,0
CYSLTR1,8.516016074941786e-05,3.614985400770609,3.7549362150759946,3.5997928191062205,1,2
ZBED6,8.511344486202176e-05,4.212663122584315,4.493614458935242,4.281739946832046,1,0
RAI2,8.471141509743876e-05,5.304557530564499,4.495199751456546,5.27132454062576,0,1
SH2D7,8.336035950991731e-05,2.3163392823164757,2.141859570133058,2.366935613708099,2,1
RPL39,8.322768304060988e-05,8.291436606612294,7.943184090265092,8.378641629780084,2,1
RPL23AP42,8.30347621358023e-05,4.084044517755378,4.0815554485920975,4.240677059009125,2,1
SYNM,8.268295510117594e-05,5.852714876515178,5.247790564890663,5.900073343302687,2,1
SLC6A18,8.259378941928907e-05,1.1447343560630932,0.7362237107131249,1.2951278877694545,2,1
ST8SIA6-AS1,8.247314536931527e-05,1.3783783767723021,1.2243571517102148,1.3938559820245404,2,1
SCT,8.219979965293374e-05,2.7122392564513085,1.8994954154431642,2.789827806380448,2,1
LINC02257,8.200732330271659e-05,1.612305422991997,1.8959857965920373,1.6648743895714777,1,0
KCNMB1,8.184925777671692e-05,4.80187369607342,4.693641994412935,4.79973328642273,0,1
RPS16P1,8.177958042497931e-05,3.730125502061711,3.5443765830528577,4.018083805148063,2,1
NLRP12,8.165586334570491e-05,1.9617600718558987,2.2670534112871517,1.8870188959335263,1,2
PELI2,8.135437238602458e-05,5.70988010895314,5.624754611661124,5.670655124541325,0,1
IGHV3-60,8.106690434284432e-05,1.5538211117890992,1.282632779449317,1.48599193558046,0,1
SLITRK5,8.094676261804611e-05,1.8897903359808574,1.8651251263193875,1.8382266794228659,0,2
C10orf99,8.08290460024667e-05,7.503150296454354,4.817229209386037,7.232239947319028,0,1
RANBP17,8.069520012158823e-05,5.053831923532944,5.0169832328625175,5.081132402938051,2,1
SPTB,8.061278866151587e-05,3.403370956732181,4.284753553514974,3.5634493550461737,1,0
IGSF23,8.053516902623653e-05,3.0422377222383474,1.442693887848818,2.8227828661961287,0,1
DNAJB6P1,8.043015803196013e-05,4.192411803908652,4.314275713973863,4.29947876904753,1,0
CCR9,8.042781014540152e-05,1.5781627122560147,1.321491971426369,1.7770912477648066,2,1
ACTBP1,8.04255411241626e-05,1.914038923990448,1.5521726098184974,1.8718175660520968,0,1
GHR,8.040583457527449e-05,4.163837818466058,3.5564906554200477,4.139226954010703,0,1
PLPPR4,8.02910596159433e-05,3.9794946980802504,3.977502021388862,3.918593087507388,0,2
IGKV1-17,8.026962811324544e-05,4.495648320557546,4.863509401351759,4.635807674390175,1,0
NCAPD2P1,8.010537746125765e-05,2.1053869322442553,1.8201762015243776,2.2799908344017763,2,1
C3orf70,8.009814959358388e-05,5.56365788769522,5.826188716062545,5.603514388136215,1,0
PCDHGA7,8.001815684722636e-05,2.6187468097685502,2.725688991997841,2.646081347333235,1,0
CST1,7.99794670895399e-05,6.057967379414242,5.208981091655619,5.892664418857522,0,1
MIR3189,7.968111630668397e-05,2.50473651127807,2.1417725970812413,2.6237227263330554,2,1
CLEC10A,7.965019084366749e-05,3.950967980632945,4.304599711930892,3.8436061268247212,1,2
PTGES2-AS1,7.964653248884259e-05,3.254124857557933,2.6027741432053397,3.4385913103653705,2,1
OPRD1,7.961085851814316e-05,2.7903544356132888,2.7817336414251326,2.927062030926608,2,1
CLIC3,7.959495042084025e-05,5.045512605514859,5.199729771506098,4.855887669721036,1,2
CCR5,7.958711298965035e-05,4.780343517129051,5.369652092173399,4.8623140600661685,1,0
IGHV1-3,7.952279317589648e-05,2.3819774311858697,2.759405071913941,2.4085052907193325,1,0
C4BPA,7.94340943535671e-05,4.89339589967087,4.428625997804678,4.704195072443188,0,1
NOS2,7.931806771993353e-05,6.747500639771016,7.352504541748853,6.696215338854072,1,2
NELL1,7.920734765994622e-05,2.0781143866462544,1.1741152675565734,1.9902371828507275,0,1
EPHA7,7.914284793477267e-05,3.397718384570954,2.5362430985360196,3.2555956003560595,0,1
LRP2,7.911681286790042e-05,1.2664528422106156,0.8684282532775721,1.5315961875524602,2,1
OR2W3,7.895607625625689e-05,1.5117027091344122,1.1667572201645198,1.3780308354273365,0,1
SLC6A8,7.891558144558924e-05,8.024500968794698,8.019311498894846,8.011817892138241,0,2
PGGHG,7.890834900329478e-05,7.542290444921977,6.986479433991076,7.731028462494444,2,1
CAPN9,7.883017703487245e-05,4.899220423698798,5.405268903315719,5.078214289556258,1,0
SPATA18,7.882835807525721e-05,5.122036591327095,5.737613275505335,4.992126118704608,1,2
EIF4BP3,7.88212381546255e-05,3.27474679832524,3.2906613219136944,3.3350926417627242,2,0
KLRC1,7.871322988459769e-05,1.7190859268484124,2.8241719468766058,1.7871578405190884,1,0
MTND2P28,7.870588445737664e-05,8.244220441364403,7.988822223077322,8.428073592202434,2,1
RPS8P9,7.868113790620874e-05,2.120339083592603,2.12832801709617,2.157147416476608,2,0
CD163L1,7.866711464477817e-05,4.922015944263088,5.051780251613149,5.083844001979401,2,0
VSIG4,7.864255232676285e-05,5.3111709584973665,6.082617293657898,5.290971536170204,1,2
SVOP,7.862613446238212e-05,1.4016658459768858,1.6959627645997433,1.5893953482420615,1,0
CAVIN2,7.854393819306101e-05,5.196619335308391,4.9601323914638655,5.279343411279106,2,1
XXYLT1-AS2,7.846141188646112e-05,1.179385993208393,2.3103707028425973,1.3675488649346383,1,0
CKM,7.84472976381461e-05,2.257165140912611,1.5994205264569765,2.3100953628093364,2,1
ELAPOR2,7.844140041474108e-05,5.050844369151127,4.4519505030177156,4.967968748022011,0,1
RPS10P9,7.840782949433406e-05,2.0099955765153097,2.016582375945027,2.231521449781867,2,0
UPK2,7.831649946882531e-05,1.7375289086655052,1.125374422203409,1.7002940486435076,0,1
LINC00942,7.824355731121918e-05,2.135685791986127,1.1682080292435022,2.070363793736874,0,1
EEF1A2,7.819589366482524e-05,3.4552464778726493,3.0543704176605133,3.34131285278287,0,1
CREB5,7.818622344527212e-05,4.92189915504382,4.926945338427198,4.9886976919092945,2,0
IQSEC3,7.816626096946149e-05,3.2148763570356755,3.476822798530498,3.263193204819523,1,0
DRP2,7.809348524552734e-05,3.5023918738224973,3.8066702570677857,3.6358319016644165,1,0
WFDC10B,7.807777075719027e-05,2.108387073498791,1.3923685407165574,2.3511889157906007,2,1
CAPN8,7.80704229657985e-05,7.094736544631942,7.0360398749245645,7.343598873665483,2,1
H2BU1,7.801575506438931e-05,2.6283959785222586,2.6420141306914666,2.6296026791864384,1,0
CD177,7.799189678372767e-05,4.49130902711981,4.7870196054104595,4.338527075598688,1,2
NBPF26,7.797562978021617e-05,3.3406458363988527,3.4712117260528332,3.290814511001499,1,2
NGFR,7.795587598202851e-05,4.025208162613958,3.5384028622427963,3.9768841573429268,0,1
FGGY,7.781336027837074e-05,6.72593298032497,5.95042577177272,6.359639361146143,0,1
MIR559,7.781255906278694e-05,2.56932118929511,2.159606077194961,2.7241640444702107,2,1
GPRASP1,7.779341072818385e-05,4.6701702709328226,4.179202251464101,4.779191362477682,2,1
FOXC2,7.7777748647672e-05,3.132307966126489,2.5567799644659432,2.959339267619396,0,1
SIGLEC17P,7.776238571954146e-05,2.120677377233757,2.2209118240392605,2.1349033174303043,1,0
NAP1L3,7.7643676915632e-05,3.280646296420585,3.032217356990317,3.3321991123293695,2,1
GUCY1A2,7.752213979676675e-05,4.115194499384852,4.122847610128214,4.323182073307182,2,0
CYP4F12,7.751129550970022e-05,6.521709666521105,5.615405785244691,6.635685290757923,2,1
LINC01269,7.747241084580993e-05,1.6302212197383932,1.8751143876576464,1.5858067140205745,1,2
THRSP,7.74609570806168e-05,1.0893749918129116,0.920708429731026,1.2833163189314405,2,1
CA8,7.741257751921021e-05,4.592520415019853,6.276568021427619,4.918106379478358,1,0
AREG,7.730996746941521e-05,7.906208152309146,6.637528801681709,7.803439728910695,0,1
KRT8P45,7.730241842889655e-05,4.249617906976608,4.376798901254693,4.317915945114191,1,0
P2RY1,7.723554782471928e-05,5.218206704856164,5.6677948180172075,5.220538580005354,1,0
MS4A4A,7.71844921620026e-05,4.8950009853922305,5.502512794853269,4.979542597993957,1,0
SERPIND1,7.713674161883644e-05,3.0282566896025878,1.757687725738186,2.6970274339400526,0,1
TFF1,7.708926837808158e-05,7.157161157951327,8.12064940385991,7.272028570387503,1,0
TCN1,7.708227247882572e-05,4.683428048673716,5.777882407923184,4.330336494129903,1,2
LMX1B,7.70421991021614e-05,1.38820671226687,1.2806120234557354,1.3876700361960201,0,1
PLEKHG4B,7.694591801191165e-05,1.9267843146388801,2.147163196028203,2.1696480991054825,2,0
LYPD8,7.6922832723608e-05,6.01374484396245,5.235079509220864,6.057200297990321,2,1
IGLV1-36,7.69059006450454e-05,2.7851560296859255,3.358857446812407,2.7534686459787148,1,2
PTH1R,7.688646176191613e-05,2.5497161967335686,2.338778096297567,2.6700891095805535,2,1
VGLL3,7.680779971782588e-05,4.633285051327024,4.909799813563022,4.689050681805254,1,0
COL27A1,7.680008726461263e-05,6.564866477294325,6.549427750107126,6.536082317492442,0,2
APOC1,7.670481685330337e-05,5.9059669808128135,6.406778783996729,6.109425777017805,1,0
IGLV4-69,7.669313586935746e-05,4.586417054300687,4.860159275520991,4.772025281559698,1,0
IGHV3-42,7.668971769598475e-05,1.0666507553159708,0.8925345064270906,0.9860484882020996,0,1
CD86,7.668490951350131e-05,4.967181766765737,5.738832011959967,5.011373494442188,1,0
PAPPA,7.666974843825113e-05,4.422848146645472,4.654372824888884,4.189364188174936,1,2
FAM133B,7.664156062035854e-05,5.64663524109923,5.613125418819725,5.746307700809857,2,1
CAPS2,7.651360651812358e-05,4.008770172853958,3.6478702325023646,4.056014972735082,2,1
SYT5,7.64938716544165e-05,2.004553384643121,2.670435972625151,2.2346973500608964,1,0
LRRIQ3,7.64921660253965e-05,3.080238182223384,2.5403377840365056,2.9948396453174335,0,1
KCNJ12,7.649116404027588e-05,3.4775647524501343,3.3507767451094552,2.9452594785456925,0,2
MYOM1,7.647216482720441e-05,3.9575496019086778,3.840759986823095,4.094300190425316,2,1
H2BC9,7.639606958890202e-05,3.3094269803338427,2.854693447266889,3.3323672153844894,2,1
MIR4653,7.637236593300131e-05,2.635834837967495,2.3627578101870323,2.6680173357626282,2,1
EN1,7.637026391799246e-05,0.9179371098492555,0.8384980708733919,1.0890551001110274,2,1
POU2F3,7.636537039750159e-05,4.190079562121679,3.897887273843439,4.1394058034472145,0,1
FGFR3,7.63259200048848e-05,6.867145944987588,6.363497131155433,6.958616029949833,2,1
LINC01929,7.630168551174752e-05,1.6888864336800349,2.1685701306643335,1.5806153442064053,1,2
IGHV3-19,7.619699181975163e-05,1.7452360927976212,1.737113534118974,1.9761066350076733,2,1
CABP4,7.619004441690695e-05,3.5918319416818947,3.36077290910992,3.6207707780118614,2,1
CBX2,7.614898188220921e-05,6.165935011429243,6.169091818705081,6.211210183765047,2,0
OMD,7.606505258240552e-05,2.353804082924217,2.0165191058049445,2.494092820992075,2,1
SYPL2,7.605440376727646e-05,2.635563740181865,2.5101721475971526,2.7560382523531213,2,1
NLRP6,7.595962536978368e-05,3.51761380760696,3.296830591606916,3.5399639442545605,2,1
FGF9,7.59558141551808e-05,2.783542427479266,2.5534885134024368,3.009192607574126,2,1
ZNF813,7.59508085451582e-05,4.5613441793535525,3.9234116304462154,4.5350075612838046,0,1
MEGF6,7.59442771178826e-05,6.230227827358742,6.653821537612511,6.271643329635832,1,0
CALD1,7.585951125019537e-05,8.513853482933703,8.533501636265044,8.493788064104299,1,2
IGHV3-66,7.578958617339226e-05,3.265326087673053,3.519188223707115,3.139863462984108,1,2
STAC,7.578642601616966e-05,2.4828039526758166,2.9670561294080993,2.448414846997435,1,2
DKK2,7.573230451879332e-05,4.2794467161443945,3.932864736345188,4.062242929613042,0,1
SOX5,7.567983753768176e-05,3.1855520180167147,2.931198873158586,3.1942886207638574,2,1
LINC01169,7.561967314542034e-05,1.6172473467414672,1.0869058887601515,1.4145368167393708,0,1
SULT1C2,7.558255488420458e-05,5.456648505429791,5.493161853452302,5.493786548598619,2,0
OLFM1,7.54985213893966e-05,4.726692203872761,4.619204852710358,4.588784836157231,0,2
ANXA8L1,7.549444189261704e-05,1.413971498055374,1.4995187692554293,1.623708262164487,2,0
RPRML,7.543623323532705e-05,0.8748511258347457,0.7501062494840579,0.8887485865837894,2,1
DIRAS3,7.540688384872541e-05,2.7859362583521596,3.1864064024480423,2.932931667649733,1,0
CNN1,7.53811981504895e-05,6.631436885725514,6.460295570285059,6.655620312843669,2,1
CPED1,7.519985923061928e-05,5.369759291880176,5.023345948945738,5.360243040395608,0,1
CD1E,7.516654197681863e-05,2.7957108340535695,2.667582127934104,2.7720274211523774,0,1
LOC105371046,7.50460646389493e-05,1.4918565863965827,2.1503532911881087,1.462382249282174,1,2
LMOD1,7.50437715975698e-05,6.182701484472481,5.900653601313553,6.186607103457047,2,1
ADAM32,7.499056423711769e-05,4.379919285177256,3.0752594166517726,4.348580130808776,0,1
PRSS35,7.497463301450715e-05,2.4224712999658333,2.526101641663087,2.3854786287464855,1,2
FAM181B,7.494542767934254e-05,1.476170522222627,1.193616113015775,1.4667891014535028,0,1
FGFR2,7.492516151572936e-05,5.730265235834326,6.602154456722191,5.906981664190091,1,0
LRRC31,7.490262658543897e-05,5.909610642187404,5.0594375521777755,5.870203619060564,0,1
FBN2,7.487580042056108e-05,5.200339228330053,4.973540666193002,5.089989659455173,0,1
TTYH1,7.482858602095303e-05,3.3177745010780404,2.9085041384255295,3.5245857527721625,2,1
CHD5,7.474288550338466e-05,2.6842145427943263,2.9698441554593704,2.7548456691528243,1,0
CLEC17A,7.471796148819324e-05,1.5626084091884043,1.7900776892882466,1.623310726090598,1,0
MAT1A,7.47044616435482e-05,3.9267246065834764,3.2516357968720544,4.185400313952546,2,1
ATP1A2,7.470322995311484e-05,3.0374295014468307,2.2930083701548045,3.191393369702002,2,1
FCRL2,7.468388799137977e-05,2.534558934737668,2.7276414907247175,2.6339353615165044,1,0
IFITM5,7.464890208540732e-05,0.9955530209758766,0.5808607291065504,1.0650227522307527,2,1
SKAP1,7.462437325963431e-05,5.803860275788084,5.712476869486047,5.930941766478578,2,1
MUC16,7.460059173116038e-05,1.971936275910201,2.6089567911034264,2.402466706289466,1,0
LCN15,7.454618921270877e-05,4.2564262794406345,2.6821661635036596,4.271597670244827,2,1
MUC12-AS1,7.452369815586738e-05,3.290409260269955,3.445916327161799,3.5212240836628146,2,0
GPR37,7.450705235548537e-05,3.4949143231594526,3.9759181199143656,3.558982018834659,1,0
LINC00996,7.444670982976021e-05,2.8711903585687635,2.9433443647514146,2.9824976619585826,2,0
LDLRAD1,7.440015340146784e-05,1.7760639173533233,2.3184757984717432,1.8353371657786857,1,0
CCDC110,7.435326458560546e-05,2.902144528397982,3.463595789554705,3.0683152460258736,1,0
RPL13AP20,7.434538885116552e-05,4.4131380230981545,4.411022957253786,4.5667128581203515,2,1
PARP4P1,7.433384382192238e-05,1.923061807813233,1.6912161227037725,2.3921363558990993,2,1
IGHV1-45,7.431007416491031e-05,1.915195724858276,1.9023726379123391,2.0406901071138055,2,1
LRRC10B,7.428664638615418e-05,4.33307360519763,3.4364398774179246,4.2499654493042165,0,1
MTERF1,7.425220586168496e-05,5.55838055937832,4.405748827126592,5.424269884705532,0,1
FBLN2,7.423868263405749e-05,6.8304859718746185,6.864606280550217,6.680969320520638,1,2
RUNX1T1,7.422726079982961e-05,4.399091316202499,4.134711556694423,4.357759585305155,0,1
SPDYC,7.422077037717643e-05,2.7218413031030924,2.2061294276905263,2.7513916796883215,2,1
MT1G,7.42081380476636e-05,6.341555000835563,6.743916639509739,6.275965188479688,1,2
RBP7,7.409529889527989e-05,3.351428567846633,3.2378125549508288,3.5658541995473105,2,1
PDZK1,7.40860713375102e-05,3.3246719333436308,2.5643447381985762,3.460860324920725,2,1
ZNF610,7.408169976064442e-05,3.5169352942661427,2.78117693990517,3.4361682211040714,0,1
MFSD4A,7.402389401572894e-05,5.73648646536682,5.604451769333454,5.8027723673671545,2,1
MFAP3L,7.401109735850359e-05,5.193410399867216,4.536570963697142,5.033212615770872,0,1
IGHE,7.392456509049983e-05,1.4859040918405844,1.9813771585935303,1.3937406537338568,1,2
TNNT3,7.390172391418437e-05,0.9586318847645482,1.1260829390374258,1.2582096943799734,2,0
VLDLR,7.387143058373094e-05,5.2727085060669845,4.968291240899894,5.2854354969933395,2,1
RPL28P5,7.378442065371471e-05,2.6199216044412736,2.423504900654362,2.554175652049278,0,1
ACOXL,7.378229990476424e-05,2.319394967294735,3.1003941692488195,2.5299337567670594,1,0
ANKRD18A,7.373095567292846e-05,3.9817094827277995,4.2288679876861375,4.170813310136793,1,0
SRCIN1,7.370182352505826e-05,5.95456413873527,5.202853273452735,5.838218301605265,0,1
ASB2,7.362586588909511e-05,4.59401267903904,4.459847294344922,4.563987611472176,0,1
TNFSF14,7.358130539841372e-05,3.6354468483980265,4.059815876372239,3.6433202489875725,1,0
NPM1P25,7.35678537339274e-05,3.326066850437514,3.5714987074484963,3.4504400891275675,1,0
RPS19P2,7.350000841624864e-05,1.3163559782752283,1.3458901990720762,1.4804358946403082,2,0
ABCC8,7.345674957647027e-05,1.7964660074653238,2.4658882329570857,2.0407005922729358,1,0
ENPP5,7.341060879476759e-05,5.4555993317717695,4.783822442014646,5.486881431481401,2,1
CX3CR1,7.340715782444397e-05,3.2574753116149675,3.0843149702338097,3.213492817385752,0,1
CD48,7.339932476328253e-05,5.143496727570455,5.667755790812509,5.221924397917681,1,0
VWA3B,7.338618166149155e-05,2.630398416180982,3.308547568248516,2.9059933666227478,1,0
IGHV3-49,7.333530571753613e-05,4.5768690792570075,4.982248777187574,4.761139722580072,1,0
SMIM1,7.330190780813866e-05,3.1243519882549062,2.686818532344388,3.0550860908287234,0,1
LOC107985433,7.325770836841619e-05,1.7966612740016812,1.1023681737932634,1.9148677820348607,2,1
ZDHHC2,7.321845682872275e-05,6.413753975237111,6.5032625965248245,6.346726784069694,1,2
MRAS,7.311328087991602e-05,5.429294866779947,5.7586124217464025,5.43950503507716,1,0
DDO,7.308499233395034e-05,4.285639826030568,3.628349073258063,4.209077890134908,0,1
CCL18,7.307809757781611e-05,5.346008084374836,6.470615874835661,5.661302951759865,1,0
RPS19P7,7.307574325074524e-05,1.5921767859681697,1.5148318745274938,1.6500487397382424,2,1
DQX1,7.305882696747425e-05,5.475174511245075,5.78531786448906,5.520228195463354,1,0
GPR27,7.305182828374047e-05,2.2995747675565243,2.5644005904948224,2.363337006197607,1,0
PI3,7.286058717580938e-05,6.967227306506189,7.560514421294427,6.9029018254746655,1,2
GZMK,7.284181905029046e-05,2.9768286920715115,3.8794923535198818,3.1337177579717856,1,0
RLBP1,7.283799488792895e-05,1.4309170470732087,1.1672553116092494,1.624744561512903,2,1
MGAM,7.282208794902103e-05,2.997377708224039,3.4731352641521682,3.1362415952208225,1,0
EDARADD,7.280338563197671e-05,2.5118065896546717,2.6729902560831116,2.5268749686021237,1,0
FCGR2B,7.279483957382257e-05,4.118580500750922,4.877853960841123,4.186513509574251,1,0
SP6,7.27945998539341e-05,6.662130638147505,6.07176237235602,6.654283046498169,0,1
PLK5,7.278711757348595e-05,1.6549091204444288,1.2881368365147157,1.7639878252446997,2,1
HAPLN1,7.277181645006261e-05,4.068744664780685,3.717652295672239,4.1604702409311605,2,1
CFAP91,7.273557526158067e-05,2.599313489943412,1.8061875485078571,2.6201342764225726,2,1
NOMO3,7.267680758936861e-05,4.835279795827454,4.783415929677057,4.689792652339279,0,2
SPART,7.266577883927997e-05,5.461575007558094,5.560214282057301,5.436839042861714,1,2
ZNF568,7.264872404624337e-05,3.7992227036711506,3.5425146481714456,3.698298871154844,0,1
IFIT3,7.252928563563177e-05,6.358003592822183,7.038150527360818,6.289640456818147,1,2
IGKV1-12,7.25103050373285e-05,2.085380976052426,2.343737076093921,2.06527576242188,1,2
RIMS2,7.245148370662017e-05,1.0337017020639794,1.179649249861649,1.1356369687069812,1,0
ZNF702P,7.242245748065798e-05,4.930677930718815,5.045194535869591,4.993725808896955,1,0
BPI,7.239696699882067e-05,1.9345601373074823,1.4948799433511222,2.0263582696793936,2,1
IGLV2-28,7.23866545165133e-05,1.620313342729224,1.5544468206937285,1.6395728564459238,2,1
GPIHBP1,7.237863071191167e-05,2.407742274927102,2.468420920739795,2.428186921366969,1,0
TSPAN7,7.23744865280651e-05,5.946376631947487,5.452619441174737,6.184973591577901,2,1
ST8SIA2,7.220233062194739e-05,1.9869185059113625,1.988766789719545,1.941146490708441,1,2
SLC22A31,7.218879127700393e-05,2.6207640791731595,2.150721875938333,2.588198537186057,0,1
LOC100506688,7.218380326383951e-05,3.148051733663509,2.203407907078269,3.1311104992976424,0,1
ZNF285,7.216835433699737e-05,3.4835491340225215,2.019126365719817,3.0483550412541494,0,1
LINC01356,7.213065793456816e-05,3.435833017534361,2.893332820722286,3.420562936138348,0,1
SULT1B1,7.207185870071867e-05,7.2044460595702,6.187172270797509,7.104259376649834,0,1
RPS3AP46,7.203719403446122e-05,1.3953615373518955,0.8743289354199487,1.4006091981441413,2,1
ITGBL1,7.20319231417598e-05,4.579166962423059,4.2076078139733895,4.454849504459979,0,1
SLC11A1,7.201188222242804e-05,5.270185237643251,6.067613192580876,5.364242702455014,1,0
CPVL,7.181820493835316e-05,6.021056681317916,6.2333511098275185,6.11759647666001,1,0
TTC14,7.180555056905898e-05,6.356858386021043,5.861777675622082,6.466549378289164,2,1
S100B,7.164771777898835e-05,4.123356043160845,4.474495453663181,3.971358970525541,1,2
CDK5R2,7.164283192591627e-05,2.126449124873638,1.3782572829600217,2.273415097940106,2,1
IGHV3-52,7.159674241330817e-05,1.6596637454437015,1.5887386144738116,1.4905065902672732,0,2
PALM,7.159674241330817e-05,5.201102402982079,4.8614249050420595,5.146137537955592,0,1
IGFBPL1,7.159429354842235e-05,2.116515812766131,1.4300593362351453,2.0318163011021872,0,1
RPS15AP12,7.157606901527138e-05,2.333222713273711,2.3024490924086267,2.546212358567907,2,1
ENHO,7.154467998113615e-05,2.5683600897302346,2.1519390434476073,2.5200149989318867,0,1
MYO1A,7.151407993043699e-05,7.747479114457064,7.302909061923188,7.680212177823275,0,1
SGK2,7.150261761756673e-05,6.612106710599942,4.975060509879605,6.65626609908393,2,1
LINC00114,7.143441606261292e-05,3.4224609914033475,2.894875494582025,3.133665558853263,0,1
IGKV6D-21,7.141380446044451e-05,1.930268330732306,1.9187707210107625,1.8624209608409108,0,2
CASP16P,7.140851212834631e-05,2.445756394518548,2.6343046236915697,2.6097416378125082,1,0
TRHDE,7.132013109325355e-05,3.659900440002869,2.577770969741673,3.8531100764761885,2,1
ABCC2,7.127693794274597e-05,4.748604456869915,3.824514997110193,4.844941029240358,2,1
TMEM238L,7.126541065915455e-05,6.414886231648139,6.0295243569984365,6.398967000651578,0,1
ZNF549,7.113750181749785e-05,4.237722174008106,3.779709176593769,4.1583945174191665,0,1
TMOD2,7.109013162337866e-05,5.387192220986809,5.607974351171471,5.451789155942991,1,0
KLC3,7.101257709695828e-05,2.9204034262466765,3.5218100974753583,2.8785886823763778,1,2
ANGPTL4,7.098415992989615e-05,5.278903297114397,5.932371354628735,5.448435661192299,1,0
SLC6A17,7.093845122014132e-05,1.983334632325381,2.4702474795447205,2.1833979689817973,1,0
TLR4,7.092133398205614e-05,6.391921847172555,6.285027120127314,6.48691935756508,2,1
PCDHB4,7.089914062658766e-05,3.387154825709087,3.055721252794528,3.3831454399329233,0,1
GOLGA4,7.088264211540146e-05,7.97030011268953,8.031880686385012,8.123769371552692,2,0
FXYD4,7.080876939572892e-05,2.2968284870439,2.338608763918828,2.3752946896049725,2,0
SLC5A7,7.077492036033171e-05,0.8544750474503531,0.6658491030853247,1.002703174275648,2,1
SP140,7.076205262994182e-05,3.9977067152850148,4.78704629288892,4.08584115017218,1,0
TPH1,7.075336131485559e-05,2.797605271387949,2.5983391404059137,3.125269235629221,2,1
PAK3,7.073531796756097e-05,2.2785118676594087,1.9581944488379548,2.552129211884863,2,1
SLAMF8,7.072322209856371e-05,5.472032170413135,6.206368402264535,5.455117492037152,1,2
MKRN3,7.069395360818014e-05,1.4179818080104734,1.3995901189755238,1.5932915081583983,2,1
MFAP5,7.068786206376171e-05,4.727111853471494,4.829300788160654,4.831496182038586,2,0
SLCO4C1,7.067697957738564e-05,2.0490875510560698,1.9801125802109112,2.259351422127604,2,1
GPD1,7.044138964546102e-05,5.51317219183516,4.9539894397420525,5.640135186570439,2,1
C2orf72,7.041597802555924e-05,6.481338192609945,6.861876481604187,6.72146064946334,1,0
IL1RN,7.040545219821816e-05,5.82955282775892,6.949327948710132,5.901073298417457,1,0
LOC100128398,7.029644565304721e-05,3.5590670896075203,2.7939302895042655,3.7964936213520515,2,1
LAMA2,7.024503744040549e-05,5.740524821335114,5.581697404681266,5.834225592134452,2,1
CTNNA3,7.011454067335453e-05,1.5089675001390312,1.8440751145452232,1.6456591016727893,1,0
FGA,7.005672743254329e-05,2.5368042054660926,1.7103060079267458,2.413703426699981,0,1
HBQ1,7.001049750128712e-05,1.047657711567136,1.2699575817671487,1.231038235334123,1,0
KCNIP3,6.996612914952368e-05,3.543604849755846,3.1572402901177,3.538313896104821,0,1
EVC,6.986596702112576e-05,5.156213298120063,5.143753716527455,5.097982649141552,0,2
MMP12,6.972848904854364e-05,6.933843310175668,7.831426513871586,6.749098682171063,1,2
MMP8,6.967714146360005e-05,1.7943683621278568,2.5530571532131483,1.8810653765839174,1,0
HLA-DPB2,6.964477019081572e-05,2.239068992250157,3.1224875818011872,2.401355143042155,1,0
EFCAB6,6.956877603126408e-05,3.127658735000007,3.1149080705693653,3.0999135598713434,0,2
SYNPO2,6.952688739392345e-05,6.548859614170825,6.176399032883983,6.639810405493599,2,1
MATN2,6.951576441992191e-05,6.806369154290132,7.203296814313828,7.051996971875673,1,0
PDE3A,6.945145974340843e-05,6.27969821396664,5.458544395168377,6.186969036966655,0,1
DOCK8,6.945145974340843e-05,5.99901246746368,6.678974981831192,6.180446191586078,1,0
DCHS2,6.944893274255358e-05,2.505443678725529,2.0430893497636964,2.57411471664803,2,1
P2RX7,6.934950779774025e-05,4.1741525089643785,4.568016630105322,4.273227247945407,1,0
ZNF215,6.934718880711255e-05,5.0455350348849874,4.921430298079335,4.858619139291186,0,2
AKR1C1,6.930891982011593e-05,4.465398328038668,4.345415536308228,4.64427250864319,2,1
DNASE1L3,6.928170460706012e-05,3.773535671997636,3.3002724190628636,3.6893301653612562,0,1
SBSPON,6.924735823053921e-05,5.272309599398322,5.720089227461175,5.417237341972105,1,0
PLPP4,6.921797761942734e-05,3.882199918611307,4.338471176890779,3.8408098944624873,1,2
SLC24A3,6.911628199642611e-05,5.705309130655328,5.4859645788637845,5.653779785326319,0,1
PON3,6.905120134024618e-05,4.193533467644342,4.190784732657527,4.291973630680339,2,1
LOC107985688,6.901166470033096e-05,2.2932187600875773,2.0403887369099816,2.2032846421596264,0,1
JPH3,6.8584868212804e-05,2.0590371441558646,1.720647011533503,2.197719260207798,2,1
MPO,6.851880612832205e-05,2.215114680916322,1.820769733000827,2.2853810839156643,2,1
ITGAM,6.842425168750201e-05,5.2521795109077285,5.863957030685476,5.275135187362379,1,0
C5AR1,6.839357085129146e-05,5.65840118687119,6.114326455609082,5.651738940295076,1,2
DLEU2,6.814172429197297e-05,4.822016807122174,4.955057755708521,5.084723971591864,2,0
RELN,6.80657391601721e-05,3.2313035632021716,2.801037508414953,3.119932437414125,0,1
CILP,6.800291569356739e-05,3.998978346758415,4.061838932215655,4.00174607169092,1,0
NEGR1,6.797547876316571e-05,4.593910474181193,4.125176149038694,4.633792779968725,2,1
CTSV,6.787386405204171e-05,6.234566378344688,5.217166443139631,6.359784005336482,2,1
CES1P1,6.786657214404467e-05,1.5008471807547998,0.7440455537793399,1.745463638565025,2,1
NRK,6.784250436347918e-05,2.5642363241889465,2.381924246179809,2.6746588518466874,2,1
DLX1,6.754854894588723e-05,1.4496455710736225,1.880089621956634,1.7545243007518612,1,0
NPM2,6.746438493787874e-05,4.112769426411609,4.273205580151876,4.338349979304421,2,0
MTCO1P40,6.741322629920019e-05,3.7414787525090576,3.6849125641210234,3.7972737436276436,2,1
PACRG,6.732589416930061e-05,2.318283359464877,1.5257721935484154,2.318031722913696,0,1
LINC02688,6.71583984248303e-05,3.3057297392883607,4.434757051714531,3.555441773143603,1,0
VPREB3,6.71317091605214e-05,2.528428306703753,2.7204389451237634,2.524340362599863,1,2
NR1H4,6.710010977909318e-05,2.4853995936187894,2.1455874319075536,2.465277055601757,0,1
RGMA,6.650790461001888e-05,5.13866414745608,4.621151025558079,5.141269254907922,2,1
CLCA1,6.609493833922679e-05,6.580624472712908,6.247648464180275,6.394076624505164,0,1
MYOZ3,6.497513830686709e-05,2.20569861582622,1.8911240382710213,2.4316039344037623,2,1
COL24A1,6.45994090158955e-05,3.5700208022862583,3.917136514828328,3.523113337633868,1,2
FRAS1,6.458656662564881e-05,4.9647094145104536,5.8550071858960395,5.2015968964461115,1,0
LINC02345,6.439357768331235e-05,1.9599593078588848,2.753470608151001,2.0637627722228626,1,0
UCA1,6.374960598258603e-05,6.158115136317222,4.5695774537023315,5.859175760634749,0,1
UTY,6.353337252557509e-05,3.4269818651396293,2.755692807966483,3.1764448908732406,0,1
CASC8,6.343607319220998e-05,3.9529814851065512,3.6556509642976343,3.7761094378932514,0,1
ADAMTS9-AS2,6.214857698714016e-05,1.765811414942132,1.645090198828651,1.8448090383082183,2,1
LOC442041,3.962063590228463e-05,2.923622863935783,2.1675039728536607,3.0803894561295952,2,1
RSPO4,3.888340897619728e-05,1.7934382194772376,1.35001431713175,1.7865207556313838,0,1
DCDC1,3.828344987273239e-05,0.9227135932924446,1.3162308500569964,1.276773648387116,1,0
NUPR1,3.788489995821672e-05,7.2860647184112315,7.146273638978463,7.228464802063988,0,1
HMGB1P5,3.710470877981398e-05,5.360748665120428,5.598977038074928,5.569321154161726,1,0
AADAC,3.62332915391466e-05,2.32058816674995,2.3872959343569566,2.528810966506357,2,0
ICOSLG,3.5265694761720474e-05,3.3809430545987547,3.344628208168349,3.300583580885676,0,2
LOC105371967,3.5216230290492875e-05,1.7336967018254483,0.9093449158600238,1.5812836048228425,0,1
SNX20,3.495092590349984e-05,5.417679517907235,5.3326669052181055,5.394277336685033,0,1
PTK7,3.479311618883813e-05,8.004501895741644,7.690097531500032,8.005500652378116,2,1
GPM6B,3.422075209871203e-05,4.372477333571069,4.3604137060467005,4.5025664068675875,2,1
RPL10P9,2.565741351455786e-05,5.214618360174354,5.037746586519711,5.293066461484029,2,1
FOS,2.362520121691259e-05,8.824976569159034,9.04494785085453,8.960846923263617,1,0
DOC2B,2.294142960329631e-05,5.142021331359946,5.681145274224562,5.038109534247926,1,2
LDC1P,0.0,1.18022109892859,0.5879464882181872,1.05922794071133,0,1
IGHA1,0.0,9.323247404404404,9.12433207355521,9.23727350615977,0,1
MIR8071-2,0.0,0.9463244853281751,1.0145177415811373,1.031058008047366,2,0
SPOCK3,0.0,0.780778881419173,0.7263929133151467,1.0075882159163039,2,1
LINC01749,0.0,0.7625604117556928,1.475115939036065,0.7639899934954139,1,0
HMGB1P49,0.0,1.0829572684887518,1.0249683154730282,1.2480936415948047,2,1
LOC117779438,0.0,0.8988080446565282,1.7097489886838313,1.0288971573683474,1,0
CPA6,0.0,3.8458915881644713,2.4947317700474176,3.900456971613196,2,1
ANKRD36C,0.0,3.815417175165984,4.305419855770984,4.021575236718938,1,0
MBNL1-AS1,0.0,4.444976903561479,4.422259862802553,4.526937072541411,2,1
SHE,0.0,4.470568076101918,4.505523173246168,4.537805705678059,2,0
MMP24,0.0,4.579994746053721,3.5515631708584197,4.425759705509636,0,1
RASL10B,0.0,4.1852017599737,3.2134771456976057,4.142244484810072,0,1
CXCL6,0.0,3.922399619196018,4.1339292531681195,3.8354368379676624,1,2
TFEC,0.0,4.072068128375011,4.668639944607099,4.170781243175062,1,0
LINC00545,0.0,0.8881005513691237,0.2225856671299281,0.8675434857970986,0,1
OLFM4,0.0,9.66394877938586,8.267589045618731,9.227553314267292,0,1
IL17F,0.0,1.1566242806798244,0.5957895034280114,1.196233081201783,2,1
DEFB1,0.0,4.089432517334346,3.0961426287171276,4.028926357198433,0,1
NACA3P,0.0,4.456091225246943,4.187742096534168,4.446867721362147,0,1
ZNF543,0.0,4.175333924362775,4.855781262650446,4.061259411112334,1,2
MT1H,0.0,3.758552555029388,4.298503603833032,3.7060711936489645,1,2
TTBK1,0.0,4.1583113926562945,3.806808320757555,4.19108759158534,2,1
RET,0.0,3.912791815913295,4.511664893276676,4.1199497243943854,1,0
OXER1,0.0,4.518504060976831,3.955500593045457,4.558269323302012,2,1
DOK7,0.0,4.408365731295137,4.708405754416236,4.300998625535366,1,2
ZNF718,0.0,4.525880908810678,4.446383756035278,4.587836077650452,2,1
TGFB2,0.0,4.406202356544089,4.257690049706364,4.389946082818744,0,1
GALNT15,0.0,3.9736135459978135,4.279231176832204,3.9337484725792446,1,2
CIDEC,0.0,3.6233609792023715,4.07916192282673,3.790538898688322,1,0
ADAMTS6,0.0,4.184882613576222,4.368668428620659,4.2827362856573945,1,0
LOC283683,0.0,1.1457282042836947,0.38509487761122274,1.0891978234818063,0,1
NPY5R,0.0,0.9143930394243596,0.6567586794682894,1.0851386941764685,2,1
IGHV1-17,0.0,1.021134815236252,1.0030005156198203,0.8738007445895275,0,2
ZNF736,0.0,5.83459111550719,4.874539405793647,5.788289680952594,0,1
LRRN2,0.0,4.289221946386705,4.3504873615262385,4.258184899219959,1,2
CEP170,0.0,5.714162290389293,6.1508471143656065,5.731629038937197,1,0
GLIS2,0.0,5.946340828836421,5.858223568713218,5.893683535441122,0,1
NHS,0.0,5.853915953107796,5.822086272605155,6.004762546155316,2,1
SLAMF7,0.0,5.542898415294365,6.216266657550902,5.526333620069258,1,2
STRA6,0.0,5.46794005623049,4.514347263019711,5.490490475722302,2,1
IGHV3-11,0.0,4.861192167437703,5.247002022933556,4.999417533572441,1,0
IFI44L,0.0,5.212454809889903,5.71626485315269,5.145555525447922,1,2
IGKV1-9,0.0,4.865641521657278,5.101214418130198,4.910504158815289,1,0
SULT1C4,0.0,3.2188472775684454,2.758381846924394,3.1422002009812062,0,1
IGHV3-43,0.0,3.2014069502736104,3.371812003834985,3.242630035916648,1,0
CYP2C18,0.0,3.8773188773101395,4.481090773597598,3.8711581218695863,1,2
ALOX15B,0.0,3.291174656908963,4.485659079187703,3.399918458299907,1,0
CYP26B1,0.0,4.146468793290801,4.607270588847794,3.9915681954986426,1,2
CD3G,0.0,4.146001200768459,4.665527812887403,4.2533299431720515,1,0
FCGR3B,0.0,3.5490955913275317,4.566890456277255,3.427479845784573,1,2
SCIMP,0.0,4.0653093599280545,4.675152686039561,4.073455613206048,1,0
GRIN1,0.0,3.768848716157868,4.782676403616518,3.898006075191962,1,0
RPL7P1,0.0,3.9950981059313126,3.893579410722843,4.2979975179775955,2,1
AIM2,0.0,3.4826771881050234,4.270050958105215,3.4026266318932072,1,2
TERT,0.0,4.128336966915465,3.826025527424279,4.421540149852776,2,1
LOXL1-AS1,0.0,4.0514485518273045,4.925263668528955,4.194645798880014,1,0
ANGPT1,0.0,4.1753165236108,4.071418305309365,4.135982551301271,0,1
ZNF334,0.0,3.1354853502486577,2.736044781238611,3.2285733568296635,2,1
CDH2,0.0,3.8955770861303227,4.020033763043469,3.9562850716780456,1,0
IGHV3-33,0.0,4.696430393126619,4.923081136375644,4.792621545908049,1,0
TGFB3,0.0,5.435262350458301,5.851318742609627,5.528178367351774,1,0
ZNF254,0.0,5.883409268613923,5.375814632289161,5.946957858158404,2,1
SAA2,0.0,3.5124217548715384,4.150312720402057,3.4767852545791524,1,2
SCML4,0.0,4.3091222259253525,3.929371939338011,4.537455677891364,2,1
P3H2,0.0,5.721162687027357,5.405340896366814,5.798793593126529,2,1
TTN-AS1,0.0,4.149037695691829,3.92005652327037,4.123297230336002,0,1
CEP85L,0.0,4.061980142213132,4.860986643067862,4.166090709727509,1,0
C16orf54,0.0,3.949705088490931,4.265150665093827,3.834945251523576,1,2
SGSM1,0.0,4.151172748960986,4.636273044506715,4.414718613630673,1,0
SYNDIG1,0.0,4.234856126617989,4.152103727376642,4.106119592470502,0,2
IL1RL2,0.0,4.155675595856,3.690582845617752,4.392903104986736,2,1
PNLIPRP2,0.0,3.8154820754808703,2.099208413714131,3.4347612959176486,0,1
IL1A,0.0,3.735433177614941,4.163981105166847,3.8364522083710555,1,0
BBOX1-AS1,0.0,3.8841325500096375,3.9504200680034787,4.192066349515137,2,0
MTATP8P2,0.0,2.0554617460235405,1.7208564231899273,2.4055043613776355,2,1
LOC105375166,0.0,3.6473952311525517,3.4817362701295234,3.901829396091912,2,1
DACT2,0.0,3.569055665970066,3.0318866995464573,3.684276419654396,2,1
ZNF300,0.0,3.777261001897286,3.7497838058978195,3.671627959207137,0,2
ISM1,0.0,3.829160743118917,3.4999557568203423,3.7089015692676965,0,1
ITK,0.0,4.255681796677612,4.7757121342841655,4.405701566282382,1,0
RASGRP1,0.0,4.215583179006924,5.129582182057416,4.3428666931573146,1,0
CHGA,0.0,4.28689124768179,3.5508735752207325,4.069730429336699,0,1
SLC2A4,0.0,4.654298053392636,4.251457014277686,4.724884649011294,2,1
ELF5,0.0,2.633927046581482,1.2122565059898307,3.08739254551064,2,1
SCG2,0.0,4.22973248481829,4.355697449595833,4.25171120421725,1,0
IGLV5-45,0.0,3.311233205883542,3.434660228560006,2.96109888032009,1,2
IGHV4-61,0.0,3.4929001002358544,3.5922926007928733,3.352507271856353,1,2
SFRP1,0.0,3.4622856211711635,3.2191210344497003,3.678449031559364,2,1
RAG1,0.0,4.391493584353267,3.82865199277477,4.416442979976087,2,1
CORIN,0.0,4.062575244734084,3.9470755026190782,3.9803851186328623,0,1
IGLC7,0.0,3.1848827162301396,3.3665086807895577,2.8388032751471965,1,2
MT1M,0.0,3.663373793213125,4.170244420998024,3.4741436178441694,1,2
AXDND1,0.0,3.5838328122358822,3.131341630772659,3.9305232568595234,2,1
RXFP4,0.0,4.450965976304966,3.1291585552484027,4.427810732651012,0,1
LRRN1,0.0,3.6989884865099762,2.283928321412504,3.7202827917837604,2,1
PHYHIPL,0.0,3.149707334062306,1.4830826910856758,3.1362356305974757,0,1
C17orf77,0.0,3.058418267093906,2.623716507783634,3.06473843344606,2,1
ACTL8,0.0,3.1255664246416663,3.0921034367034825,2.9484542611456224,0,2
FBXO17,0.0,4.302502240315844,3.9315513474668498,4.237975943129787,0,1
FEZF1,0.0,2.8996031915520417,3.7671272801137694,3.683607799109472,1,0
LCA5,0.0,4.2786603725698775,4.269507963009206,4.404890493064569,2,1
GRIP1,0.0,4.129905768259602,3.7663114969500397,4.217557804861108,2,1
HOXA2,0.0,4.1471981820255985,3.2770197567589405,4.281077451745279,2,1
PPP1R9A,0.0,5.616992504497793,6.110436615442455,5.649015311447479,1,0
HERC2P2,0.0,5.9597798928370125,5.696571602456949,6.2010171357827755,2,1
F13A1,0.0,5.410196461421011,5.568218693044723,5.536004038163521,1,0
SIDT1,0.0,5.878259473089432,6.507735450282143,6.091099047937157,1,0
HBB,0.0,5.469087057488727,5.524838672722525,5.382498727580487,1,2
NR3C1,0.0,5.882915443590521,6.0463945010826725,5.870374096439079,1,2
SHROOM2,0.0,6.104368813551696,4.770258681182126,5.791654148262668,0,1
GPR65,0.0,4.090901363826996,4.568211654701316,4.228750038422839,1,0
GPAT2,0.0,3.645241076458831,3.8706228425262856,3.5883810751987353,1,2
POU6F2,0.0,2.5917911224940853,1.3421704368680545,2.673177811727946,2,1
C11orf86,0.0,3.4259198530099844,2.8445120286981007,3.49569186136827,2,1
ADAMTSL3,0.0,3.880384614763268,3.373106195698271,3.913782378051827,2,1
IGHV3-64,0.0,2.892416255043229,2.8362837848223994,2.6481726095642735,0,2
SALL1,0.0,4.35724361453206,3.549295317200594,4.127634070435808,0,1
RBPMS2,0.0,4.030312494128381,3.6990182229942334,3.9881751969964983,0,1
USP2,0.0,4.271687513432014,3.634060411564338,4.16915001346252,0,1
MMP13,0.0,3.00653143839289,3.656699685580289,2.9560927127430556,1,2
TTLL7,0.0,3.944461294491211,4.006449728771874,4.034864125652214,2,0
PTN,0.0,4.306831390600809,3.8113004752007895,4.160217935172067,0,1
GPER1,0.0,4.110727641081075,4.065130573992103,4.040949727925969,0,2
H1-5,0.0,1.9398716414644643,1.8616275264340323,1.7682903792591902,0,2
FAM155B,0.0,3.688043972724183,2.227963037292013,4.013785974688912,2,1
SOX6,0.0,4.289142737386924,4.3231596386230375,4.384196833843143,2,0
SCEL,0.0,3.2070341439494974,3.7962625619351047,3.3947728148644556,1,0
PLAG1,0.0,4.365136215710026,3.7087123178426302,4.449827140924079,2,1
KLHL32,0.0,3.7934843806021252,4.107545099733358,3.9941685837195116,1,0
MSC-AS1,0.0,4.071905781195821,4.208172732730856,4.08402591790629,1,0
TDRP,0.0,4.11565032188516,3.9554952369615295,4.086896953936848,0,1
HHIP,0.0,4.479698328269565,3.4573105809326776,4.319172563662193,0,1
SERPINI1,0.0,4.611106865509807,4.336262513390965,4.699862269293145,2,1
TSPYL5,0.0,4.588193166278189,4.556695720227246,4.552809102536504,0,2
CCDC78,0.0,4.419348260289026,4.459278346690954,4.775983008427074,2,0
MASP1,0.0,3.817249953661909,3.404412313812858,3.6603799727256,0,1
MYRIP,0.0,5.773876472940343,4.679574507473247,5.699129475407379,0,1
HEPHL1,0.0,3.105077515004925,2.5457232695164262,2.9365532711318565,0,1
P2RY13,0.0,3.856195207117872,4.316015298851874,3.8659044270533105,1,0
ZNF85,0.0,3.9680297396564317,3.685739709812801,3.910000132322971,0,1
ALDH3B2,0.0,3.685203501167146,3.411970188290552,3.7363426455622926,2,1
CALCA,0.0,2.5569143248799655,1.0821827649905356,2.3958858108759973,0,1
GLYATL1,0.0,4.00956095774772,2.5574677518274123,4.0293330052816705,2,1
MATK,0.0,3.990010960903666,4.436452799069811,4.110153856081998,1,0
GBP5,0.0,5.241925000535794,6.412790728204514,5.2932300194765345,1,0
SCIN,0.0,5.712555829199448,5.964044980658007,5.897007246967098,1,0
KRT6A,0.0,3.2070672703545977,3.6861543362419504,3.216720531376963,1,0
HLA-DOA,0.0,5.553280034509324,6.343040676468124,5.625687284308369,1,0
ADAMTS17,0.0,4.087500589854505,4.30502589642845,4.146092321384576,1,0
CCDC102B,0.0,4.099363446874672,4.417805788419265,4.177828479909956,1,0
CAPN6,0.0,5.01675537687602,3.887161085341408,4.9256230483447565,0,1
MSX2,0.0,5.781251899665364,5.53634966824945,5.708279621309528,0,1
RBP4,0.0,5.7040400335056765,5.157689307716561,5.49297895771226,0,1
IL10RA,0.0,5.826947499348098,6.404634156645036,5.895693746738721,1,0
MTCL1,0.0,5.766394209776963,6.4306445169198385,5.905625970606064,1,0
SLIT3,0.0,5.811493395468272,5.599980340977594,5.849452799668644,2,1
RASAL1,0.0,5.778327736208243,6.164819525141282,5.810279277802757,1,0
RTL5,0.0,4.143950063842831,4.011433418725649,4.169161330579285,2,1
MYADML2,0.0,3.9516544285865813,2.9538268612242917,3.9724340917977754,2,1
PLA2G2D,0.0,3.0425995038601727,3.808147958586039,3.3258712939784045,1,0
PYGO1,0.0,3.887439661042176,3.681599813617898,3.7759367320865067,0,1
ARHGDIG,0.0,3.611531290597028,2.916833442818457,3.7583291661709612,2,1
ADORA1,0.0,4.05989882232009,4.30578536751224,3.881094797203018,1,2
KRBA1,0.0,4.129138252319671,4.067389581268819,4.059017032460961,0,2
SYN1,0.0,4.167666395199861,3.793317872067412,4.179533187017015,2,1
HOXA6,0.0,4.023117710209039,3.8096833276163657,4.015530154516301,0,1
CCN6,0.0,3.049186672134672,3.041617715423233,3.4471863903986937,2,1
POPDC2,0.0,4.099852873505217,4.072888262726781,4.22879037936014,2,1
FGF18,0.0,4.212117872463628,3.6149457259279676,4.26178877005471,2,1
PCDHGB7,0.0,3.969236265486145,3.948847361636553,3.9342731918560805,0,2
GIPR,0.0,3.9930462338688626,4.3435249073844,4.119666919768074,1,0
WFDC3,0.0,4.068320973657479,3.5100007766832304,4.215866319895682,2,1
ZNF793,0.0,3.794687964845567,3.0699600478796367,3.637335136240994,0,1
SOX7,0.0,4.143796472616565,4.245423235380165,4.243344935077108,1,0
NIBAN1,0.0,5.824900112864207,6.025139188762203,5.82131349474712,1,2
CILP2,0.0,3.7396395679408543,3.212535331020415,3.6843935149844684,0,1
HBA2,0.0,4.190867865730478,4.407919841422087,4.216832868078914,1,0
TMPRSS13,0.0,5.594070754492394,4.508287244757547,5.665070042365745,2,1
CYP4X1,0.0,5.05183819311593,5.022771398463748,4.994256178349392,0,2
CLMP,0.0,5.620005963831719,5.834305854437496,5.5259115343802065,1,2
MEF2C,0.0,5.766110495924896,5.636627665907556,5.797972975635469,2,1
PLIN4,0.0,4.02498616518167,3.8319242014140396,4.275471458231649,2,1
CHST3,0.0,5.817576663141193,5.812832026160797,5.686960642846239,0,2
IGHV1-2,0.0,4.564141665499842,4.8308811268593,4.665752217165555,1,0
SGO2,0.0,6.113795945795074,6.052174060116385,6.180417987013447,2,1
MEG3,0.0,5.870590122290523,5.737969524058939,6.006029616794601,2,1
SMIM31,0.0,5.7713796642076165,6.4852028214929245,5.983078925642649,1,0
IGLV3-27,0.0,3.0390227708319233,3.3243140589562956,3.1864016259772163,1,0
GDPD2,0.0,4.0158729396808654,3.7142206147074215,4.04862052510914,2,1
ARSI,0.0,3.988396345228478,4.288547388667782,3.808320753905928,1,2
CHST13,0.0,3.857431145509931,3.1818529121576766,3.72059538149689,0,1
NXF3,0.0,2.2201639267729876,4.168497847094381,2.4135585889771747,1,0
ITPRIPL1,0.0,4.007068520302942,4.3187793173709945,4.188410939036021,1,0
TLR8,0.0,3.5820951658635862,4.5028817962335435,3.461968653038609,1,2
PKD1P3,0.0,4.271105794857391,3.926493199811115,4.325624499764385,2,1
ANKRD6,0.0,4.0987782483196025,4.021452721587476,4.121436802983642,2,1
LINC02432,0.0,2.437583412127277,1.704182769719798,2.408522419661584,0,1
CNTN4,0.0,4.118547122416796,3.750964059872118,4.098453189889287,0,1
SRRM3,0.0,3.895122618638225,4.148427665988144,3.967663295967533,1,0
C11orf53,0.0,3.7999638298038128,4.273130982114802,3.722556715164552,1,2
ZNF530,0.0,4.224486862397429,3.4580920923643306,4.16656093068409,0,1
LOC100506691,0.0,3.940937844995014,3.7243700086237617,4.122115595297338,2,1
CELF3,0.0,3.379636764304319,2.2998710565558254,3.465630868817134,2,1
H2AC8,0.0,3.652505529301839,3.07030221308049,3.4968242522444384,0,1
FOXD1,0.0,2.819617681772308,4.57285859264968,3.1687881874060393,1,0
GDF10,0.0,2.3889384549494723,1.415613509905916,2.1320877675446135,0,1
WT1,0.0,3.3482446040901603,2.7047404370202224,3.47000895077062,2,1
DERL3,0.0,5.980520501876195,5.961321187425123,5.959301518274722,0,2
FRY,0.0,6.017358996509477,6.15224950220905,6.1175837366034465,1,0
MAP1B,0.0,5.912820682330667,5.808624288509893,5.9457232554446655,2,1
ARHGAP30,0.0,5.927393470224078,6.385357701012211,5.982197164912021,1,0
TM4SF5,0.0,6.172694041136239,5.64908350935278,6.06106981391019,0,1
CCDC136,0.0,4.051167247199281,3.7353483379160806,4.033598252847221,0,1
SYT8,0.0,3.7234101735643534,4.215449622375655,3.836368516607722,1,0
ZNF595,0.0,4.640686841853048,3.6030847896636833,4.500163082819599,0,1
CP,0.0,3.5733225499364063,4.2721293387695365,3.6599347104786433,1,0
PCP4,0.0,3.639590021183415,1.9622219794343816,3.7036293912975977,2,1
ADIRF-AS1,0.0,4.720785271648712,3.861281515190848,4.793321002384186,2,1
CYP4F11,0.0,5.827110843821111,4.918154880513408,5.667732678002067,0,1
TM4SF20,0.0,4.865192569245537,4.657443358112596,4.998008229379374,2,1
IGLV2-18,0.0,3.3305985983359827,3.3437840802255203,3.2112664244385107,1,2
GPR34,0.0,4.399525195287828,4.710901953801337,4.460793112303965,1,0
TMSB4Y,0.0,2.7814228560313916,2.570820611785667,2.5797585825232456,0,1
NPIPB15,0.0,3.9312936823205646,3.6568190332486106,4.396613852900916,2,1
TMPRSS5,0.0,3.4288158049451805,3.1154563625079965,3.620726119838519,2,1
HIF3A,0.0,3.8530390259234073,3.3793424196411195,3.7649852798740873,0,1
PDE11A,0.0,3.8608782800271912,3.7141390019972946,3.9898301899416304,2,1
SPRR1B,0.0,1.294046299482091,2.3775944613133313,1.7020800509941938,1,0
HCAR2,0.0,2.967951999495462,3.918853296422662,2.9928684501938325,1,0
LILRA5,0.0,3.918471761963335,4.631781359326923,3.831126824043626,1,2
CYS1,0.0,4.1145394745919885,3.884879520870751,4.015306229854904,0,1
WNT9A,0.0,4.025253700317351,4.300158423781171,4.04704656113085,1,0
PPP1R3C,0.0,4.02912537943247,3.6887011182173945,3.834902096642144,0,1
KLRB1,0.0,4.032027996111808,4.189411054501254,4.180878996855921,1,0
LCK,0.0,5.744875092681148,6.503899510039833,5.8955247389236725,1,0
KDM5D,0.0,4.117001677901194,3.5121679652638678,3.7455774699057898,0,1
KRT5,0.0,2.448808177938946,2.4641972459531325,2.6617591749695193,2,0
RETNLB,0.0,4.873547599241103,4.5081597347275695,5.065089172627931,2,1
BASP1,0.0,5.936921083857708,6.212522476410849,6.004866152825863,1,0
ALPI,0.0,3.532725983503,3.6744789224743153,3.4380843148397404,1,2
GATA4,0.0,1.5813195154083435,2.827517678815927,1.8137176072369254,1,0
ADAM23,0.0,3.875500667376588,3.7874911963151296,4.023573729829689,2,1
HOXD11,0.0,3.4783019374632977,2.607115046650709,3.6421718159557006,2,1
VAT1L,0.0,4.167942828472832,3.7721084637549733,4.143241855722951,0,1
FFAR2,0.0,3.5565595296091157,4.519270126606174,3.606084769143236,1,0
CCL13,0.0,3.242355640362484,4.13024201116736,3.325067818640626,1,0
CHRNA3,0.0,3.72152078457112,3.895479464302152,3.529075664047923,1,2
SLAMF1,0.0,3.9771165506278217,4.342875959411994,4.095304620917491,1,0
PDZRN3,0.0,6.052246118387675,5.967278670000958,6.136200848382213,2,1
EPB41L3,0.0,5.798200755810392,5.924483895492862,5.88403384688244,1,0
CCL21,0.0,5.476899089976202,5.503138792963778,5.368848323425537,1,2
CCL19,0.0,3.6900007254972076,3.8934661871760636,3.798545114467134,1,0
GSDMA,0.0,4.431041995727601,4.307429427335956,4.422788137613389,0,1
TMEM211,0.0,4.238980622409828,2.818164774872081,4.026428059203523,0,1
RGS11,0.0,4.4164622785146666,4.315586628189658,4.541746212492965,2,1
CHST15,0.0,5.995697666067447,6.459874485156853,5.977773419188766,1,2
PTGDS,0.0,5.881127096918282,5.7811047296191695,5.835829045318812,0,1
HLA-L,0.0,5.8221195099803955,5.733480932342306,5.667739191745985,0,2
RASGRF1,0.0,3.7171858886764295,3.0355181447256707,3.560439314918892,0,1
CSMD2,0.0,3.7639284934322594,3.9021007160255237,3.6481739607156607,1,2
P2RY14,0.0,3.9830345899577453,4.1042863351013095,3.8888141226256714,1,2
TMEM105,0.0,4.1828485157066835,3.734698348711609,4.164464159241445,0,1
IGHV1-58,0.0,2.962857467700093,3.259368478576378,3.125923198655572,1,0
ZNF256,0.0,3.9349420631060523,3.3995703957971406,3.9307079468812494,0,1
PRICKLE1,0.0,3.8672133976374874,3.733604445410452,3.81082156945595,0,1
IGFALS,0.0,2.816459143328104,3.537559690694142,2.710123303362777,1,2
TNFRSF13C,0.0,3.782267825970276,4.37834930462741,3.944056391802358,1,0
SMIM10,0.0,4.053979097659036,3.633185453789192,4.0321896661923375,0,1
IGKV1-8,0.0,3.088950784898911,3.3833641926778055,3.1515304931131767,1,0
RPSAP19,0.0,3.816508967485629,3.9638298655091164,3.884119169961612,1,0
LOC105376805,0.0,4.106059983622259,3.402586891850345,4.109818112118519,2,1
LY96,0.0,3.928736513648267,4.3128411918292615,3.9691231601822317,1,0
THSD7A,0.0,3.754498951822227,3.863419053686846,3.8650370219164643,2,0
KCNG1,0.0,3.5269854182719307,2.736470697135401,3.153103095797657,0,1
MAFB,0.0,5.934792916390586,6.442849580823766,5.922726523544108,1,2
ZFPM2,0.0,3.824087126833713,3.752053011993051,3.9317171272724756,2,1
LANCL3,0.0,3.9543696432239948,3.8374453689850156,4.095609759813449,2,1
PCDHGB6,0.0,3.7089920404400436,3.40146016113269,3.721455557586699,2,1
KCNJ15,0.0,3.3797899413101087,4.068919997984562,3.2829203345969393,1,2
RASSF9,0.0,3.684928333100324,3.354224077195136,3.769508304648729,2,1
MAP2,0.0,3.5542835116029887,3.795405559091071,3.6328028274983177,1,0
C3orf80,0.0,4.005087013715734,4.018073294542548,3.9182722687912177,1,2
CHSY3,0.0,4.048841374089972,4.092756697180245,4.0017122581212465,1,2
EPYC,0.0,2.3955242992216386,2.8174729298374537,2.3724199255652447,1,2
NUDT12,0.0,6.1422542825303985,5.460521709924929,6.16469529325407,2,1
SIM2,0.0,6.042470729156008,5.876787809153201,6.176597759725392,2,1
DHRS9,0.0,5.185476889824678,5.342871796140244,5.280833884131377,1,0
SOX1,0.0,2.581955902192879,1.3127398550327933,2.6252666263494486,2,1
LOC651337,0.0,3.9457956758749764,4.048295775894055,4.076211080928938,2,0
DUXAP8,0.0,3.3625924279584987,2.9511878411668073,3.628780093277691,2,1
AADACP1,0.0,3.8997661951878806,2.91001768637741,3.9542481977127997,2,1
CR1,0.0,3.3964832285216646,4.021356772517957,3.467263076196542,1,0
WNT7B,0.0,3.03511562623475,3.79540069681019,2.727895879332679,1,2
LOC100128770,0.0,4.74449480852693,4.134476563417434,4.93617431160149,2,1
HECTD2,0.0,4.570006487210508,4.781928829060242,4.757384656785989,1,0
KLRK1-AS1,0.0,4.215473794354706,4.491136029188762,4.197882750098696,1,2
GNAO1,0.0,4.4027903985466015,4.024484263444965,4.302176570173125,0,1
EYA2,0.0,4.1064280796698425,3.569445386421885,4.159569580162211,2,1
TLX1,0.0,4.522295979062048,3.710688571796337,4.65892798573274,2,1
TCF21,0.0,4.786172116249906,4.192668064167349,4.656712554097843,0,1
IGHV2-5,0.0,2.9441224488684306,3.1086644194803585,3.0237294502860097,1,0
IGKV1D-16,0.0,2.724692138150386,2.9000749308369014,2.7181636645262266,1,2
DPP10,0.0,2.735766698597161,1.4505396711056056,2.608714589746241,0,1
FKBP9P1,0.0,4.236257532280634,4.543031674028619,4.357238060047548,1,0
PTGDR,0.0,3.3482143858317395,3.800973580247625,3.308142088198552,1,2
FAM177B,0.0,2.9675268166271027,4.181446100343761,3.1161932663457743,1,0
TXLNGY,0.0,3.8906578042797517,3.338072959609634,3.6595973131118753,0,1
HDGFL3,0.0,5.959604567614635,5.524355136881901,5.857969744868441,0,1
ASRGL1,0.0,5.97226527378856,6.519228581648671,5.976148549432919,1,0
MRC1,0.0,5.545517872076875,6.221359256606894,5.594629771114147,1,0
BNIP3,0.0,5.953720442296247,5.748081171253471,5.743515725265903,0,2
CACNA1C,0.0,6.130837288608659,5.775356928142324,6.163728866518091,2,1
SULT1E1,0.0,2.057502601978367,2.3879472858196955,2.4275924378239657,2,0
CD28,0.0,3.8828269158812874,4.09689018088718,3.9941572863283366,1,0
TRPC1,0.0,4.001817479304646,3.836550830590571,3.982088710210268,0,1
KIF26B,0.0,5.877678905592252,5.857405822810169,5.788137056079008,0,2
IGLV1-47,0.0,5.068291928636288,5.542799337136072,5.232691088779568,1,0
ERICH2,0.0,4.022390568065572,3.976001864115172,4.084949843194615,2,1
SMKR1,0.0,3.982721068514821,3.581654777295647,3.7916551664700773,0,1
BRSK1,0.0,4.783169305457659,4.442458544155138,4.811832978377119,2,1
OGN,0.0,3.285885907075409,2.5629787344279635,3.4746570616893946,2,1
LINC00665,0.0,3.822782726478916,3.985724675995572,4.092348427390281,2,0
TSPAN18,0.0,5.9351626128534605,5.802334751214295,5.913778741749531,0,1
PTAFR,0.0,5.7468178374888526,6.48992835762059,5.799304351166596,1,0
KCNMA1,0.0,5.464408542957616,5.687143438861978,5.560647088311473,1,0
S100A2,0.0,5.390863382392989,5.053554187686252,5.256580961617804,0,1
HLA-DRB6,0.0,5.659812129331082,6.26550773855706,5.536285555098435,1,2
SCAMP5,0.0,5.959609716826789,5.584214688816474,5.964650471171748,2,1
FRMD6,0.0,5.796375179063095,6.035300666993387,5.710881430353652,1,2
HAAO,0.0,5.918970803171748,5.296542842949894,5.827585392500617,0,1
EYA1,0.0,2.939478029319434,2.122084699237074,3.0644311961258723,2,1
ZNF773,0.0,4.437775023602532,3.809834696251604,4.5036268144705875,2,1
TRBV28,0.0,4.214405483214396,4.659137256088582,4.389377274736497,1,0
XKR9,0.0,3.4602382597618417,4.976127598640063,3.9442295440403976,1,0
LGALS9B,0.0,3.842504636698213,3.419712794316687,3.8116580901044372,0,1
SEMA3A,0.0,6.033166942047378,5.310977689556573,5.972670086877757,0,1
IGHV3-74,0.0,5.144090164011832,5.197368416305107,5.307502015239986,2,0
OGFRL1,0.0,6.0361282492934505,6.508876126265247,6.064869680795546,1,0
CPM,0.0,6.0245783355270985,6.0744854755550675,6.21296592052482,2,0
KCNH2,0.0,6.1708718443392625,5.64031117612745,6.175160357565328,2,1
RUNX3,0.0,6.097985220820356,6.134839947967997,6.098661449187343,1,0
PARP15,0.0,3.7902077867404267,3.9060469369023902,4.0691815503439495,2,0
KIF5C,0.0,3.6751671478512025,3.7528690786850505,3.804263061805141,2,0
SALL2,0.0,3.9773235784527,3.7241631487470763,4.010335755803269,2,1
PYURF,0.0,4.098088666161848,4.058568894349174,4.1777714614480805,2,1
SMTNL2,0.0,3.577276216319515,2.616146987342091,3.647367978942599,2,1
ZNF542P,0.0,3.9931837062782054,3.8666321625556455,3.9070088153613765,0,1
BVES,0.0,3.9095286869360626,3.810138190623794,3.934794639246757,2,1
MEOX1,0.0,3.812657206428998,3.8066329765795395,3.770465978811178,0,2
LY6D,0.0,1.9288954749227287,2.7150020616292356,1.9769717320181859,1,0
NSUN5P2,0.0,4.054904382351609,3.389663149946594,4.2778997862681045,2,1
H1-3,0.0,1.565290569958269,1.8352299713251605,1.6925749388367501,1,0
ADAMTS16,0.0,3.469199755783676,3.5901732417217125,3.305311876139003,1,2
ABCA8,0.0,3.3842938771293234,2.9913639760567845,3.390236977098579,2,1
ZNF772,0.0,3.7655837148217075,3.4650891567270703,3.58331400094844,0,1
PRRT2,0.0,3.9842761849949375,3.6603476921012392,4.1908435482889255,2,1
ADGRL3,0.0,3.9502244858184032,2.958668134220217,3.9994917737991678,2,1
PCDHB10,0.0,3.9757670884002185,4.044149775861923,4.241987509608933,2,0
CASQ2,0.0,2.7457686034871793,2.218918169681117,2.7305814602629264,0,1
CCR2,0.0,3.60706870499614,4.064226581699044,3.6946436440339747,1,0
NCKAP1L,0.0,5.99683750585021,6.427764334660658,5.999542689209254,1,0
TFPI,0.0,6.050501237559467,6.34993341715893,6.230969678489139,1,0
FZD3,0.0,6.106225439881456,6.417026427715699,6.221369994494941,1,0
APOD,0.0,5.577673987323262,5.009646865309989,5.765080231552061,2,1
GABBR1,0.0,5.9974257864279,6.151749898351502,6.23568784449673,2,0
ENPP2,0.0,6.031468962959235,6.063054301508768,6.0773318088818495,2,0
IGKV3D-20,0.0,3.633855667562954,3.870819648931834,3.7475998209469648,1,0
ZEB1,0.0,6.104829787426839,5.979559655999428,6.0998557982486314,0,1
CST6,0.0,2.407233767002767,1.788181997176167,2.484087376856325,2,1
RIBC2,0.0,3.9478722306201863,3.717030493714276,3.9208217246846484,0,1
ANKRD36B,0.0,3.7453717371831843,3.9621895200664654,3.822258543534844,1,0
NCF1,0.0,3.797086822146646,4.454392480970896,3.693760222202268,1,2
LAX1,0.0,3.5817347500652503,3.932545638709106,3.6345334678786565,1,0
SCN4B,0.0,3.999210515702193,3.520692963600729,4.071088632918556,2,1
PDCD1LG2,0.0,3.6179900190227574,4.450595652929112,3.4976045245838256,1,2
SIRPB2,0.0,3.722600468404446,4.314978219156184,3.712198682640301,1,2
LOXL4,0.0,3.937737059816189,3.909323736481943,3.8284277301507963,0,2
MT3,0.0,2.8471615607649206,2.3881109046030664,3.1628927325862137,2,1
MAPT,0.0,3.5580749122157322,3.581794010641381,3.6109576910276906,2,0
LOC101928844,0.0,3.869069907563962,3.6766820551247075,3.8154393390845946,0,1
UPK3A,0.0,3.5065734669384474,2.2719273544687506,3.1541647617424253,0,1
FAM124A,0.0,3.8503294489514457,4.049653732962944,3.897414528339657,1,0
GMPR,0.0,5.4909296411328095,5.999429217127975,5.552291095389947,1,0
SMO,0.0,5.833749972257464,5.228686402150019,5.7035300057004035,0,1
SPRR2A,0.0,1.3166771197748786,1.851516168874205,1.6617803918568137,1,0
FDCSP,0.0,2.474466885956677,2.894829274859793,2.4231902843677124,1,2
PDE1B,0.0,3.789702475679325,3.951450576343168,3.939810262439103,1,0
FLVCR1-DT,0.0,3.9932510609263954,3.7462762978313444,4.033004422832416,2,1
ALDH1L1,0.0,4.991046499194073,6.300443100463801,5.305828389596741,1,0
LRRC34,0.0,3.9215211608280445,3.5479960348857116,4.129331908612184,2,1
DCLK1,0.0,3.5719433827395464,3.397445851471987,3.665166354621827,2,1
SLAMF6,0.0,4.5136345192663585,4.787161047022852,4.585743883668513,1,0
OR51E1,0.0,4.426740099812935,4.351650181320889,4.459063866104482,2,1
FCRL5,0.0,3.9228132289856923,4.295727829328673,3.8921240046809746,1,2
SNHG25,0.0,3.91172496619337,4.019592215281731,4.080830443012597,2,0
TRMT9B,0.0,4.5700397520877045,4.210953515026121,4.54164365136624,0,1
ABCC9,0.0,4.359393368454431,4.580802335074585,4.432516113933751,1,0
EPHA3,0.0,4.559268490052635,3.9438013042960383,4.667859627919697,2,1
SPOCK1,0.0,5.638741945079481,5.897303767219532,5.537696322562104,1,2
HOXA11-AS,0.0,6.2293762829163715,5.688780826397629,6.137349982016733,0,1
CPS1,0.0,4.0216556709518425,5.125737148741996,4.3372674154181565,1,0
DDX3Y,0.0,4.212626345153903,3.6513837382863743,3.925311300810466,0,1
PTGER3,0.0,4.457827465267999,4.170617093969537,4.414004779258207,0,1
GREM2,0.0,4.250246669153854,3.0649308821816708,4.249660664894277,0,1
ZNF737,0.0,4.632065481425243,3.7722760745947297,4.635624112429021,2,1
PKIA,0.0,4.199165439461456,3.929736015008996,4.264210096190776,2,1
P2RX1,0.0,3.920712997210508,3.904556655078285,3.9119537131764144,0,1
ADGRG3,0.0,3.5818850235142237,4.2372085458799695,3.4996993964562,1,2
TUB,0.0,3.8136111029244097,3.446833363084738,3.8166060096717125,2,1
BMP6,0.0,3.840312304827288,3.892090865094143,3.784961233230191,1,2
RTN4RL1,0.0,2.9873270174153266,2.291753999391204,3.0032912941120333,2,1
SIX4,0.0,3.4789717188044933,4.031844923261032,3.6499484254146313,1,0
NANOS3,0.0,3.672078402196896,2.672575594748988,3.579281939839577,0,1
KIF1A,0.0,2.748021733743559,2.184178107913767,3.0397249308208107,2,1
TLR6,0.0,3.6883216451452667,4.242327171514623,3.874901476617275,1,0
TREH,0.0,3.753104147948229,2.9260126104282462,3.594355997305515,0,1
RPL27P4,0.0,2.819566394035266,2.6173305162570957,2.826481266523462,2,1
PART1,0.0,3.4918329482794754,2.613770783520722,3.7961597210515765,2,1
ZNF525,0.0,5.73580417905785,5.35911707856794,5.757076460034541,2,1
HOPX,0.0,5.534159784829594,5.79125304437217,5.490607458848613,1,2
IGHV1-69D,0.0,4.532004092817444,4.83431896403303,4.684223732364328,1,0
ANKRD40CL,0.0,5.87301252393252,4.854795455948887,5.92824488428541,2,1
ACHE,0.0,5.5249461349488405,5.594628521349188,5.575157720266359,1,0
SLITRK6,0.0,4.171172642862918,4.7718613717958585,4.203175858912098,1,0
IFIT1,0.0,5.431241491748551,5.622821011381365,5.3866111201626,1,2
FGF2,0.0,4.443855695965692,4.281525692487978,4.371910711932932,0,1
ARHGAP28,0.0,3.9511387939639215,3.4450654874362154,3.909349503690868,0,1
ACOX2,0.0,6.268453701620144,5.447900884619301,6.30276838701672,2,1
LRIF1,0.0,6.335606854528547,5.938134634097723,6.324173268234015,0,1
ITGAX,0.0,5.93847202566762,6.5157139303785625,5.98344197162955,1,0
RN7SL4P,0.0,1.970270809726395,2.194652054253754,1.9674291378336772,1,2
SCN9A,0.0,3.4670563899217504,3.6632550001637525,3.5395644249295968,1,0
RAB38,0.0,3.682909725280256,4.1490085717240595,3.778994462559762,1,0
B3GALT2,0.0,3.2315346077773968,3.484206103920464,3.5010746034033713,2,0
ERICH5,0.0,3.4317458849445734,2.733645133707633,3.7971218220436285,2,1
TRABD2B,0.0,3.7887862350569526,3.834580309386642,3.9022707731955784,2,0
LOC100130111,0.0,3.4927979510150724,2.4977477495021203,3.188317013699571,0,1
ESYT3,0.0,3.602361276800629,3.0298168034337136,3.6469117165497935,2,1
GLDN,0.0,3.818192669861052,3.817773328712079,3.8385787359171926,2,1
LINC00460,0.0,3.411331190112658,2.854946537962266,3.407816909659723,0,1
PRSS1,0.0,2.1274552291830715,2.2625290062367283,2.2202799142709515,1,0
FIRRE,0.0,3.4114064563341935,2.7759872692147995,3.5370229803829756,2,1
MTRNR2L2,0.0,3.7068709818570356,3.1165248662760066,3.61055265014651,0,1
TNNI3,0.0,3.365914629161171,3.2607874623926083,3.3341598926583758,0,1
SIRPG,0.0,3.704017551940532,4.383646986092489,3.8693776616220346,1,0
EDA2R,0.0,3.661019549152351,3.4071844189747686,3.817533505095263,2,1
SIGLEC14,0.0,3.431873638509202,4.082127471380834,3.2623374399065996,1,2
HLA-DOB,0.0,3.6329123922984543,4.004173922735016,3.8275505353884975,1,0
PCDHGB2,0.0,3.3633839993867696,3.7547892390641135,3.4978817122681756,1,0
OIT3,0.0,3.6649711302404313,2.7089295991489135,3.6238691693201655,0,1
FAM30A,0.0,3.1572054224522654,3.301368971103532,3.238896941261131,1,0
CLEC4E,0.0,3.2025545770504564,4.289173759747052,3.2285951763326075,1,0
PNMA8A,0.0,3.724271341977175,3.449358510217745,3.6818318622268786,0,1
VPS37D,0.0,3.8083654168158403,4.180079430792171,3.800344657827752,1,2
LILRB3,0.0,3.678974477986948,4.375914428961065,3.742419574562721,1,0
LMNTD2-AS1,0.0,3.6877657303295623,3.7644866947133253,4.072598998553261,2,0
GZMH,0.0,3.367612248028494,4.501900349423353,3.4406482489271073,1,0
ANKRD36BP2,0.0,3.1826385259254053,3.3267172052134355,3.3391424615516465,2,0
MAGEA11,0.0,1.6337441560810466,0.7829810288973492,1.7056623754247218,2,1
ZNF665,0.0,3.9343267908481248,3.1265014727890716,3.9027912879811977,0,1
APLP1,0.0,3.6103373035011814,4.240948675206506,3.6092426650077503,1,2
CATSPERB,0.0,3.7417322009383125,4.382192001870172,3.8377245696456668,1,0
CDH23,0.0,3.8207002905438565,3.7410218491399805,3.7972260392450217,0,1
CELF5,0.0,3.643314379830649,2.6933243794837263,3.6047752912458164,0,1
IGHV1-46,0.0,5.123987269277026,5.335468168934323,5.130525452809985,1,0
GSTM3,0.0,6.084657816602026,5.549786318446687,6.205279614576093,2,1
MOGAT2,0.0,5.968933704584426,5.123463640926974,5.9728944834989095,2,1
ACSM3,0.0,6.235058893841671,5.844387772013581,6.303984962024119,2,1
PODN,0.0,6.177273102144704,5.767431126305639,6.147231212548256,0,1
ADAMTS8,0.0,3.824538290893171,3.0910842286877735,3.7326645342246567,0,1
JHY,0.0,3.7794747423390085,3.496307089099072,3.8666794460367773,2,1
TPTEP1,0.0,3.4056405261705316,3.572582315972776,3.6481762746337316,2,0
LRRC17,0.0,3.9530401529887205,3.7029348391107697,3.8623338063002413,0,1
HOXC11,0.0,1.7561876253280941,3.221445325550744,2.1814402048894475,1,0
KLHDC7A,0.0,3.6312351413897423,3.4428358901327236,3.4687084224911606,0,1
GCNT2,0.0,3.6602355522363355,3.924706776592647,3.904278683363036,1,0
UBD,0.0,5.595975929836568,6.324087296515029,5.62542434978914,1,0
TNFRSF11B,0.0,5.847860907145198,5.94989721124237,6.014604998417258,2,0
DMRTA2,0.0,2.5528956663846927,2.095883424467467,2.678180390937975,2,1
PRKN,0.0,3.953057877800039,3.3229447634782336,4.037967718815941,2,1
HERC2P7,0.0,3.7518225341520837,3.584029106257797,4.087997503180627,2,1
VWCE,0.0,3.4871771422156077,3.2621934899125233,3.5988454780088084,2,1
PTPRN,0.0,3.3817100135472327,3.430997111840768,3.539355632390484,2,0
AVPR1A,0.0,3.3678997831495643,4.12995735230995,3.503899357813198,1,0
RPL21P28,0.0,3.649730464939998,3.3356536376913244,3.8748713783989173,2,1
FAM110B,0.0,3.7938866710489636,3.836968780594552,3.775439789931967,1,2
PCDHGB5,0.0,3.3090649171818427,3.033007176627162,2.9839827042024587,0,2
FAXC,0.0,3.6150545638411598,3.62925378219736,3.607372901716525,1,2
ZNF354C,0.0,3.644293854096665,3.3698760913683667,3.704783076173191,2,1
NPW,0.0,3.3468657133817197,3.092024842237153,3.3885063893648257,2,1
C16orf74,0.0,3.637111684692146,3.4085757513811386,3.571803753120857,0,1
RPSAP53,0.0,2.7320274764522194,2.443406888592742,2.724594047946827,0,1
PRAC2,0.0,3.3670302689525773,3.019588790104088,3.5499463932820654,2,1
CSDC2,0.0,3.6738335560523976,3.346526106495516,3.507044339806605,0,1
LRRK2,0.0,4.180729122776036,4.4533202257045215,4.1707222616502815,1,2
RASGEF1A,0.0,3.868467093248792,4.435307995883061,3.655612433765128,1,2
MIR17HG,0.0,4.490280188111578,3.891633207727911,4.745896962745491,2,1
CLEC2B,0.0,4.542869299038286,5.222666180743211,4.635992630146664,1,0
NR0B2,0.0,4.407812089464715,3.634805492783529,4.485687433780291,2,1
CARMIL2,0.0,4.562878865415368,4.557385401337248,4.822920356912079,2,1
SSUH2,0.0,4.535758021853687,3.3861491724763755,4.572294049317335,2,1
PLXNA4,0.0,4.446087865056001,4.07242414799546,4.335826529816344,0,1
MARK1,0.0,4.418354101349345,3.927770964037746,4.588978341110252,2,1
HAS3,0.0,6.121430880748494,5.801686018047344,6.127280022892331,2,1
HENMT1,0.0,6.425588198523016,5.364464905739751,6.418038050078753,0,1
ARHGAP44,0.0,6.268597732869687,6.100703737856768,6.198220172199755,0,1
MS4A6A,0.0,6.087190329139703,6.50684479910234,6.142764093461617,1,0
TMEM119,0.0,6.253227746551367,6.101417669745047,6.188696068715171,0,1
GAS7,0.0,6.205304668661673,6.176037896984793,6.184813406108447,0,1
TMEM82,0.0,3.6693881752344657,2.856313128244932,3.623262515719864,0,1
KRT6B,0.0,4.887540140279066,4.558567532888838,4.446154885025247,0,2
DMKN,0.0,5.76504273184281,6.505958815731811,5.673831399413951,1,2
BHLHE41,0.0,6.097458508010759,6.297592350316892,6.487127620158142,2,0
IGHV3-30,0.0,5.257613004379871,5.639199162854623,5.275904631235132,1,0
ATOH1,0.0,5.286831045208778,6.175750658921901,5.13799527587439,1,2
MEX3A,0.0,6.356812791958851,5.26572026039076,6.26995278744007,0,1
RORC,0.0,6.230915408463025,6.065102227076069,6.17189608507836,0,1
LDB3,0.0,3.3482375743204744,3.1414146311440447,3.4789244648651914,2,1
ZNF529-AS1,0.0,3.9392488705129227,2.8381074856095667,3.7848123041313544,0,1
ZBED9,0.0,3.1083684237281894,2.6981592296961376,2.9025017826814654,0,1
SUCNR1,0.0,3.4180711919065945,4.0239486173785295,3.5176434341815406,1,0
SEC16B,0.0,3.7998813950725685,3.1445542578129655,3.886003166364874,2,1
IPCEF1,0.0,3.7229895963707493,3.7552389548027167,3.863458564083606,2,0
LIPC,0.0,2.296826115726725,2.0770664273328667,2.4070928116383263,2,1
HGF,0.0,4.637517676160745,4.1947321263716795,4.5523019721781575,0,1
ONECUT3,0.0,2.0379640180835352,3.3001201527229207,2.081221488475021,1,0
TREML2,0.0,3.2020844805445003,2.8218272408910985,3.1469381332366146,0,1
SIK1,0.0,2.849979150504653,2.764693047997071,3.222048464610136,2,1
PRDM6,0.0,3.6231959647760528,3.4910136423067937,3.6844421488507613,2,1
UGT1A6,0.0,3.349275577279561,2.823950510584171,3.286580496213849,0,1
CD226,0.0,3.4840879210401208,4.140248379478122,3.5233475798201987,1,0
SLC6A19,0.0,2.3732832183436208,2.0707748498950385,2.4998694308832037,2,1
MT1A,0.0,3.158374482104149,2.805106910712185,3.2419915323602257,2,1
KRT8P11,0.0,3.3206315987282617,3.484474751902657,3.4182139114470274,1,0
FGL2,0.0,6.0301443970363175,6.447954026259536,6.002834123567728,1,2
PTPRU,0.0,5.854101823181228,6.540921136488921,5.702623552704961,1,2
CFI,0.0,6.126542529719283,6.330570313663724,6.000541924350831,1,2
RYR2,0.0,4.260148225677858,4.109294979168973,4.4694122207077935,2,1
SLC5A9,0.0,4.414495020731901,3.57636480182375,4.383519113472324,0,1
CLIP4,0.0,4.450792634275872,4.686167223024281,4.473143437739125,1,0
GAU1,0.0,5.589336737314842,5.233617362456509,5.481091462940932,0,1
PLEK,0.0,5.772636646115765,6.630968433713334,5.800071381931064,1,0
MSRB3,0.0,6.114458782009595,6.0400327200575,6.111165613218477,0,1
GCNT4,0.0,3.621080851402985,3.7619107742664286,3.7388403557913445,1,0
SHISA3,0.0,3.262151676417272,2.8178670480549384,3.1271611094513867,0,1
CD33,0.0,3.69933246111656,4.101034352762025,3.7055132840284286,1,0
S100A1,0.0,3.664678913021178,3.5709266273010263,3.8255987562035165,2,1
KCNK10,0.0,3.4850674320247643,3.5743704008610306,3.912320496062622,2,0
PNPLA3,0.0,2.774524850775106,4.065532470287026,2.7812386035835845,1,0
ACTC1,0.0,3.2579058592470402,3.095644531659457,3.3142870033872955,2,1
UCKL1-AS1,0.0,3.810736434863997,3.008685721913259,3.908190245126554,2,1
LHX4,0.0,3.7024113149748805,3.612200234447057,3.828250884451464,2,1
KCNQ3,0.0,3.5425009914916528,3.80353063230496,3.59122226846567,1,0
C5orf38,0.0,2.56874372010125,3.4170431774752204,2.6491264053666197,1,0
AMPH,0.0,3.4663912137733255,3.2814648921088283,3.3551810292239317,0,1
ZNF287,0.0,3.9015062131776386,3.5194511307636036,3.8361456930076807,0,1
HDX,0.0,3.7932171458990913,3.1277276727764693,3.8396380758547957,2,1
H2BC18,0.0,3.000214077947381,2.9168253520553513,3.072006232925976,2,1
PRAM1,0.0,3.661379017336945,3.9743328003092477,3.752694670112326,1,0
HSP90AB2P,0.0,3.6456589604599072,3.6236433967293156,3.7818413535040043,2,1
PTHLH,0.0,3.5837349200081436,3.7126031845197733,3.596514983292972,1,0
ZFP82,0.0,3.634515893772985,3.4176510952253873,3.6167975407114152,0,1
SGCA,0.0,3.4578785681897473,2.8582415374908283,3.3449450481719913,0,1
CACNA1H,0.0,6.296977935236118,6.265836241680934,6.25995179112477,0,2
CRIP1,0.0,4.4924226171739,5.416655481603257,4.734352744583926,1,0
SHISA2,0.0,4.700630298562828,4.266453429006587,4.48082117163452,0,1
FAM50B,0.0,4.5710325316766625,4.344696420834451,4.524098309175748,0,1
NTSR1,0.0,3.3003244137673935,3.83552704921119,3.280377693560422,1,2
DACT3,0.0,4.669240953231855,4.393206213982089,4.657620399083115,0,1
IGLV7-43,0.0,3.740607425012177,3.7303247366091203,3.8808134791950653,2,1
SLC16A7,0.0,4.016798537068737,4.8317866868685915,4.064909423307247,1,0
NCR3LG1,0.0,6.22175462541935,5.987985482117576,6.248115148443178,2,1
CFD,0.0,5.923905747328969,6.394982429472007,5.840359481865684,1,2
OSMR,0.0,6.179820396714431,6.452843695677049,6.150460226769569,1,2
LINC01235,0.0,3.3796366737625156,3.9317173941152,3.6492691074031867,1,0
GSTA1,0.0,3.011274543636834,2.4972002795554613,2.991826619385665,0,1
MDGA1,0.0,4.230481755955853,4.547820822782636,4.223735930355307,1,2
ROR1,0.0,4.009102583045837,4.642566484590502,4.139858328673287,1,0
TNNC1,0.0,3.929765190246478,3.6452463338968717,4.101186922516167,2,1
SLC4A4,0.0,4.861955571358583,5.9563272933080995,4.803540273743024,1,2
DOCK2,0.0,5.593392274027112,6.0945912277958385,5.6021294136257795,1,0
DIO2,0.0,5.766365819808107,5.410311624725035,5.642954275941761,0,1
PTPN7,0.0,5.473181534549741,5.9587358485594795,5.4730676281932915,1,2
GNB4,0.0,5.686263704283861,5.998883755895791,5.771263034513385,1,0
PCSK5,0.0,5.75389087849022,6.072611773855031,5.8550856538876666,1,0
CA4,0.0,4.468127701172206,3.146157846681066,4.175922530052136,0,1
SACS,0.0,5.7513697803754225,6.070891836054637,5.757862753366225,1,0
CALCRL,0.0,5.782963568851705,5.8204433117680106,5.792679644212348,1,0
AQP7,0.0,4.366189447595339,3.881354633478399,4.4933852259949,2,1
DOC2A,0.0,3.905521109113127,3.9503179463130196,4.018854063995337,2,0
TMEM25,0.0,4.719642346576798,4.694476519219697,4.650317478960214,0,2
GALNT4,0.0,4.862612903223115,4.460049510597169,4.814352534367809,0,1
LRMDA,0.0,4.750316210391811,4.035383494667212,4.62569114237959,0,1
GLI1,0.0,4.7850455056118815,4.551405621990834,4.775089929014475,0,1
SELP,0.0,4.267165844421418,4.173424782192827,4.232669562359375,0,1
SGIP1,0.0,4.626181580455103,4.531827274355822,4.613924783794043,0,1
LGI4,0.0,4.644498698671651,4.007339993789667,4.635543010359083,0,1
ENTPD8,0.0,5.807300995948481,6.200501520120345,5.713323378472727,1,2
SYNE1,0.0,6.091128694476286,6.474950489157211,6.140358457067818,1,0
TSPOAP1,0.0,5.928155667643231,5.741431647052218,6.32165413423902,2,1
FCER1G,0.0,6.1246380761366765,6.806874406234922,6.15004140464971,1,0
MFAP2,0.0,6.372785093137392,6.071803591416056,6.281350045212485,0,1
CHML,0.0,6.3438702204282755,6.2443263871015215,6.408162886883319,2,1
IBSP,0.0,2.6067330260048895,3.329500770543388,2.6069661928753995,1,0
ISLR2,0.0,3.7080635207342993,2.9155491414993806,3.7011714479131013,0,1
ICOS,0.0,3.51891556869027,4.002491016691078,3.6160603002782374,1,0
COL11A2,0.0,3.298194731836909,3.4383967151605983,3.567639527786696,2,0
CLDN8,0.0,1.8475882274959976,0.7301838683438696,1.6622008845715843,0,1
REEP2,0.0,3.673932583998419,3.8010492885144282,3.7597577868102174,1,0
ZNF471,0.0,3.550947333429612,3.0009493472480395,3.392195752282168,0,1
DPEP2,0.0,3.6194660690863683,4.000739431554258,3.781750059019539,1,0
LINC00426,0.0,3.652595661479399,3.431463473442742,3.8016230967301916,2,1
DSEL,0.0,3.64771494505196,3.7319914498811917,3.6135882290215275,1,2
CD19,0.0,3.3899907557189115,3.225665335199659,3.4504882559745953,2,1
IGKV1D-8,0.0,2.883267266846812,2.9244601531406613,2.9124281552900597,1,0
PLD4,0.0,3.653356527492528,3.371682405088257,3.6389519649734052,0,1
KCNV1,0.0,2.5664268651697846,2.1792007747291318,3.0346987058984394,2,1
GYG2P1,0.0,2.200072588345692,1.6910775705646233,2.2272568211309522,2,1
ZFP37,0.0,3.588893998288216,3.761416038630525,3.741848920278984,1,0
LINC00540,0.0,2.4271042491890373,1.9726023407677333,2.59416125901589,2,1
MTCYBP18,0.0,2.4495746161101337,2.387229222981264,2.3889207379292916,0,1
REP15,0.0,2.9663999818846443,3.203009416209984,3.067286370370074,1,0
RPS3AP5,0.0,3.8567536095585764,3.799886442290239,3.8017941740963535,0,1
TIAM1,0.0,4.460844128730097,5.0610108088958015,4.404685031327259,1,2
CTF1,0.0,3.7007043478167745,3.4399500291719796,3.595859662218839,0,1
ANO5,0.0,3.1512828295310777,2.8482912195456827,3.023978078078667,0,1
C17orf78,0.0,1.9337220235952508,1.4970311690194098,1.9906523692352116,2,1
ANKRD33B,0.0,3.63586410740696,3.810411230843284,3.6823039142634872,1,0
SPTSSB,0.0,2.4707711963360963,3.296791202099893,2.6646842775771282,1,0
CSRNP3,0.0,3.3308543867550924,3.3784361491276256,3.5421743738057128,2,0
FAM155A,0.0,3.4112586481090577,3.168429397798855,3.4052208030741444,0,1
ESRRG,0.0,3.2174054336722464,2.2014141096531774,3.0827823791466638,0,1
TNIP3,0.0,3.213924213351778,3.8119612855277016,3.2990993586957464,1,0
WDR92,0.0,3.7622634936252024,3.493669051342256,3.9019192023978166,2,1
TENT5B,0.0,3.5308978682763543,3.9383917617708852,3.3785470218136435,1,2
CHRM1,0.0,3.103064668603155,4.07672472279166,3.2661604140292675,1,0
AMBP,0.0,3.3896691803166177,3.0624254009949925,3.312358051416129,0,1
CHRM2,0.0,2.1010540249677545,1.504790579078827,1.9055326617008261,0,1
TGFBR3,0.0,6.296368402285963,6.345021370804845,6.348670637518582,2,0
LINC00893,0.0,3.618433523769057,3.212585732241669,3.84885536166842,2,1
CCDC60,0.0,2.7273009732520213,2.4227839895280563,2.5420337833852735,0,1
LAMP5,0.0,3.375448422700179,3.2554981709393926,3.397283994117372,2,1
ZNF677,0.0,3.6787963343907415,3.5287736163291687,3.7058084715984503,2,1
SERPINA4,0.0,2.9414061815697345,2.6037902308885448,2.970143724731593,2,1
DYNC1I1,0.0,3.3500429458001935,2.9112962575887784,3.3524657303145737,2,1
RPL35P5,0.0,3.345375280428838,3.5687830965284397,3.529938821285969,1,0
LOC100505501,0.0,3.509716299248923,4.193502022039532,3.601325334772377,1,0
IGKV6-21,0.0,2.84041222781227,3.0302933384602833,2.642000609971404,1,2
N4BP2,0.0,5.690226735544397,6.019313073103207,5.840507292396071,1,0
CRYAB,0.0,5.616297281890289,5.347403711908738,5.660282810986913,2,1
SMOC1,0.0,4.604181865241993,4.374350960277988,4.382932345062273,0,1
SVEP1,0.0,5.603679838764213,5.349285791338919,5.6479869296987415,2,1
ZNF518B,0.0,5.583073694638826,4.845116026396516,5.665456215787628,2,1
SORCS2,0.0,4.6811724943309505,4.509829478110194,4.561344949775231,0,1
FGF1,0.0,3.550323289619117,3.6000106241591485,3.5684748851430608,1,0
VANGL2,0.0,6.371265473477335,4.953025092254465,6.293374662854786,0,1
PRRX1,0.0,5.994831876535755,6.524503291972301,6.007345931936557,1,0
PALM3,0.0,4.367118558584409,3.1001982241497554,4.615009381506904,2,1
FAM20A,0.0,4.5034299191690295,4.950124387787956,4.5620897986954345,1,0
EVI2A,0.0,4.401423310717855,5.019015355975589,4.4816633496446725,1,0
SCUBE2,0.0,4.694000219687667,4.16561725791351,4.740984856382214,2,1
STPG4,0.0,3.34280112102456,3.226762828005926,3.329446287844591,0,1
ASPN,0.0,5.776283188122346,5.658389802680018,5.807180334022505,2,1
BCL11A,0.0,6.548088596710776,5.482077688180518,6.5594008458688995,2,1
JCAD,0.0,6.128138206280502,6.590094400598113,6.145648246163278,1,0
IGHV4-59,0.0,5.4014743478126475,5.7591496821405785,5.318614222383953,1,2
HPDL,0.0,6.326772163235671,5.538122781432074,6.490854625023347,2,1
OLFML3,0.0,6.339926236742798,6.057738153932987,6.239829136221067,0,1
RNF186,0.0,6.304614339340178,5.646620978104521,6.320669885755254,2,1
CENPE,0.0,6.30941215561783,6.500746215876852,6.373857765144056,1,0
LINC01833,0.0,2.4584536869692317,1.978294636781854,2.9216844406089195,2,1
SLC16A6,0.0,3.570199504758241,3.8463727859697636,3.596908898376553,1,0
TESPA1,0.0,3.460542876354899,3.736035275037621,3.576791791468297,1,0
GYG2,0.0,6.431738702741822,5.327528811521981,6.342577167619659,0,1
ELFN2,0.0,2.906682394995899,2.9758434391086923,2.836401290411936,1,2
RNF212,0.0,3.3236385572879987,3.0792664122593636,3.2379841171169765,0,1
CLC,0.0,2.5086785168680534,2.507878069454464,2.56533776935389,2,1
EVC2,0.0,3.6323280315455957,3.52498497355446,3.624297588679385,0,1
MEOX2,0.0,2.909114656308548,3.003496944689417,3.0374086734372208,2,0
KIF5A,0.0,3.376815733974146,3.286169065649273,3.633021364836213,2,1
SEMA3D,0.0,2.837177735380193,2.6245434344202145,2.6928479438220965,0,1
SIRPB1,0.0,3.2294266536568643,3.853472763972048,3.0609960350560304,1,2
MAP6,0.0,3.6181903560331334,3.2846748243526442,3.7144532266815147,2,1
RAET1L,0.0,3.4117067269190615,3.6931486483242226,3.1591268379109874,1,2
KANK4,0.0,3.3146441680801506,3.228329726643514,3.2581528053455773,0,1
BMX,0.0,3.5938274680427242,3.3713332320803726,3.6459448488718604,2,1
TMEM61,0.0,3.230999731190471,4.090526287987859,3.2738416008242264,1,0
GRP,0.0,3.322817010104815,2.464522565760775,3.2862404299584997,0,1
NCAM2,0.0,3.355025047529197,3.271755681495752,3.300241408268556,0,1
FAM13C,0.0,3.6255661857582044,3.234029825675574,3.7088881401380354,2,1
VSIG1,0.0,2.6170381173959103,3.3688344888384663,2.8707245961146652,1,0
XKR6,0.0,3.3366668255733014,3.1900343649621705,3.2659641962753696,0,1
APOA2,0.0,1.5318837279384292,0.9846496802705613,1.744288850284227,2,1
LY9,0.0,3.3894317885877867,3.643532282114668,3.4637812738060014,1,0
PCAT2,0.0,3.631609210977311,2.624539966348557,3.6143270745443603,0,1
CLGN,0.0,2.971599611034082,2.1029306014662823,3.083062872365817,2,1
KCNK15,0.0,3.0560504132015063,3.227162546286555,3.283223347393452,2,0
PROX1-AS1,0.0,3.4925064681622477,3.501702517229036,3.71938465398548,2,0
SAMD3,0.0,3.2383099109988565,3.439081536675947,3.4740647502953865,2,0
LINC00659,0.0,3.2243724581105546,3.7213707118218586,3.258146740093191,1,0
CBARP,0.0,3.545512053820408,4.047719843436749,3.563607483483121,1,0
TAS1R3,0.0,4.529501424318279,3.6458540228221965,4.648655476287341,2,1
ALDH1A2,0.0,3.193438717478368,3.2717541230569576,3.2424433712099288,1,0
TRIM72,0.0,2.711165499700312,4.1724465674151245,2.815577811604472,1,0
IGLV10-54,0.0,3.34727341975452,3.480166757137674,3.6665120306930437,2,0
RAPGEF4,0.0,4.814423167033321,4.438017712916627,4.897335878426689,2,1
MIR4458HG,0.0,4.697136772502644,4.804630500306752,4.8268073402897125,2,0
PLA2G4F,0.0,6.530778064825371,5.250307020823591,6.553640300625094,2,1
OBSL1,0.0,6.230591622874874,6.087529396711383,6.212226680025034,0,1
ISX,0.0,6.261968516850449,4.563503729527202,6.119102104655387,0,1
LOC389602,0.0,6.517354109423664,5.497878308531507,6.385680903106301,0,1
EMB,0.0,5.871785813679099,5.581847450162773,6.286749824386011,2,1
CRACR2A,0.0,6.3446908391908625,6.4665570058027555,6.443669415617208,1,0
PTPN13,0.0,6.03477690796225,6.271160752686439,6.16163765030803,1,0
PDE9A,0.0,6.414020193626841,6.074052724463356,6.441833697886837,2,1
LRRC4,0.0,3.5012843927038206,2.9356919104831727,3.2131371744695345,0,1
SPATA17,0.0,3.6435898671189153,3.459169237746741,3.749927255768448,2,1
BHLHE22,0.0,3.53279420781795,3.385372364926142,3.5512508741385,2,1
NFE2,0.0,3.156211692147823,2.6074071546613435,2.999084966131095,0,1
LRCH2,0.0,3.4205160601133886,3.3749119360398616,3.4922354007518486,2,1
ATP12A,0.0,1.7814369104665329,0.8641130724878094,2.2728920759384486,2,1
FREM1,0.0,5.808485483445019,4.522926306725912,6.036008205904779,2,1
IL7R,0.0,6.09245045313237,6.460942144645697,6.141101763508561,1,0
PDE7B,0.0,3.593215595001104,3.5162349390865923,3.546651935068304,0,1
ENOX1,0.0,3.636966486573636,3.4941557635995673,3.7148805333321637,2,1
TKTL1,0.0,1.2239462087065542,1.3657155969393913,1.605664967487492,2,0
DENND2C,0.0,3.6263854774579314,2.9235441251705443,3.554677916654548,0,1
SERPINA5,0.0,3.4382476843103342,3.2592892997076497,3.3528824254224263,0,1
UBASH3A,0.0,3.4596650626861924,4.06477310567607,3.6002675488805136,1,0
ZBED2,0.0,2.778718206378674,3.7172862692226945,2.808981837706878,1,0
PRKD1,0.0,4.72501889370883,4.618690374443325,4.649037485677456,0,1
GJB4,0.0,4.477941132729549,4.6667296742873665,4.551976303222552,1,0
FAM189A1,0.0,4.1984473914080835,2.9883420716106532,4.307761516945261,2,1
ADGRL2,0.0,5.68726749213662,5.6259834869783445,5.644864548277833,0,1
SLC16A9,0.0,5.691567227263153,4.755923784069094,5.5838215983948105,0,1
FGFBP1,0.0,5.37209489637595,5.687511976537906,5.308353953351851,1,2
KLK11,0.0,4.69601746800133,5.99887243909088,4.823879797266375,1,0
COCH,0.0,4.465868704254377,3.6392628622317065,4.735719675896304,2,1
CXXC4,0.0,4.713530231632441,3.8738155352842485,4.829569481919229,2,1
CHST5,0.0,3.9503544282101433,4.771380966146427,3.965504806975593,1,0
CCDC88A,0.0,5.431095024640818,5.893779585245029,5.530807134893666,1,0
FAT4,0.0,5.656127772341425,5.154981178221012,5.5462707824103745,0,1
KIF26A,0.0,5.364361879905574,5.184485495232657,5.005511861849964,0,2
C1QTNF7,0.0,3.2316125577888988,2.7262396116947922,3.3053504850180015,2,1
ABCA11P,0.0,3.6417427938155598,3.417088567252775,3.767293715012876,2,1
EEF1B2P6,0.0,3.4753462130259596,3.444969306053682,3.7341538072541587,2,1
CLCA2,0.0,1.6477316771887556,2.033096310321436,1.8768898839149066,1,0
CDKN2B-AS1,0.0,2.9018883900225796,2.5919426088688025,2.806664125313478,0,1
CYP24A1,0.0,2.893361453314157,1.6551197826002075,2.9092772915822582,2,1
DUOXA1,0.0,3.3255100447550068,3.3944724862908098,3.5253414055434824,2,0
PYY,0.0,2.502525730866942,1.76053598977682,2.2494894573695627,0,1
BSN,0.0,3.325710193709035,3.2719649792851166,3.427126101347307,2,1
LINC00365,0.0,3.6610468641566865,2.5270716922438465,3.7004959421946353,2,1
TNMD,0.0,3.1817342231582235,1.8932536599033054,3.2811762841064764,2,1
MEGF11,0.0,2.897231749181456,2.2821874951458305,2.8052294038041947,0,1
BEST4,0.0,3.4390826162814383,3.141278965928751,3.611021980162086,2,1
RDX,0.0,6.2837245690135,6.217826740749549,6.339454987550304,2,1
SLC2A10,0.0,6.353043349445714,6.597664464932225,6.306580133341199,1,2
FERMT2,0.0,6.350477534394654,6.300767935060409,6.32253068224744,0,1
ZEB2,0.0,6.197507594033117,6.365874318621137,6.17457427003948,1,2
IDO1,0.0,5.198430513901599,6.408424459187833,5.283689895608777,1,0
FRMPD3,0.0,2.864626786100694,3.2006563662201675,3.256158461324237,2,0
LILRA6,0.0,3.2717288974900143,4.060816866647152,3.3242156590907657,1,0
ABCA6,0.0,3.1214292067673823,3.2481259370204665,3.3008715979667653,2,0
HECW1,0.0,3.4560733908889003,3.1932560401525567,3.2959251686526727,0,1
BAMBI,0.0,6.255772234302667,5.994951182546859,6.246421726201028,0,1
ADAMTS4,0.0,6.338072791633514,6.736803960365638,6.380244121070698,1,0
UPK3B,0.0,3.0394505554867783,3.091546336506697,3.4285935145519453,2,0
AFF3,0.0,3.43992460809423,3.142563450934535,3.3721343109431583,0,1
RASGRP4,0.0,3.5048016544763985,3.8324465263581735,3.449157009149078,1,2
CHI3L2,0.0,3.069593697038922,3.6199218324957485,3.279330675183779,1,0
TCEAL7,0.0,3.516872307018218,3.4058138289362265,3.5461280511395645,2,1
SERTAD4,0.0,4.586739640522304,4.910364333681668,4.637184029035172,1,0
CEP126,0.0,4.817897707474303,4.439512485358941,4.921495728973976,2,1
LOC102724159,0.0,4.7673854580332256,4.6523019557492375,4.572836881130375,0,2
HOXD10,0.0,4.102308857489279,3.1887997730665734,4.37975885958267,2,1
LINC01291,0.0,3.6286244324830315,3.981253613393391,3.8706320192308543,1,0
CNTN1,0.0,2.82684524443231,2.9510407851738565,3.032613537746807,2,0
TNFRSF17,0.0,3.0023725698188466,3.104013531408785,3.024251390583686,1,0
OR51E2,0.0,3.4370874829129834,3.121072242209739,3.349859823936802,0,1
IRX3,0.0,2.7602193111316553,3.560465282556396,2.6160004251856366,1,2
NKAIN2,0.0,2.2159267502086246,1.8844626783435905,1.8465256891528532,0,2
KNDC1,0.0,3.2574202084497053,2.8027352507709002,3.241819401466086,0,1
FSTL4,0.0,2.9115730915829516,2.109590768553825,2.9728781424230672,2,1
PDZD4,0.0,3.4026702751596334,2.9838516573967704,3.4370928662265334,2,1
IGKV1D-13,0.0,2.3501900116331633,2.4625639227424,2.4834471470097053,2,0
TRIM58,0.0,2.9162624568986297,2.32021295280963,2.8073994893675356,0,1
MS4A2,0.0,3.200853589627192,2.9964276273119657,3.1383989663725123,0,1
GABRA4,0.0,2.3106082350802093,1.5124500485542505,2.3174515328672385,2,1
EMX1,0.0,2.0346435889869015,3.3797524544207995,2.554833019575169,1,0
EDN1,0.0,6.441020474116506,5.836241827385536,6.4524463962725696,2,1
GGT5,0.0,6.3844495065000695,6.469951998905305,6.329383683693754,1,2
PDLIM3,0.0,6.281484657491739,6.111394548526627,6.276112129783186,0,1
EDIL3,0.0,6.484633069225293,6.183537779250221,6.476021925081261,0,1
TPPP3,0.0,6.357999304442381,5.856106159947598,6.645807826635158,2,1
PGAP1,0.0,6.421604000682658,6.285017584859424,6.482330690229417,2,1
PAX8-AS1,0.0,5.825932520540733,5.613092421170648,5.891185921886277,2,1
SERP2,0.0,4.278792366651972,3.0823303740520607,4.2330376865761234,0,1
MAP3K20-AS1,0.0,3.385170550517756,3.0588077657065273,3.352244485164916,0,1
SLC4A3,0.0,4.118527729467778,4.366899506143267,4.090287196618043,1,2
LINC02487,0.0,4.508254005011293,3.3370765233722075,4.417995669810082,0,1
SCUBE1,0.0,4.362655689955045,4.060525084009702,4.257834948101688,0,1
IGFL2,0.0,3.2970012184929414,4.322315079130831,3.2935699932229547,1,2
SHISA9,0.0,2.6574194541134206,1.0067982498936126,2.4255528235064028,0,1
SEPTIN3,0.0,3.9666734675125173,4.362819256344723,3.985217230337768,1,0
GLDC,0.0,3.3592585661345113,2.927087112452309,3.2273014670349065,0,1
MB,0.0,3.9410062185396337,4.19595721550618,3.830974639904878,1,2
FGF13,0.0,4.141847763480906,3.4429446941563078,4.20639754824414,2,1
ZFP28,0.0,4.264960215098516,3.329402486514039,3.9889086864774748,0,1
MCEMP1,0.0,2.887065224482474,3.714141819062065,2.9190923649368496,1,0
GATD3A,0.0,2.727376355393464,2.9278005068487096,3.0073620836049506,2,0
DPY19L2P2,0.0,3.151382910392041,2.636547974405346,3.283469935314858,2,1
MADCAM1,0.0,3.469832177556478,3.001975324181279,3.299730431640105,0,1
GUCA2B,0.0,2.4309341706266676,1.812690813420753,2.1374986686831856,0,1
BRINP3,0.0,1.8363215907625285,1.5052000444088294,1.850655072062969,2,1
RNF180,0.0,3.3829309299404913,3.240799107284921,3.446450462509846,2,1
TASL,0.0,3.3715459691351937,3.7355084797512346,3.444045644749246,1,0
LINC00106,0.0,3.5561776082661885,2.897229522414831,3.7838921643999948,2,1
CD68,0.0,3.2818986262536782,3.9695481357278197,3.470008159406832,1,0
TWIST2,0.0,3.4444237438801237,3.4337962130994186,3.3610037672650797,0,2
LOX,0.0,6.27032415750305,6.58621975370414,6.238231804456727,1,2
ADAMDEC1,0.0,6.279364615018146,6.14473722250804,6.187302617147498,0,1
MPEG1,0.0,6.280334896000958,6.66467810162333,6.261074435365949,1,2
VSIG2,0.0,5.764896652883231,5.411151133491521,5.961897568993273,2,1
COL5A3,0.0,6.388007827081687,6.663843074663764,6.34439677874036,1,2
NPTX2,0.0,5.395483161944519,4.477870069352217,4.8848064056946106,0,1
TEKT4P2,0.0,3.5413598857282005,3.433154668968245,3.329053522717202,0,2
BEAN1,0.0,3.1013647754411275,3.545708415670828,3.3143004278812795,1,0
LINC01806,0.0,4.344037171332386,4.238664062019316,4.4589946526198405,2,1
C7,0.0,4.730136235722998,4.447507476326801,5.114053628877547,2,1
CHRDL2,0.0,4.623937602093308,4.26584612546096,4.477296334536159,0,1
ZC3H12C,0.0,5.499240950447182,5.9819214953702895,5.638968830500566,1,0
PLA2G4A,0.0,4.985715959040485,6.341323982100593,5.05885309571707,1,0
HLTF,0.0,6.411023544200413,6.200695022453934,6.347197967779399,0,1
MAMDC2,0.0,2.9557275337595903,2.3675597639377166,2.936204688198715,0,1
DLX6,0.0,2.508393136317802,1.5176184078876793,2.8225749342060946,2,1
NAT8L,0.0,2.8615785513328467,2.823386859326961,3.0429720348526246,2,1
SLC47A1,0.0,3.422205992551637,3.519444465297047,3.3263432953698007,1,2
KLK3,0.0,2.600253321712373,2.671324572510657,2.7523771129146146,2,0
TCP11,0.0,1.6746911587679982,1.5248059083249905,1.8893620532397921,2,1
RPL18P4,0.0,2.4864825350146007,2.2915044727277243,2.6260650083609627,2,1
SERPINB2,0.0,1.7615108466257585,3.4381812995567467,1.6422844368818248,1,2
GASK1A,0.0,3.2508022619169576,2.862914354670102,3.2738519796952086,2,1
FNDC11,0.0,3.479976784535411,3.105174963747835,3.372609607337807,0,1
UCN3,0.0,2.6894917361019486,2.159835543383654,2.6560567410791784,0,1
SP8,0.0,2.1682487636695535,2.1173560408813277,2.521339326380762,2,1
ZNF366,0.0,3.3992201858505786,3.438844953832775,3.282086227507165,1,2
MIA,0.0,2.4512668936014848,2.6944654410974143,2.3733165964242215,1,2
SERPINB7,0.0,1.568595870178014,2.8494798167719977,1.8025424412176618,1,0
KLRG2,0.0,2.530087913047861,1.4758839327681197,2.5163993570055143,0,1
CHMP1B2P,0.0,2.4593278957742437,1.382507660010225,2.704774900312503,2,1
PRSS30P,0.0,3.2589686800310527,3.1541580803509457,3.353208118150631,2,1
CCBE1,0.0,2.7655339148156015,3.250298954774119,2.904307184388548,1,0
IRAG1,0.0,6.485325087015765,6.137491930127809,6.414959623566323,0,1
RPS7P10,0.0,3.4679677526869623,3.2957466235273207,3.6097564561226387,2,1
DGKI,0.0,3.1305399909074545,3.0605383629453997,3.126181805825288,0,1
ZNF844,0.0,5.630164870134337,5.63177698420718,5.769457318672949,2,0
BICC1,0.0,5.619751520533587,5.450149760540613,5.451038940799083,0,1
COL8A2,0.0,5.520058983714723,5.420513269369986,5.485973406225403,0,1
FXYD6,0.0,5.565795023996051,5.268820224011719,5.578503369278768,2,1
SLC37A2,0.0,5.285048352455191,5.596833186644609,5.224728255447814,1,2
NMRAL2P,0.0,3.3487951785496497,2.545388370175103,3.5128128565002124,2,1
ALB,0.0,1.3340939379511834,1.0448560167899665,1.5188246224106057,2,1
NME1-NME2,0.0,3.441358367779871,3.625121192527719,3.650792792936782,2,0
NCF1C,0.0,3.3150545342003372,3.9324185419037154,3.285925155620732,1,2
C9orf24,0.0,3.118838238299382,3.367566680887356,3.1367896074326516,1,0
FMO2,0.0,2.517064888833969,2.8639233454468136,2.694254522027451,1,0
EIF1AY,0.0,3.6378965262325256,3.174778002023285,3.3429269743092833,0,1
CH25H,0.0,4.8932802032274205,4.118817854521682,4.857693119407789,0,1
MOXD1,0.0,5.557421059753549,5.299680975034518,5.550802292525171,0,1
FCRL3,0.0,2.8029677745972297,3.535591272731208,2.9706152452244154,1,0
DSG4,0.0,3.5809212195792948,2.871671702002278,3.612169787202771,2,1
PRG4,0.0,2.5929971125001234,2.499516608263235,2.979470606101611,2,1
DDX43,0.0,2.359580798490053,2.42777989403666,2.4270422393248827,1,0
GRIN2C,0.0,3.237741289016009,3.290357302319477,3.1807629383104117,1,2
PURPL,0.0,1.9572650868228414,1.5869337776702002,1.8800307482795353,0,1
CYP4F35P,0.0,3.1514359236653777,3.0362244601165598,3.441551302620938,2,1
CFH,0.0,6.336648267022235,6.580463103892771,6.328829731247471,1,2
ZCCHC24,0.0,6.617846043528168,6.13426186448688,6.45314697593283,0,1
MTSS1,0.0,6.511316440535683,6.458546306284564,6.707461078728489,2,1
XDH,0.0,6.261092005987464,6.343483013453901,6.282476882793629,1,0
CCL28,0.0,6.347328404890048,6.3403920387530475,6.420297164404719,2,1
HSPA2,0.0,6.3875907291487515,6.103603281750822,6.226667195418629,0,1
MME,0.0,5.984050495909146,5.487800933402102,5.713124373371928,0,1
NLGN4Y,0.0,2.359332980344524,1.809874939620625,2.062093586677997,0,1
TCHH,0.0,2.474994978923243,1.7873330488326695,2.8077024390030267,2,1
AP3B2,0.0,2.381231371878235,1.9240443037460868,2.511814554411581,2,1
PCDHA4,0.0,2.446553357272355,2.031490931135685,2.1273530132528853,0,1
TM6SF1,0.0,3.346321259860946,3.6594744851583267,3.3696157419617316,1,0
CADM3,0.0,2.6536907102205602,2.798498035267557,2.7470032495595222,1,0
LINC00865,0.0,3.4919615001097775,2.5858484284527985,3.3673618481536653,0,1
LINC01876,0.0,2.9385002791724193,2.55917574463381,3.2816898768550358,2,1
ACBD7,0.0,3.4605729229835682,3.4653632647149677,3.38108560567065,1,2
RGS18,0.0,3.2117275238846528,3.5971790516679434,3.3606412841553905,1,0
ATP6V0D2,0.0,3.3508820474746503,3.332169579429976,3.2915051043329995,0,2
FMO3,0.0,3.4648096332676284,3.3203479638604176,3.4652372815355954,2,1
LOC441179,0.0,3.501517736321726,3.0233796601088483,3.50692525673183,2,1
NPTX1,0.0,2.711524318554124,2.1834839975364804,2.7898194989202802,2,1
MT1L,0.0,3.227558818257866,3.646071278949232,3.328668320459936,1,0
GSTM5,0.0,3.381019178649271,3.1719381724137508,3.5259068617776923,2,1
COL21A1,0.0,3.3447985864425434,2.8299445482788452,3.2989705568317804,0,1
KLK15,0.0,3.1782258532603165,2.6976537486732086,3.1430563028480845,0,1
PYGM,0.0,3.209712086844628,3.104738355314579,3.352946013154341,2,1
ITGA10,0.0,3.3129537053324154,3.5679953212516837,3.4005158631444163,1,0
ENTPD3,0.0,2.9150004830574088,3.1986717089761756,3.0968112511615287,1,0
ADAMTS1,0.0,6.399395393805816,6.448360943241284,6.519785968113107,2,0
SECTM1,0.0,6.143639949759582,7.180021933166234,6.053908657911286,1,2
SEMA6A,0.0,6.3879857995277955,5.826949874514513,6.435462667014811,2,1
ADH1C,0.0,5.842269192899104,4.8131122195064915,5.7956385089921385,0,1
LRRTM2,0.0,2.2713521442240636,2.1612628741153297,2.161410906214883,0,1
RALGAPA1P1,0.0,3.2320005644611913,3.290594493595328,3.28691116173875,1,0
CHRNB2,0.0,2.194999887536953,2.1123946519585233,2.2869033259811706,2,1
VWA2,0.0,6.566745833027259,5.79324674713232,6.679256973177287,2,1
COL4A5,0.0,4.60553584259176,3.8187973715138988,4.610672073409092,2,1
CAP2,0.0,4.837294272495631,4.915244171488844,4.810755104899014,1,2
GSTM1,0.0,3.582220351182671,4.147477140813674,3.663131409093074,1,0
ATP1A3,0.0,4.189320019482969,4.7439378817644124,4.228610788344524,1,0
NELL2,0.0,3.9568825600986672,4.023881015642645,4.108169869780969,2,0
PALMD,0.0,4.611348092396485,4.8844350215907335,4.673775179080274,1,0
ARHGAP27P1-BPTFP1-KPNA2P3,0.0,4.783227317711784,4.683935322665731,5.079307930048713,2,1
TNFAIP6,0.0,4.399512023319342,5.024984475000741,4.371641025756113,1,2
CPSF1P1,0.0,3.011815596037035,2.8823685391607525,3.234173945243158,2,1
HS3ST3A1,0.0,3.354201877928696,3.565182549526345,3.1235988587053485,1,2
CD1C,0.0,3.2901118344389113,3.2425162434352326,3.2929802558259,2,1
GALNT16,0.0,3.2099353389363783,2.71111495593111,3.1668659051173624,0,1
C1QTNF12,0.0,4.5555622323440605,3.8796873460488017,4.611442041062198,2,1
SYNGR3,0.0,4.159196560891487,4.674651910337451,4.338125940634854,1,0
SCN8A,0.0,4.703028177427127,4.263613599988455,4.80066963719607,2,1
CD302,0.0,4.791208110533792,4.760493340965961,4.928840802458644,2,1
ADAMTS12,0.0,6.3916485106767285,6.507825401662362,6.25269489682762,1,2
AOC3,0.0,6.281621863201709,6.241328071063895,6.3004605949787065,2,1
FAM3B,0.0,5.509896362749031,4.629219344559861,5.706502143974427,2,1
FCGR2A,0.0,6.296373788131633,7.014287382353431,6.302811008622662,1,0
RBMS1,0.0,6.460469612936385,6.185228529724461,6.532488805776782,2,1
A1CF,0.0,6.642533130504962,5.422225111621793,6.755020996997178,2,1
LINC00668,0.0,6.548971479647539,5.473501071785085,6.488177108485432,0,1
SORBS2,0.0,6.515998038152709,6.507243860054443,6.594813682529957,2,1
P2RY10,0.0,3.080407361787477,3.598754724638434,3.1198132769536566,1,0
MTRNR2L8,0.0,2.898340037838372,2.6015326921864403,2.7639430925893858,0,1
IGFL2-AS1,0.0,2.2220508887322596,2.0075346591786807,2.1242778196184067,0,1
GPR158,0.0,2.8897047333574406,3.332168842719149,2.9619481615378835,1,0
DTNA,0.0,4.524832017288933,3.7719330821428443,4.647685279978248,2,1
MIR100HG,0.0,4.512219629808012,4.440980649825764,4.599101116445307,2,1
RARB,0.0,4.41382032399493,4.301991228975416,4.436507198247235,2,1
NCKAP5,0.0,4.2576648912018955,3.264732932000815,4.206383278325963,0,1
NXPE2,0.0,3.847009981490559,4.023287610504192,3.795865948507598,1,2
ADGRF1,0.0,3.444257682766925,4.0676408905122825,3.640806129352524,1,0
PCDHB16,0.0,3.8054581206574563,3.853285623664388,4.063847850934623,2,0
ZDBF2,0.0,3.9679372205893437,4.133792013074345,4.095784251082036,1,0
IGHV3-13,0.0,3.1902676105468437,3.5512343614454327,3.1445037892181675,1,2
RPS14P1,0.0,3.0850080284294803,3.397852651964708,2.97114727470759,1,2
LMO3,0.0,3.757024620516037,3.088904636331054,3.9245768731708304,2,1
OTC,0.0,3.29591654331891,3.319200643244873,3.6010070026860945,2,0
LILRB5,0.0,4.117400249307561,4.581380093063822,4.165905414202574,1,0
NBEA,0.0,3.909430311409333,3.9925405912211502,4.059234031149276,2,0
CD79B,0.0,4.139871648492841,4.360658772399631,4.206199475118456,1,0
MATN3,0.0,4.245395216124433,3.6649784334070277,4.359976244357548,2,1
LPAL2,0.0,3.5392647164271023,2.80945861524259,3.6805450727084352,2,1
ZNF404,0.0,3.4358988243604056,2.998810956436485,3.6171123610910954,2,1
NPTN-IT1,0.0,2.9674923835946387,3.155817822147522,3.108002555615333,1,0
LINC01410,0.0,3.243597436739575,2.6816021726448254,3.38606595395127,2,1
NAT8B,0.0,2.4090174468467462,2.7139513401940456,2.558105418520318,1,0
C22orf34,0.0,3.140446450855314,3.4464986918027996,3.086601274910481,1,2
GABRA3,0.0,1.6812052170016587,0.5213774584091183,1.750031463418829,2,1
IGKV3-7,0.0,2.6951864008545083,2.6677558475450183,2.7847435291334413,2,1
ABCA10,0.0,3.0858628920882043,3.6660890063431886,3.372142768531777,1,0
TNFSF8,0.0,3.142977569077865,3.533405042802745,3.3591613526718587,1,0
LOC339260,0.0,3.223096144541392,2.9622213654386744,3.277051823978108,2,1
RBM11,0.0,3.192704219800983,2.3669511111699366,3.411535566985601,2,1
CALML3,0.0,2.7267344856950206,1.4524946416891282,2.6779687843587876,0,1
GALNT14,0.0,2.595320459204511,2.8451816165837664,2.5870975022873366,1,2
SLC16A11,0.0,3.435664238363247,2.835700231584046,3.289175497827466,0,1
ECM2,0.0,4.536604708466447,4.575256568711711,4.580733214464802,2,0
ENPP7P11,0.0,3.3212068346325037,2.8571004937034017,3.4870647150526355,2,1
TINCR,0.0,2.9385537332565024,2.704609932107566,2.971181434934183,2,1
CCN5,0.0,2.4208617519685864,2.6267132358981287,2.729955389542617,2,0
LRRN3,0.0,2.606784749738012,2.4753813922435257,2.5992021094469027,0,1
CYP3A4,0.0,2.363397742879731,2.7338874192029086,2.4507540986570224,1,0
PCDH9,0.0,2.64487036583255,2.523345617837474,2.6018282449886985,0,1
IL13RA2,0.0,3.2263825431801654,2.6742600780437082,3.0639862564758005,0,1
CD53,0.0,6.343739435596024,6.989111079561341,6.388805340344668,1,0
MACROH2A2,0.0,6.581017619478074,6.1627720847660985,6.407121831575815,0,1
UNC93A,0.0,4.1378846588388685,3.1123003856340583,3.9410875303111657,0,1
GTF2IP4,0.0,4.854121035721008,4.782850206613929,4.8627591214736645,2,1
MMP10,0.0,4.246703030555199,4.106651136833395,4.053741094241373,0,2
TENM3,0.0,4.189910619840261,4.7507425136659345,3.979997098317487,1,2
ZNF503-AS1,0.0,4.640927504543563,3.6175596838778548,4.514401365317956,0,1
ANK2,0.0,4.546608881586235,4.468593190660589,4.584604162052845,2,1
ST6GAL2,0.0,4.130825424997258,3.028507649274062,3.841459107405586,0,1
ADAMTSL2,0.0,5.7599078802263355,4.929730629063744,5.7750671818483745,2,1
MIPOL1,0.0,4.664516632106798,4.695371194736366,4.9287027336192715,2,0
TAFA5,0.0,4.916294273734738,4.584016496499271,4.835518521323916,0,1
SLC51B,0.0,4.774632015310727,3.358715528169078,4.490745962272379,0,1
CHIT1,0.0,3.600721576487015,4.078431800871508,3.656933277347877,1,0
LILRB1,0.0,4.660844865906678,5.224498006914039,4.635301052892665,1,2
PRKCQ,0.0,4.6856313695498555,4.871310932359473,4.836760492818462,1,0
PILRA,0.0,4.669950753576178,5.244287025992645,4.636308096997151,1,2
COMP,0.0,5.476118596043252,5.188162649893618,5.412700053262817,0,1
KIF20B,0.0,6.603722564769818,6.6651263656874455,6.651787537082071,1,0
FHL1,0.0,6.459417508755616,6.0009075313315305,6.508485492552432,2,1
FOXA1,0.0,6.266478000687734,6.821388092915268,6.523852610523352,1,0
RARRES1,0.0,6.022891916594394,7.172755543281022,6.2032079765718935,1,0
DGKB,0.0,1.8988107168871022,2.150694945597169,1.9812080094740696,1,0
BCL2L10,0.0,3.3563472597748816,2.2638065315413187,3.3685583790923412,2,1
LINC00896,0.0,3.090989994583669,3.4365080578068405,3.3055023431867276,1,0
HOXC4,0.0,2.4486895528053108,3.8183242119659146,2.751220651635453,1,0
ESPNL,0.0,3.078830872005499,2.8776702112775085,3.047167593061802,0,1
ASXL3,0.0,3.0330355077204296,2.844444490495632,3.054115020815433,2,1
CHAD,0.0,3.349824684589604,2.6043263302500086,3.477196568486685,2,1
ADCYAP1,0.0,2.7407077405878812,2.6132108935754297,2.866348282840661,2,1
CHRNA1,0.0,3.3510075201062435,2.7657968959053556,3.243023764145891,0,1
NPSR1-AS1,0.0,2.3538369583563945,2.733781846429944,2.4096023626276684,1,0
GALNT9,0.0,2.4106864193161437,2.624149322400681,2.516945381701636,1,0
ZNF660,0.0,3.2673556075601082,2.851019717692127,3.308950650272288,2,1
TSPAN32,0.0,2.6744990094865866,2.857119779624772,2.760076863409834,1,0
TLL2,0.0,3.120993921948592,3.9720871001614046,3.3937886712027,1,0
HMGA2-AS1,0.0,2.677611307549805,2.5063438185006692,2.6698522895785906,0,1
PCDHB7,0.0,3.302088177754097,3.4388240441232156,3.3792372899928145,1,0
BOLA3-AS1,0.0,3.315096357289018,2.842598938063499,3.200608521577855,0,1
LILRA2,0.0,3.1060322571838137,3.734059895081479,2.965326801262184,1,2
LHFPL3,0.0,2.7670192120376877,2.130402379757904,2.681099031560049,0,1
DDIT4L,0.0,2.707020398806706,2.3874623493140676,2.7619057689134383,2,1
GPR83,0.0,1.8702722529401885,1.720931405373344,1.793848825398928,0,1
ZNF469,0.0,5.478201086486465,5.819627590324999,5.281397406714335,1,2
HAGLR,0.0,5.185924319808334,5.92203052170477,5.371351153289955,1,0
RSAD2,0.0,5.301463088540153,5.752213667364917,5.350315732478815,1,0
NEXN,0.0,5.306575545950611,5.543034596219493,5.417246523930928,1,0
ITGA4,0.0,5.5761934671346935,5.70640145480353,5.572029697126614,1,2
CCL11,0.0,4.571898351307228,4.190648164178586,4.397622561725732,0,1
CXCR6,0.0,4.626219761404743,5.279564224231701,4.68616136316598,1,0
RAB9B,0.0,3.3382777992314674,2.9017740466093063,3.3001595064135922,0,1
FSIP1,0.0,2.910456844170949,2.7146945740115545,2.80985812425494,0,1
TMEM200C,0.0,3.333579662409271,2.9468189577137913,3.295577888865956,0,1
MIR429,0.0,3.376736976285198,2.609259609687693,3.62305331422678,2,1
MEFV,0.0,2.886865921401841,3.7064244420904098,2.7806448803512085,1,2
ULBP1,0.0,3.116943058066124,3.335789942046992,3.3009745039586442,1,0
CUZD1,0.0,3.395491832974573,2.8217215412763386,3.523939167035186,2,1
ALPG,0.0,2.893915863120568,3.504325680131856,2.7971393403875666,1,2
CR2,0.0,3.59396992001418,3.7726111752254647,3.589327631519659,1,2
MSI1,0.0,4.591091956946257,3.6532617722911587,4.31361578126312,0,1
HDAC9,0.0,4.69343950788513,4.371745993749397,4.721285654519106,2,1
PCDHGA12,0.0,3.2125117112466786,3.41563968590852,3.146151253668859,1,2
HAND1,0.0,1.8915817121422944,1.381395188875628,1.7996218757480904,0,1
SLC52A1,0.0,3.0670844751022885,3.2027030344658547,3.1242034085892385,1,0
GALNTL6,0.0,2.270442870249047,2.9737425933480672,2.4946478831702232,1,0
COL4A3,0.0,2.617277921983511,2.5499593084873,2.7971716280698953,2,1
FADS6,0.0,2.270382117496724,0.6773296269499457,2.390147106767812,2,1
TBX4,0.0,1.9913748974354735,1.8543919015049601,2.1406802083826997,2,1
DOK6,0.0,3.300030061512991,2.944059599395487,3.296106089684779,0,1
PGR,0.0,3.0601799031224357,2.7804238004418043,3.069897862214285,2,1
XKR7,0.0,1.123610958528977,1.264038149790433,1.1782738859239863,1,0
CHKB-CPT1B,0.0,3.252262863558638,3.2311680888563155,3.473857178990868,2,1
CACNB4,0.0,2.9059145494235543,2.6669101957930046,3.1267727187902072,2,1
KCNT1,0.0,2.6423070469387415,1.8277890744484824,2.8912263452262428,2,1
KCTD16,0.0,2.4834620191034618,1.5469740468519058,2.7073712935576344,2,1
LOC729654,0.0,3.236299309749281,2.3800634047586398,3.0906378652168254,0,1
GTSF1,0.0,1.8395309484890454,2.116916555749446,2.043326739399256,1,0
GPM6A,0.0,2.1478393360916495,1.9198221914358475,2.0331033462296593,0,1
C2CD4C,0.0,2.9238921235045034,3.6566700144661866,3.001164986503427,1,0
NMUR2,0.0,1.2747405070486788,1.7147048721618772,1.6928596158613565,1,0
MTCO1P53,0.0,1.8030978454515016,1.7797350168278603,1.8258097010600658,2,1
RRN3P2,0.0,3.359772307738412,2.906813464127858,3.4581407827923947,2,1
ZNF626,0.0,3.228645549012851,3.0932066270292675,3.230485628509639,2,1
GLRB,0.0,3.238767029129076,2.98479386825393,3.2310538482769,0,1
GUCY1B2,0.0,3.0496853314080328,2.9117538156963607,3.1221876520199414,2,1
PCDHB12,0.0,3.140753055247109,3.0597963466645086,3.38864233853148,2,1
CFAP300,0.0,3.099952949030101,2.600058923324628,3.3041952417892992,2,1
BHLHA15,0.0,3.111783373038558,3.889819884304622,3.077102698633873,1,2
PDZRN4,0.0,2.5229665918368798,2.4054888111697785,2.7675367877372516,2,1
MGMT,0.0,6.598885193367947,6.4458425533404995,6.803214837106506,2,1
DDT,0.0,6.630064875644568,6.730307650958822,6.73623386249715,2,0
MGAM2,0.0,6.154116889552999,6.002047277880827,6.097909561759608,0,1
RAMP2-AS1,0.0,3.1027666357743744,2.380201502095656,3.624801861461323,2,1
LINC00954,0.0,3.148054023183249,2.1328437984696307,3.194259818711922,2,1
LOC101929719,0.0,3.057653940061435,2.8699836994505974,3.3257290535314863,2,1
MORN3,0.0,2.8486979748284504,3.0185086091096696,3.0480347478693974,2,0
EPHX3,0.0,3.048295934034141,2.915348863372312,3.0476252076773376,0,1
FCMR,0.0,4.724082674919788,5.1252871160209015,4.784341048431771,1,0
C1QTNF3,0.0,4.835041857711385,4.678199685625025,4.92886109705124,2,1
PCDH19,0.0,4.132682709997001,2.62636210535591,3.863087673906862,0,1
BCL2A1,0.0,4.456774652424524,5.417073048315902,4.458320411993667,1,0
RAB26,0.0,4.208405814739197,5.243289022127661,4.30262920218549,1,0
TREM1,0.0,4.1833963365551226,5.193643732490599,4.143002545879736,1,2
PRKG2,0.0,3.176185895077357,3.0966261768327845,3.214450738805148,2,1
CD200R1,0.0,3.1201007843881983,3.233204042271371,3.1537970871659615,1,0
FAM189A2,0.0,2.9955151137598346,3.869098729666522,2.9750779632710316,1,2
RPL7AP62,0.0,3.278310316936346,3.300004164995512,3.4283351125402826,2,0
MYT1,0.0,2.7859117949877157,2.0000305132758998,2.7761473990664625,0,1
PRIMA1,0.0,2.47668665294335,2.0576041506237566,2.528311011451725,2,1
LOC107984450,0.0,2.8611479955390005,3.002413604828281,2.6492768816230226,1,2
SLC34A2,0.0,1.5316807116826645,2.331173431037692,1.7807464139041473,1,0
FAM72B,0.0,2.7286185118156596,3.6716120361217675,2.701323687375456,1,2
TRIM71,0.0,1.6806426879390461,0.8762067235918305,2.150798580590526,2,1
KLK4,0.0,2.363916558692692,2.182910961246172,2.377260618575747,2,1
TYRP1,0.0,3.1374625712742343,2.307491471587134,3.1105099337670534,0,1
TLCD4,0.0,6.497836072842136,6.421956156514258,6.621786438410784,2,1
IL1B,0.0,5.897482168158873,6.839729019823816,6.008699958951294,1,0
CXCL2,0.0,6.328468498360876,6.619351526462418,6.294172805471541,1,2
IGHV3-15,0.0,5.493005777764161,5.535812077124385,5.529883503929374,1,0
HLA-DMB,0.0,6.343603231730491,7.138655636459435,6.392789470200921,1,0
NXPE4,0.0,5.922402328985509,4.115002199402266,5.644240686452929,0,1
PYHIN1,0.0,2.935846984865727,3.544056248408843,3.144637432071149,1,0
RPL26P6,0.0,3.318626196726452,3.428552822179957,3.403391868475317,1,0
ZNF831,0.0,2.8192199639987265,3.366947953471829,2.978401968630928,1,0
BCHE,0.0,2.4975985146601274,2.461496420986679,2.836693835766386,2,1
SRPX,0.0,4.7472959250020255,5.178450571677898,4.77074700779518,1,0
COLCA1,0.0,4.863762618157081,5.081400641884567,5.026709222091422,1,0
LSAMP,0.0,5.535302042025619,4.992854561114157,5.458068803613138,0,1
ARSJ,0.0,5.3276493560109985,6.120074868152487,5.497101853881642,1,0
GPC6,0.0,5.45033677908663,5.579550633307045,5.346283865418058,1,2
SNX16,0.0,5.716161862532858,5.626477739468265,5.849622097452209,2,1
KLF12,0.0,5.485870501242393,5.441450531649796,5.539849516813131,2,1
TFAP2E,0.0,3.153902180547734,3.262094715668401,3.323417016563128,2,0
SV2C,0.0,2.703209643808183,1.882338608654956,2.864510288860091,2,1
XCR1,0.0,2.7561044984638716,2.8757928255342136,2.8072243162334716,1,0
ZFP92,0.0,3.212929239053426,3.1395313946029018,3.139115177085348,0,2
DLG2,0.0,3.099646326459062,3.267767640679305,3.2656674380897712,1,0
DNALI1,0.0,4.465925213669441,4.4937567045844835,4.6405334285245745,2,0
FSIP2,0.0,4.108880088489946,3.7179902733534207,4.30110301840499,2,1
U2AF1,0.0,3.0663265055142253,3.023950262579927,3.142207272203071,2,1
CNGA3,0.0,1.7840523157123043,1.4765317956125201,1.9206301503447782,2,1
BLK,0.0,2.5967831761030116,2.6999307741233824,2.7153948167936233,2,0
SYNPR,0.0,1.7544274897030032,1.151993911293108,2.260122193061409,2,1
FCRLA,0.0,2.6235522137950262,2.824294120775209,2.6555904013612293,1,0
BIRC7,0.0,2.8432459420881946,2.4481975554257454,3.0089100713307513,2,1
HAND2-AS1,0.0,2.5890695584871595,2.329523115394114,2.663638700450099,2,1
TCAF1P1,0.0,3.317137632469435,3.3087504521839812,3.1225862026946043,0,2
TUBAP13,0.0,2.4399696280273817,0.443916918414639,2.1888666018947047,0,1
GBA3,0.0,2.5660717699841427,2.8404058637609384,2.5882569651354617,1,0
HNRNPA1P21,0.0,3.1372773949928594,3.4759088225689276,3.254555352300746,1,0
EPCAM-DT,0.0,3.44748817696529,2.3691735608692124,3.382955572799927,0,1
CCL26,0.0,2.8043768842363654,3.6855106789370358,2.628825280213743,1,2
MIR647,0.0,3.3817576543652033,2.6438378112266014,3.59112230679707,2,1
ROBO1,0.0,6.568125168782974,6.578697975521429,6.451906414944149,1,2
IGLV1-51,0.0,5.602066877797492,5.6933109929886365,5.814877275217234,2,0
LGR6,0.0,6.342102131073384,5.536111660542927,6.397802825401591,2,1
PLAGL1,0.0,6.7261609310188675,5.865133182523521,6.688504680152826,0,1
MYH10,0.0,6.536234847801172,6.714028002545249,6.568155415290038,1,0
PKHD1,0.0,2.479200459218118,2.3545994473258647,2.4764362949861276,0,1
PLA2G5,0.0,3.0670109677994573,3.003337789774214,3.0847936514444645,2,1
CCDC187,0.0,2.678824757015159,3.2686937025510403,2.786969929794493,1,0
GRM4,0.0,2.167961321451143,2.09281144492876,2.1340573478564395,0,1
H2BC7,0.0,1.7926577600374272,1.487427414316699,1.748728696435368,0,1
LBP,0.0,2.330631586944362,1.8581108045495758,2.3447072653022722,2,1
SPATA3-AS1,0.0,3.207256453317273,3.0630308339891936,3.1977275608000757,0,1
WASH7P,0.0,2.9134641064521487,2.66761648084664,3.2652848077987575,2,1
SSPN,0.0,5.584376687300932,5.4760973794871095,5.7424209936903505,2,1
POU2F2,0.0,4.79820070767369,5.100398149519329,4.874983817182216,1,0
CALCB,0.0,1.3776435051730107,1.1366101290363166,1.4187281853618072,2,1
CPZ,0.0,3.2495456842512085,3.0216507868065183,3.0910197506830377,0,1
ESF1,0.0,6.673742012277599,6.428460295455868,6.814996014848786,2,1
C3orf14,0.0,4.148924820432019,3.746597184686411,4.239700704639835,2,1
DACT1,0.0,5.7834442259055345,5.7907150196406425,5.801722291882539,2,0
CRYBG3,0.0,5.825362840816938,6.134798364200942,5.865927132172453,1,0
SPHK1,0.0,5.688484767663565,6.512418776046996,5.763933704027154,1,0
MDFIC,0.0,5.841948415148421,5.942371233783152,5.920607507593964,1,0
MAP1A,0.0,5.8888730004036605,5.814738644223229,5.85098507463257,0,1
CALB1,0.0,2.5825368961434165,3.294092019926698,2.941971278671854,1,0
IGHV3-21,0.0,4.85768933985332,5.45774893151077,5.009382793378532,1,0
BCAT1,0.0,5.51793194575134,6.035008620811714,5.492619020261835,1,2
ADTRP,0.0,5.409170157012255,5.096175796850463,5.3816668234087945,0,1
RASSF2,0.0,5.872104869379554,6.082791731729576,5.876092047059917,1,0
GPR63,0.0,4.2916479337231435,4.71994817703696,4.441882783102173,1,0
LINC01605,0.0,4.4520533852209825,3.409672783229973,4.397721339164723,0,1
CSTA,0.0,4.120482063015948,4.140832430639942,4.151479644618691,2,0
LINC01088,0.0,2.4777408397600866,2.130167272346454,2.8111465034348853,2,1
ADH4,0.0,2.733124128074609,1.8368234905295835,2.79401457690227,2,1
MIR196A1,0.0,3.143720552298497,2.0740826132227013,3.230607045277293,2,1
ZNF135,0.0,3.2446209307928346,2.943676641586201,3.187065438145818,0,1
KCNJ10,0.0,3.044270629946936,3.2805221334049546,3.1071094308099605,1,0
SV2B,0.0,2.7892558545533985,3.106040947585989,2.905507378152277,1,0
FBXO27,0.0,2.9706252090206164,2.7988878730112448,2.9846757010156684,2,1
GIMAP5,0.0,2.899511438629029,3.302089785816346,3.0139918431343315,1,0
C1QL3,0.0,2.958346899637324,2.794207807322549,3.1669036893994855,2,1
QKI,0.0,6.569806224374632,6.643035508049641,6.578729786272456,1,0
ADA2,0.0,6.477414963807726,6.732411795968783,6.434568754839649,1,2
GALC,0.0,6.6635675399379615,6.208500264620636,6.7419466177609015,2,1
TRPM2,0.0,6.720354338361342,6.62172907547652,6.800578105372415,2,1
OVOS2,0.0,2.685031421412212,2.4705106746302645,2.916368649364781,2,1
PROK2,0.0,2.003524105629493,2.8321725906124797,2.013510631771042,1,0
C11orf21,0.0,2.592178166836511,2.9230985343919405,2.5972092846290495,1,0
ARC,0.0,2.6440866678912793,3.323964541754215,2.665987013277061,1,0
TDRD1,0.0,1.6323029339615458,1.8650541900642403,1.6324611814386263,1,0
KCNK9,0.0,2.792144141562731,2.2283206334476398,3.0547807523564297,2,1
SSPOP,0.0,2.7914097110970837,2.7216183466250747,3.088754619223319,2,1
HCAR3,0.0,2.063841950889229,2.975035637738741,1.965570064871815,1,2
CYP2E1,0.0,2.8921408363768943,3.3375939406785693,3.1850054236745917,1,0
BATF,0.0,4.739747955574909,5.004710470903436,4.872490420725634,1,0
PRKCQ-AS1,0.0,4.951995046480012,4.745935416075127,5.093764523894815,2,1
ZNF93,0.0,4.890698383182092,4.455533034708674,5.015998210393368,2,1
JAM2,0.0,4.80251114874847,4.778874031525889,4.91085020751754,2,1
UCHL1,0.0,4.474781879315217,4.505602457713585,4.636846222259202,2,0
SFMBT2,0.0,4.69487662891186,5.088389279539034,4.74812532022692,1,0
MAGI2-AS3,0.0,4.722947355368089,4.655293410694345,4.7957736095282755,2,1
NAT2,0.0,4.9055093492891535,4.026010025340673,4.900109910030312,0,1
PGBD5,0.0,4.7973086738239665,4.116190895633975,4.787468968662725,0,1
GLI3,0.0,4.650506241960759,4.767025826199069,4.556649926405376,1,2
GFRA3,0.0,2.8183248431212387,2.0515613868545515,2.925907722824135,2,1
FOXP2,0.0,4.506133389250146,3.896892065611771,4.452246892776028,0,1
IRF4,0.0,4.423468040129216,4.782736163829882,4.493598694950624,1,0
C4B,0.0,4.7015875902664135,4.4844000230130305,4.574942215396614,0,1
MYOCD,0.0,4.60550150005837,4.014236884257471,4.511908238484466,0,1
CTSG,0.0,2.4004801073554334,2.529128403691061,2.4707913571050972,1,0
PCDHGA9,0.0,3.098808268676138,3.3442090068976453,2.9950629718862456,1,2
C16orf89,0.0,2.685591934477673,2.6491751737630476,2.7746061747601507,2,1
IGF1,0.0,2.769101977515322,2.571527431902464,2.7453601569714547,0,1
ARHGAP20,0.0,2.9985296997041764,3.3755257482765733,3.071855233065317,1,0
IGHV6-1,0.0,2.4373530671828454,2.4665502305419347,2.2942680329691605,1,2
SCG3,0.0,2.0252445193388686,1.8915453839269083,2.332034466829914,2,1
PTPN20,0.0,2.038451758740183,1.7513618842619558,1.9738128365963994,0,1
UGT2B17,0.0,5.000336091888312,4.412397670939907,5.079955800165961,2,1
AGT,0.0,6.705933065053223,5.7667597941924305,6.574823230652919,0,1
TRIM22,0.0,6.589607062421789,7.032728214347817,6.562264335713704,1,2
ZFY,0.0,3.208488818431636,2.726566193133964,2.899098705212446,0,1
PLEKHA4,0.0,6.778520031347994,6.433720490480076,6.821370124519908,2,1
PABPC1L,0.0,6.727340539138504,5.803174581856444,6.992321180169471,2,1
PCSK1,0.0,4.959972206518959,4.485533936267977,4.930932611830235,0,1
COL10A1,0.0,5.720284612007153,6.142062670168127,5.628304029042622,1,2
TRG-AS1,0.0,2.986474526717752,3.660495606081674,3.0040244933816367,1,0
SUSD5,0.0,2.908764011781186,2.542885449087647,3.0168819504843616,2,1
FHL5,0.0,3.1357416045157573,3.119109627553484,3.1718569467771607,2,1
CDH4,0.0,2.9173155111609836,2.4547779507014567,3.2556241484683266,2,1
FAM72D,0.0,3.1066986743640843,3.1702971047485873,3.1448776389348203,1,0
TMEM145,0.0,2.8172434549339815,3.3309352158650403,2.964550772531557,1,0
PPP1R1A,0.0,2.405758534531944,1.998947303846592,2.524923153678649,2,1
KCNQ2,0.0,1.4476800143654476,2.0868416799324603,1.9562950640371939,1,0
TAC3,0.0,3.117111739952863,2.8148985815309437,3.1851336037718556,2,1
KRT19P1,0.0,2.757576440166695,2.6900883225249705,2.737509501644293,0,1
PWAR5,0.0,1.6959549966162795,1.3406669267711673,1.803791489784931,2,1
GLP2R,0.0,3.18919472250383,2.065108643106115,3.1707210959334553,0,1
AKAP12,0.0,6.342613761913486,6.246889729571689,6.375407732024344,2,1
IGHV1-18,0.0,5.636788294104709,6.059131602466492,5.767844451393422,1,0
STOX2,0.0,3.0760473570891462,2.8590056587213426,3.054267075798642,0,1
LINC01555,0.0,3.1789748592338016,1.5814659217614684,3.079719632404966,0,1
KCNH4,0.0,3.0440112939834063,2.749951240860312,3.158132353974689,2,1
USP51,0.0,3.214719694582303,2.946094394788131,3.2361917703250955,2,1
LOC100507642,0.0,3.025595818932175,3.428299959339199,3.02701881021225,1,0
GLIDR,0.0,3.224978936224871,3.179144384536612,3.237947450263199,2,1
LDHD,0.0,5.471479271223756,5.789394241877276,5.395389240776612,1,2
CD200,0.0,5.467027639453765,5.908173838889592,5.626888946756215,1,0
RPL7P9,0.0,5.459573665672664,5.3716038103248085,5.676715889638885,2,1
CD37,0.0,5.4410451897831456,5.854213047519937,5.519903099904285,1,0
EGR3,0.0,5.280913146753334,5.619147031888939,5.5049113397388405,1,0
LGI2,0.0,4.706598572704796,4.964748596527624,4.812462093550603,1,0
SPINK5,0.0,4.678737147041087,4.374685019063579,4.640831537808212,0,1
TLR10,0.0,2.6821926688009503,2.9601924778659545,2.812506780622366,1,0
GAPT,0.0,2.86322998716942,3.027229318842421,2.904382647551647,1,0
TMEM100,0.0,2.8867651033677117,2.4477703053902875,2.8870463634245223,2,1
RPL11P3,0.0,2.3262277956263837,2.2832038415441502,2.376520941387027,2,1
KYNU,0.0,4.5609431762637955,5.386717463223912,4.638049672291952,1,0
PSCA,0.0,2.635781593283769,3.3145428613649957,2.832716202412767,1,0
LIN7A,0.0,4.378162411126607,3.80528996677599,4.4617849365122115,2,1
VENTX,0.0,3.909673697713935,2.891150466433124,4.081348733573548,2,1
IGHJ2,0.0,2.3464162643969377,2.450497346987362,2.2706978123284207,1,2
FAM184A,0.0,2.6055573271643735,2.4133034795585364,2.555995916136827,0,1
SLC8A2,0.0,2.771517445223227,1.9082537608542525,2.656959720249626,0,1
TMEM255A,0.0,2.9594039865132227,2.9615896409330573,2.978445942055846,2,0
DUSP9,0.0,2.558139056361043,1.7675882978231396,2.607530216253919,2,1
UGT1A8,0.0,2.777641036764487,1.658002198898398,2.9980269683727703,2,1
MSH5-SAPCD1,0.0,3.0857033018328384,2.8346391098323007,3.2818858215236313,2,1
ADGRE1,0.0,2.900580615474548,3.3570143084084356,2.9432439694343517,1,0
RGS1,0.0,6.501474487619141,6.963559308815175,6.72009593868837,1,0
HOXA10,0.0,6.847586752830952,6.593834305859467,6.893670409045385,2,1
CSF1R,0.0,6.641672925250618,7.104432034824261,6.6120644726741995,1,2
PDGFRA,0.0,6.776986044790474,6.499133387998372,6.686469107941464,0,1
DCBLD2,0.0,6.637150640095415,6.771776806559555,6.7839010811024805,2,0
PTPRC,0.0,6.355057790218908,6.978517132914644,6.427492638123908,1,0
PROM2,0.0,6.396334170954504,6.032894364331366,6.472619148883156,2,1
HOXB13,0.0,6.273459495963169,5.883040603248119,6.30046302412426,2,1
IGLV2-11,0.0,5.439084259748198,5.709501988470555,5.509278551795532,1,0
TCF4,0.0,6.698138344687322,6.634778170249393,6.661765003698475,0,1
HHLA2,0.0,6.686828580283149,5.736307579205142,6.602341051331713,0,1
KLK6,0.0,5.585678785307002,5.168273087814588,5.139073935018917,0,2
IGHV7-81,0.0,3.170409660836268,2.7992894309551706,3.1931166015113686,2,1
SLC4A10,0.0,2.0544942617327107,1.9516366749501295,2.3055730984693494,2,1
SRGAP2B,0.0,3.141504439042688,3.496136544949361,3.143994837610233,1,0
BHMT2,0.0,2.9159303469253377,2.7625596997342132,2.861019423111247,0,1
RIPOR2,0.0,4.707868658998023,4.972334932611481,4.7353906586898376,1,0
GLIS3,0.0,4.672403497977492,5.035583838930889,4.581901542641052,1,2
SELE,0.0,4.36805334372023,4.598423716751934,4.31152040972551,1,2
TP73,0.0,4.66270629264409,5.460945550961266,4.7473852978800455,1,0
IGF2BP3,0.0,3.2297259271855165,4.356354238807058,3.3129795925646923,1,0
SNPH,0.0,4.669784325336421,5.542548202022539,4.742842125010272,1,0
CSF2RA,0.0,4.876446307363828,4.959445677092421,4.9099771899497595,1,0
PRTG,0.0,2.6788748789494212,2.275785182375628,2.9545757381118833,2,1
ANKLE1,0.0,2.9830809596491226,2.461180212330726,3.0396939016753133,2,1
ATP1B2,0.0,3.098341212380055,2.6839988304885427,3.179754502278638,2,1
IGSF1,0.0,2.3626713603504355,2.379578058931133,2.5943751122976004,2,0
SMPX,0.0,2.1753462179480403,1.412347967405617,2.1820193888064243,2,1
FAM124B,0.0,3.037071817073355,3.1902343568629377,3.0154513601556396,1,2
SULT4A1,0.0,2.051096100008451,1.490196227759719,1.8510710218637574,0,1
ESR1,0.0,2.822692729332344,3.1359119385137646,2.93607857275498,1,0
CPNE7,0.0,6.6329358275990264,5.926587598746753,6.798934716698395,2,1
RAB3C,0.0,2.496530884039775,2.5005460470355247,2.6862043054292886,2,0
XG,0.0,2.598317449274537,1.959303483082853,2.5253786577835977,0,1
ADD2,0.0,2.513083279038616,2.730784508631631,2.780954988018495,2,0
LOC107985075,0.0,2.637611651191973,3.4759489526142633,2.7262003509183956,1,0
LRRC69,0.0,3.077346267842882,2.5343197596666833,3.2747050619902285,2,1
HLA-V,0.0,2.1587710156745477,2.5626888006638158,2.2827440797444276,1,0
GAP43,0.0,2.52461282907643,2.304774530026441,2.804595503628844,2,1
OBP2B,0.0,1.4082775821809488,0.8260650361032568,1.4377530572503476,2,1
ZNF541,0.0,2.7202929505659337,1.3755455671936463,2.8239735710125524,2,1
PCDHGA2,0.0,3.0162312090722856,2.9135471016343875,3.1370160504290805,2,1
ABCC13,0.0,2.930475821773042,2.17928403970585,3.0318153858234913,2,1
TTC23L-AS1,0.0,3.276213320980166,2.225455520420743,3.2181018355324857,0,1
LINC01238,0.0,2.8908333555778527,2.5422384833255594,3.241901693308165,2,1
NCCRP1,0.0,2.180973968352505,1.7593424335948664,2.0600991112417986,0,1
NOVA1,0.0,2.7772530308239234,2.251163733548444,2.6900812767358238,0,1
ZNF556,0.0,1.7235323799493858,1.8858263243172824,2.031746247116602,2,0
GABARAP,0.0,6.8518724372977955,7.0881551232543325,6.911158542561786,1,0
LONRF2,0.0,2.1099037236632707,2.168527444239441,2.4154305258458595,2,0
ACKR4,0.0,2.4737312637744906,3.310252655769908,2.5555280004710657,1,0
CRABP1,0.0,2.1354620064241354,1.4189607078688165,2.2316313358288262,2,1
RPL7AP66,0.0,3.012857910276534,3.0291800413714767,3.098328600413396,2,0
RHOXF1-AS1,0.0,2.2610316972175166,2.077895821409858,2.330192882369936,2,1
FRMPD1,0.0,2.478610537582179,2.173877577013988,2.5509299430845296,2,1
IGHV4-4,0.0,1.8700861375479547,2.1396780358242267,1.8697272107307268,1,2
DPP10-AS1,0.0,1.7707884267269338,0.6730745564963366,1.5473179104245336,0,1
TNFSF4,0.0,4.769659827151585,4.987557218322746,4.772710875575836,1,0
ADRA2C,0.0,4.626181669178538,4.179573104774198,4.362743033859871,0,1
PRKY,0.0,3.4124115522159975,3.058810621467708,3.374768776322573,0,1
ANOS1,0.0,5.315497747512565,5.487946532343214,5.23005315104996,1,2
ENPP1,0.0,5.590355944394463,5.5082008168639165,5.724750163589818,2,1
LOC100506258,0.0,3.0444220664826975,3.0576105333245907,3.153031566682481,2,0
ABCA17P,0.0,2.0969842819642217,2.4011355080935557,2.349319658449894,1,0
DPYSL4,0.0,2.887285273748274,3.1328690726072024,2.7955633258992174,1,2
MAEL,0.0,1.7849524321679944,1.50496395469482,1.7307817082043055,0,1
CNNM1,0.0,2.605726871984684,2.331711731410757,2.377207681700239,0,1
RADIL,0.0,2.7055877206772245,3.267292282139339,2.7362964445758102,1,0
CDC20P1,0.0,2.89433519062923,3.040995496988989,2.9135866427785526,1,0
SNAP25,0.0,2.215246564406112,2.2274544953442006,2.346528175412187,2,0
ICAM5,0.0,2.8243894469690085,3.3682850687677908,2.8950685755495256,1,0
ARL17A,0.0,2.911156985980405,2.871193386521879,3.147231573724743,2,1
LINC00624,0.0,2.5525803840898127,2.776649749110813,2.625755889804209,1,0
CDH26,0.0,2.8395648431949034,1.865563725932399,2.784206698887922,0,1
ATP8A1,0.0,6.737706084346346,7.116173961114648,6.746050290856557,1,0
ST3GAL1,0.0,6.729077061345068,6.801611038728367,6.756118432833689,1,0
SLC2A3,0.0,6.561279558266958,6.9851592501579365,6.716929100841585,1,0
GDA,0.0,6.670745660126821,6.942118883145608,6.838585966117632,1,0
CTHRC1,0.0,6.582412532796538,6.89700353945227,6.58191618621378,1,2
ASIC2,0.0,2.6229138207824207,2.007018760324063,2.424598871049817,0,1
UGT2B10,0.0,1.672651292190481,1.0089627019931908,1.8890725219358426,2,1
NPY6R,0.0,1.8763728890741223,1.6543413933061948,1.75853269247368,0,1
HMCN1,0.0,5.313959439796935,4.871873723851229,5.24976972724216,0,1
WNT2,0.0,5.575347987202106,5.548474453362599,5.41978511007512,0,2
BTNL8,0.0,5.1501056844732735,5.10623094309517,4.953608785271965,0,2
SYNE4,0.0,5.405732583495604,4.426096036720508,4.830678292521223,0,1
IGLV7-46,0.0,4.135335001696196,4.208778118309756,4.400179633533337,2,0
ASPHD1,0.0,5.526310074514809,5.5287934043316085,5.815666427722883,2,0
GPT,0.0,5.418953011196894,5.218295526627491,5.46766032275954,2,1
B4GALNT2,0.0,3.7510220769918026,4.185537621863175,3.7812570429742833,1,0
LUCAT1,0.0,2.282751212777711,2.6136164681632352,2.369604306786046,1,0
APOBEC3A,0.0,2.61261982811294,3.178893071105595,2.5772578123740946,1,2
ZBTB16,0.0,2.3057693703314635,2.4272256302902195,2.295412164195863,1,2
ERMN,0.0,2.6682922765375934,3.501927865771635,2.905183312046463,1,0
CLIC6,0.0,4.668109236882517,4.480728210066579,4.572074690245104,0,1
SLC29A4,0.0,4.758318052633609,4.586031072173732,4.839080351211677,2,1
ZNF655,0.0,6.784269504434,6.647585060913726,6.895540386116836,2,1
SATB1,0.0,6.894930694823098,6.198718801682047,6.932620280974418,2,1
IGLV1-40,0.0,5.8690880754291,6.198232413568066,5.917494354001214,1,0
ITGA11,0.0,6.72594885478302,6.627918840043456,6.563117214266762,0,2
NIPAL4,0.0,2.735217318879749,2.4222580121452664,2.8849090991152258,2,1
UGT2B4,0.0,0.8326722777979346,1.6757427107628806,0.8050539160709146,1,2
GDF7,0.0,2.802556547013129,2.287236609350365,3.0402901453997306,2,1
PHEX,0.0,2.7877307608780506,2.9734728887257424,2.81282201459946,1,0
DLGAP1,0.0,2.5878158091920636,2.1205141181889404,2.7483327246592606,2,1
LOC100506606,0.0,2.5895280400812783,2.9121861501865745,2.806766737050866,1,0
VEPH1,0.0,2.6891292914858314,3.374232960250121,2.7005228375349435,1,0
PNMA8B,0.0,3.0559776231896603,2.879210854601163,2.994350711383058,0,1
SPTBN4,0.0,2.623790236600473,3.1936046672790743,2.831662309693913,1,0
HHIPL1,0.0,4.466415325071831,4.446114376247447,4.332572043407126,0,2
CYSLTR2,0.0,2.728634282914727,3.2251747817333714,2.7957197119195127,1,0
FLJ16779,0.0,2.554151069201852,2.087269573769018,2.6160933645128392,2,1
NEK10,0.0,2.941439407037501,2.5509082050144767,2.9160836822283938,0,1
HTR4,0.0,2.5674289367052916,1.4279057210273178,2.391611456758907,0,1
STMND1,0.0,2.712582689330675,1.0586993996238607,2.681322686638434,0,1
AHNAK2,0.0,6.500846126269298,6.773142073252787,6.494837501163105,1,2
CERCAM,0.0,6.878458997551302,7.053770919683914,6.776017826778101,1,2
KRT17,0.0,5.899334776418249,5.770342113164391,5.744527872974803,0,2
TNIK,0.0,6.830567218057489,7.006434270286927,6.990624837282338,1,0
ZNF704,0.0,6.989668867564357,6.437732001433712,7.000959616018041,2,1
PLEKHS1,0.0,6.857073429269279,6.865002064502031,6.873363611613136,2,0
CXCL5,0.0,5.074312978815404,5.924232017538751,4.89921316129813,1,2
NLRP2,0.0,4.042258525071662,3.933515402231499,4.126692878006879,2,1
ZNF347,0.0,4.931064022464045,4.382996255935946,4.894780494874711,0,1
SIK1B,0.0,4.830689267424142,5.06027381413574,4.836339436321819,1,0
RPL13P2,0.0,2.367117744141167,2.0418319019538624,2.372332601794279,2,1
GFRA1,0.0,4.083544106787562,3.665335757681123,4.118348970423467,2,1
FCN1,0.0,3.826844851339144,4.386629977963236,3.8380241463830487,1,0
COLGALT2,0.0,3.238951286404265,4.41621417013276,3.3516165698417093,1,0
BANK1,0.0,4.247881483788066,4.3778972699267955,4.379837910492172,2,0
CCR7,0.0,4.1233772378998506,4.324621230664988,4.173153660251622,1,0
VASH2,0.0,4.4756351553615845,4.013406051388541,4.588737638087816,2,1
DGKG,0.0,4.3338312977958395,4.313095488576277,4.284269372130884,0,2
TANC2,0.0,5.6186039929772145,6.3179355114127,5.738965630544554,1,0
NMNAT2,0.0,3.901380886766564,3.5900100929386385,3.917709206042031,2,1
IL24,0.0,3.9608380442492854,4.623150902586002,4.058916628695045,1,0
GCG,0.0,2.056824031524654,1.187235226683828,1.711428907677948,0,1
CLEC5A,0.0,3.9286368436886336,4.970095621300623,3.9071290686474103,1,2
SLC6A7,0.0,4.308278676061233,4.294570492810553,4.594996008621696,2,1
ORM1,0.0,1.7014339526602964,1.133272061000312,1.7504671300048689,2,1
PREX2,0.0,4.333763618676231,4.316931392310042,4.382666376922105,2,1
TCEAL9,0.0,6.953953226279458,6.9350276384877745,7.01074617168009,2,1
C12orf56,0.0,1.7527083741091345,1.253165291280605,1.8784651526251315,2,1
FIGN,0.0,2.840030036645054,2.5874263904364114,2.9009240958987115,2,1
SEC63P1,0.0,2.9772758646437927,2.499437503970459,3.1242929382751177,2,1
DMC1,0.0,2.9925444651606616,3.098944793255061,3.0315789304279273,1,0
LOC105370854,0.0,2.828515682566598,2.6002710842192647,2.88223935124843,2,1
ADGRB1,0.0,2.9513260988472347,2.8759971727402562,3.032129731993991,2,1
LOC102724908,0.0,1.314389207358017,1.2809346987111982,1.5206726185877573,2,1
SEC14L4,0.0,2.1353652490397605,1.0522821051239688,1.9863448552608676,0,1
SETBP1,0.0,4.873869043950295,5.0340678911328895,4.827298495929235,1,2
HOXD8,0.0,4.736296528133384,5.317055876548098,5.02899277947654,1,0
CCL3,0.0,4.556881018052025,5.482074610512499,4.7037078540242145,1,0
NTN1,0.0,4.869840203257356,5.040828365722605,5.020478776650803,1,0
TENM4,0.0,4.719013051616601,4.818550708170953,4.70074600262256,1,2
CYP2C9,0.0,2.2416000853749987,2.921969358889198,2.4011912710942647,1,0
NDP,0.0,2.637601501914006,1.8413611887808194,2.3986737339646234,0,1
NMU,0.0,4.489620446951711,4.597097130306684,4.563285212583946,1,0
NR4A3,0.0,4.5685788009444925,4.914983638513171,4.7979532383257215,1,0
CYRIA,0.0,4.814744849301075,5.2895842997614535,4.876043778938113,1,0
EMCN,0.0,4.960172030737185,4.8135092671385475,5.050090516426396,2,1
ARL11,0.0,4.746578360246928,4.0554628907690216,4.596661982338314,0,1
HOTAIR,0.0,1.2898241981619851,2.12524966431195,1.5486109662009662,1,0
ADRB2,0.0,2.8896458122950075,3.0677279121395418,3.059888078300922,1,0
JAKMIP2,0.0,2.7408626321614795,3.1374656272044863,2.8506377896184927,1,0
FUT7,0.0,2.9143699486532375,2.784922707172457,3.072632539084725,2,1
PLP1,0.0,2.2586809177701728,1.9349340227813316,2.345088358370689,2,1
LINC00501,0.0,3.05298267757616,2.1794330571600695,2.9773034776808984,0,1
SCN2A,0.0,1.8651190620664952,2.340490836123434,2.1493348916446426,1,0
CYP3A7,0.0,2.946036258363263,2.592205228939797,2.960670171171355,2,1
JAKMIP1,0.0,2.736021800973586,3.4623082023213487,2.8608758741472506,1,0
TP63,0.0,2.078587214483476,2.4053759317510237,2.340077739285586,1,0
RBFOX3,0.0,2.548945084261397,1.9074687283371061,2.7584536340174175,2,1
ST6GALNAC2,0.0,4.7617520260423865,5.592509405527951,4.804942843011987,1,0
C20orf194,0.0,4.905477222644095,5.0093530226564935,4.983937352660241,1,0
KRTAP4-1,0.0,3.000958826820109,2.312182024676799,2.875774406679297,0,1
NOS1,0.0,2.156252644997451,1.6767270121922397,2.1366837227028115,0,1
SCN3B,0.0,2.65192960764685,2.749777061355704,2.932773626795566,2,0
NUDT11,0.0,2.8895120553323115,2.825845509849408,2.8922797521063552,2,1
PPP2R2B,0.0,2.7423804893420516,3.1126088054229983,2.8248112411153468,1,0
HPGDS,0.0,2.9193692235190443,2.707707344273596,2.9144630164623644,0,1
ASB4,0.0,2.2654279272950015,1.5411917611127945,2.1212650752987896,0,1
SHC4,0.0,2.986227430748849,2.9029133226172044,2.962109937945439,0,1
HAS1,0.0,2.3314843296651198,2.2643343240445204,2.418483691738027,2,1
PTX3,0.0,2.873244917494859,2.816979506417442,2.884183265116245,2,1
TRAM1L1,0.0,3.028472964222393,2.5117575882024266,3.0396624537702777,2,1
MST1L,0.0,2.827698341086237,2.5982327344898346,2.777812165202333,0,1
FAM184B,0.0,2.7872471755633685,2.224856136137424,2.789245612996656,2,1
SIGLEC8,0.0,2.7240972677063486,2.8253354064804883,2.7854562227445547,1,0
HSPA1A,0.0,6.894346870621059,6.28528433830746,6.6596219210163525,0,1
SHOC1,0.0,1.590520374548752,1.4511222248807312,1.684111391978285,2,1
FGF10,0.0,2.6403589948593686,2.5031506050827237,2.6257146316223223,0,1
LOC100506497,0.0,2.088116250709181,2.0547649039277074,2.049267709317512,0,2
MICU3,0.0,2.81720743479827,2.6113574769491907,2.8940423361840266,2,1
SPESP1,0.0,2.270353873164414,2.316760180933699,2.493405566217963,2,0
MSL3P1,0.0,2.9808464420281933,2.856170542019,3.1563157635219925,2,1
LINC00578,0.0,2.6984929142993157,2.8806084731750508,2.80861427689255,1,0
DNAJC5B,0.0,2.6391155989473605,3.2190702409629885,2.7653173800425885,1,0
SNHG26,0.0,2.5267363160966276,3.3573294922571515,2.8577023952694502,1,0
ADH6,0.0,5.152906164176924,4.937359394272285,5.113607183222259,0,1
KLK13,0.0,1.7664724231268045,1.964561907487667,1.7514272928963648,1,2
TMEM170B,0.0,4.919046438465915,4.358622967839661,5.012840909596452,2,1
ZNF853,0.0,5.044221035132047,4.064474767602383,4.829901587201121,0,1
HK3,0.0,4.650059097577218,5.3643366708234,4.617104807965044,1,2
KCND3,0.0,4.5998291689863855,5.251203782660063,4.589367547584758,1,2
HOXB6,0.0,6.870516220281415,6.894883875264043,6.992393238788859,2,0
ARL4C,0.0,6.865916854262125,7.1275163042553595,6.9560837187713185,1,0
NRCAM,0.0,4.455676782413724,4.217928111395061,4.606665604271482,2,1
PIK3R5,0.0,4.8348921456642255,5.334069376208596,4.909825059373877,1,0
SLC2A5,0.0,4.739473405948335,5.58499485830346,4.740831531497858,1,0
CNTLN,0.0,4.847556811829404,5.117756463571888,4.876694961516162,1,0
KRT16,0.0,2.857549554973441,3.932263823217221,3.0472120777548715,1,0
LYPD3,0.0,4.5716487959110665,4.698403158818188,4.455573270431005,1,2
SLFN12L,0.0,2.550202077743379,3.1275951179963983,2.783967764946846,1,0
CYBB,0.0,6.610243091793679,7.175287655937875,6.61805025704227,1,0
NRP2,0.0,6.833739193176859,6.789650058503985,6.9330331704396455,2,1
SESN3,0.0,6.866190240123264,6.365604245590848,6.8809572177951805,2,1
IGHV4-39,0.0,5.735529424396884,5.98217927004005,5.704218608139617,1,2
IGLV3-19,0.0,5.6045143219830615,6.056796532922374,5.612956597171464,1,0
SAMD5,0.0,6.550140551207258,6.995326865619065,6.504324644471594,1,2
CXCR4,0.0,6.714780406387666,7.626158562366323,6.824797368259427,1,0
MCOLN2,0.0,5.376891895001008,4.873741403668727,5.509294518505215,2,1
EVA1A,0.0,5.606369585931684,5.131468654774627,5.50207363137719,0,1
KRT81,0.0,2.201099827833839,2.5341172434957797,2.2656162245192095,1,0
FMN2,0.0,2.0527649331782505,1.3968765162490704,1.9910156624195456,0,1
SHOX2,0.0,2.2213589262396187,2.7163748080873393,2.6785821306906024,1,0
CACNA1B,0.0,1.8774666153452135,1.9841723271836507,1.9150023617809884,1,0
CYP19A1,0.0,2.498879457049426,2.4456997909923808,2.7494478613945565,2,1
LINC01426,0.0,2.6093892757130126,2.7597041791156314,2.746589030020033,1,0
RPL21P119,0.0,2.8241547758718526,2.5904416801626873,3.0525508340330085,2,1
BEST3,0.0,1.7678493632367862,1.4224623400560608,1.763810804621357,0,1
UICLM,0.0,1.8527343874303457,1.395400492968409,2.100936610076709,2,1
MYO3B,0.0,2.553134521359671,2.673881180836743,2.6346373781909613,1,0
SLC9C1,0.0,2.3642117555642272,2.3789737078461313,2.5737542637924866,2,0
ITIH3,0.0,2.8877627319184733,2.5916528928225366,3.0216523858686326,2,1
SERHL,0.0,2.9698507181106395,2.8815250807118167,2.897605281750359,0,1
HOXA13,0.0,6.843694897519642,6.448538472047506,6.7745650822898895,0,1
FOXO3B,0.0,2.9657720139683748,3.0440680317857645,2.905899325125281,1,2
VIPR2,0.0,2.8210076016144345,2.2662484057536108,2.7477992803152564,0,1
NIBAN3,0.0,2.2756655097365766,2.3661502810614334,2.34328515705134,1,0
GFRA2,0.0,2.8199516833966745,2.5593275583011477,2.8270362854977646,2,1
EEA1,0.0,7.05638051780953,6.762742113220542,7.085613824597212,2,1
DACH1,0.0,6.9837125255356955,5.914661584174334,6.922772347134917,0,1
UNC13D,0.0,6.934574202242001,6.903057884614023,6.796628395792494,0,2
RGS7BP,0.0,2.7168054352193067,1.9896342232289204,2.782103539368419,2,1
RAET1E,0.0,2.738669711259888,3.062000985572945,2.633477106560575,1,2
CNR1,0.0,2.361513222357426,2.0613347898947922,2.5090489298130594,2,1
IGKV1D-12,0.0,1.5905338799161315,1.7511182206408127,1.4443001585727235,1,2
BEND6,0.0,2.68163705212889,2.6595356115440225,2.729189476626983,2,1
SCD5,0.0,5.3566484421454685,5.957533091716709,5.376256352313533,1,0
CD36,0.0,5.046793592388651,5.259568210355233,5.088375327986939,1,0
TSPAN2,0.0,5.366991330033495,5.108639056554295,5.46544669475064,2,1
ATP6V1C2,0.0,5.543018600357654,4.96445318210057,5.65585590497174,2,1
CST4,0.0,2.1816674604469006,1.7319696766134889,2.2817066284733585,2,1
TPO,0.0,2.383813369473264,3.4526408349071382,2.4764643024815864,1,0
CLTRN,0.0,2.8231269315485896,3.0050471845612106,2.9172445519387806,1,0
SLC34A3,0.0,2.4679762418433597,2.696409114959453,2.5694765764405285,1,0
PIK3CD-AS2,0.0,2.6722252627045364,2.454134136937648,2.6649545155779513,0,1
HPSE2,0.0,2.741228328320606,2.085996542063052,2.593090709189414,0,1
SYT13,0.0,6.680717039779566,7.021017520035036,6.719689055697447,1,0
ID4,0.0,5.6292486959681804,4.924122892242168,5.6878417256751845,2,1
LOC730101,0.0,5.622776131121179,5.140403486121407,5.911898462127853,2,1
TAGAP,0.0,4.735694633643036,5.22833208135742,4.800985780089692,1,0
VIP,0.0,4.0900215095829635,3.59266317543785,4.237901600120116,2,1
USP9Y,0.0,3.2356623454065696,2.696266551844505,3.0432723428986357,0,1
PRPH,0.0,2.4012536976306875,2.553754827922344,2.374040934532151,1,2
CEACAM8,0.0,2.3663740364898462,1.3883676048612095,2.5064395849861807,2,1
PANX2,0.0,2.6732317996384465,2.866720052369221,2.5112817598639734,1,2
ASS1P1,0.0,2.821058548785478,3.244267310021738,2.830179336885812,1,0
IGLV2-14,0.0,6.129696818518346,6.5016401124427645,6.144202811878866,1,0
IGLL5,0.0,6.09956258134,6.452659634173606,6.186587222668091,1,0
STMN3,0.0,6.7527490789854205,6.686478816636869,6.840337878724707,2,1
TSPEAR-AS1,0.0,2.5214560702479134,2.413825241265584,2.776660936257553,2,1
KCNA3,0.0,2.4259629774406797,2.750832874321136,2.4186245558897395,1,2
C1orf127,0.0,2.779389806160883,2.5427037929023224,2.809953227671729,2,1
CYP2B7P,0.0,2.6619088399459705,2.223702336491856,2.579431191018766,0,1
NCF1B,0.0,2.662112364944164,3.1749424613055433,2.6065979759265563,1,2
EEF1G,0.0,2.825508074702113,2.7081478580307525,2.879659226071186,2,1
ABCA4,0.0,2.1865130377928135,2.4975412088937103,2.2809751537896426,1,0
AGTR1,0.0,2.252228964591679,1.8927538881792725,2.232698656322206,0,1
FCER1A,0.0,2.699262517611359,2.2733304584958445,2.5967869117444127,0,1
BTLA,0.0,2.610846583040389,2.99253356990329,2.72490819593493,1,0
SORCS1,0.0,2.3170674985056348,2.178670215243672,2.245914048931923,0,1
APCDD1L,0.0,2.315425967157331,2.557268280698399,2.2497739082520263,1,2
HRAT92,0.0,2.771752042065011,2.290286649857159,2.869423434488554,2,1
NAIP,0.0,2.6604606222376703,3.0290309111577702,2.7265538650348042,1,0
LRRC37A,0.0,2.6568175882164815,2.5871265700864954,2.713484250004468,2,1
RN7SL381P,0.0,2.041135905582725,1.6808311576866486,2.079596384731519,2,1
CD38,0.0,4.577654498280797,4.946693244798503,4.5689353174088065,1,2
DHRS2,0.0,4.221844452127596,4.193447939388389,4.071907194599564,0,2
IGHV1-69,0.0,3.742153613773062,4.309304622189781,3.539733740381069,1,2
SYT1,0.0,4.685589771820758,4.010572479792086,4.785449155589476,2,1
RPS2P40,0.0,4.728553039621385,4.691695676810596,4.767360626581431,2,1
HEG1,0.0,6.906538155411115,7.0963956382713045,6.9043148152319285,1,2
BCAS1,0.0,6.838529904072675,6.788420795223931,6.875757154977184,2,1
PLAC8,0.0,6.507674830627604,7.3864959938285395,6.609329190771608,1,0
HOXB3,0.0,6.9876965161040285,6.80730928934726,7.173773824331438,2,1
C6orf223,0.0,7.056895389245527,6.474293012721668,6.996593244915757,0,1
KRCC1,0.0,7.1513100571159995,6.86155057599001,7.248239905962033,2,1
TCIM,0.0,6.956261383512576,6.956259432116227,7.2471413778514675,2,1
CAMK1D,0.0,7.139520476961837,6.3304715676550245,6.953529762866798,0,1
CYBRD1,0.0,6.9562452594104816,6.971436890241314,7.004860455790434,2,0
SPAG1,0.0,7.129608919558697,6.539517303098627,7.112106059756782,0,1
DPP4,0.0,6.616715996813923,7.11932099615229,6.881667754521045,1,0
FNDC1,0.0,6.5628046925445735,6.587206977540593,6.437092244058061,1,2
SPON1,0.0,6.527581454282544,7.146271904088103,6.634381066989072,1,0
WFDC2,0.0,6.385753421977318,6.226560197258721,6.687081703159729,2,1
LGALS17A,0.0,1.9406698773304767,2.6478551116294393,2.0652870585219185,1,0
AK5,0.0,2.692787181155776,2.3515742684083967,2.4220036099173177,0,1
CRTAM,0.0,2.299144321357287,3.3210759919028265,2.5681206387406332,1,0
LINC01485,0.0,2.3303634656911596,1.1282827759480991,2.281605123372459,0,1
PON1,0.0,1.4225010359827968,1.703275621748391,1.5104300608525143,1,0
LOC105371264,0.0,2.9275986469717146,2.179056234964133,2.9519205247335325,2,1
SCN3A,0.0,2.7220413399943473,2.3704794737497608,2.6930773778262544,0,1
SLC24A2,0.0,2.4024824863447583,2.2084515666645648,2.555231495202735,2,1
LOC101927318,0.0,2.2428075561249923,2.3733668865912043,2.419178362281664,2,0
HAP1,0.0,2.7433423355319944,2.133937328515502,2.846548065518226,2,1
IQCA1,0.0,2.637937871595138,2.7046565755924923,2.7719224129033586,2,0
PCDHB5,0.0,2.6492806984909056,2.4034107717095528,2.660310076532912,2,1
CD207,0.0,2.7246443988228815,2.3015015475544898,2.676946684893443,0,1
IGFBP1,0.0,1.8906098568363798,1.6854467325783558,2.0071154943273197,2,1
APOH,0.0,2.3389118661478294,1.910307367063535,2.3641933636320416,2,1
KLHL4,0.0,2.6194809870829143,2.3792325951760733,2.6416473293148215,2,1
KLHL30,0.0,2.6550586078996,2.616240244860143,2.668782743251593,2,1
ATRNL1,0.0,2.329828164399251,1.7115164530142282,2.4029222021672605,2,1
ARX,0.0,1.5434199986780037,3.0062291691150422,2.103627498359836,1,0
TIFAB,0.0,2.5717278222772193,2.871831886706966,2.4497346454939444,1,2
ALKAL2,0.0,2.5873813940452224,1.9366836680443529,2.776317782668598,2,1
IGHV3-72,0.0,4.0464786648476245,3.751697151987169,4.211549794596436,2,1
CLEC7A,0.0,4.725250969056144,5.356555941204761,4.7484148095569285,1,0
NDNF,0.0,4.840519784662216,4.4811184681066845,4.72761941365734,0,1
SLC7A2,0.0,4.386700153564595,5.2174785587839105,4.55199246072306,1,0
COL7A1,0.0,6.878212130700742,7.008350143185283,6.749005258390484,1,2
DSCAML1,0.0,2.4564948963300117,2.2139621540887866,2.546076172619092,2,1
MS4A15,0.0,2.303073590196672,1.5944154527100096,2.2092656695651893,0,1
UCN2,0.0,2.6630266810970507,2.790575539965173,2.4737500095855194,1,2
KCND2,0.0,2.1933708281207496,2.770422439983933,2.2292637480952786,1,0
SLC7A11-AS1,0.0,1.656173030203169,2.270657883697793,1.928909386583005,1,0
SAA2-SAA4,0.0,1.5573910412247294,2.113832502600187,1.5940951601681497,1,0
MUCL1,0.0,1.4536777532977696,0.9649007753856603,1.3619967764068666,0,1
RFX6,0.0,1.3807585803379492,2.053681456830131,1.6121721563659985,1,0
AK4,0.0,7.018388290677657,6.300681581934685,7.0048299212935055,0,1
BIRC3,0.0,6.8164786288995085,7.556325602642852,6.919502581497162,1,0
CRISPLD2,0.0,7.006136652504,7.1646734359657644,7.006935733149166,1,0
COL14A1,0.0,6.871944036992052,6.62488644412815,6.773563303039403,0,1
CCDC144B,0.0,1.7924957522219942,1.9264420554197461,1.9168128975463596,1,0
INSL5,0.0,1.2699050188848324,0.45759127689088247,1.1182619241796212,0,1
F2,0.0,2.3135605023103203,1.4958591210906294,2.34261252922631,2,1
TENM2,0.0,2.3364067877526424,1.971614674366459,2.5760801957397583,2,1
BMP7,0.0,6.78144219542596,5.813723045956788,6.6294978925022185,0,1
PLAC1,0.0,2.274805399366956,1.497595962575424,2.544793344427802,2,1
ZNF667,0.0,2.7592472760348707,2.7567971087264556,2.820349718844851,2,1
DRD1,0.0,2.4666986490902585,1.2876768352959702,2.7018686336964186,2,1
ALOX12P2,0.0,1.7345171268985204,1.8781511621019664,1.7980524516152558,1,0
RGPD8,0.0,2.6770890928207116,2.671035154285928,2.6860348330196455,2,1
BNC2,0.0,4.726619197280189,4.72358096529318,4.667612765094564,0,2
APBB1IP,0.0,4.926773985471849,5.3725341201784405,4.986097025532447,1,0
ERO1B,0.0,4.878975067676605,5.516963423176275,5.029009649662472,1,0
DNAJC6,0.0,4.989779323045978,4.651513954710773,4.937399987385017,0,1
PRKCB,0.0,4.795749970190173,5.2515650120976725,4.806057354240313,1,0
LRRC26,0.0,3.9630356065173085,4.733100677119909,3.6310845055808176,1,2
SULT1C3,0.0,1.6051359660456992,2.2309653030910286,1.7301390329595099,1,0
RNF112,0.0,2.8219822673000303,2.6146559270359044,2.9726721197106416,2,1
IGKV1-39,0.0,1.9019836310294467,1.9277254983297507,1.8898620187450246,1,2
DLL3,0.0,2.3583012739806595,1.8180019958250369,2.5370187999956104,2,1
CDHR2,0.0,7.014989526262412,5.9797474828892465,6.962902678805256,0,1
PROX1,0.0,7.089902542010796,6.483719709082299,7.091818325893026,2,1
NPR3,0.0,3.8208135008921054,3.125751091386439,3.8793788729759764,2,1
ADAM33,0.0,4.273665912681137,3.7066787322239185,4.327441504361944,2,1
LRRC37A2,0.0,4.466399478251461,4.335480471969461,4.606578776068271,2,1
TMEM71,0.0,4.177637413952847,3.9562302159275298,4.0662781371465,0,1
PIK3CG,0.0,4.17743745972085,4.560307467728211,4.1636163663865755,1,2
MAMLD1,0.0,4.14906197942627,5.0536047165189935,4.259828626429281,1,0
PDE1A,0.0,4.36412038075302,4.252415009977216,4.421022115870234,2,1
ZIC5,0.0,2.2884864490518706,4.266782179652995,2.941159024035828,1,0
KLRD1,0.0,3.777551384459798,5.043203651717641,3.9386127909210327,1,0
SLC18A1,0.0,3.1762040592875485,3.8329660597582325,3.487518393661966,1,0
ADCY1,0.0,4.232031987956259,4.049086788717661,4.106489323612477,0,1
IL2RB,0.0,5.665223103525883,6.46774135408845,5.703285961384561,1,0
IFI44,0.0,5.620233401609637,6.022056089050627,5.686980566466681,1,0
IGHV3-23,0.0,6.219028372019962,6.5159652633909255,6.343131909794014,1,0
TREM2,0.0,4.70208932029352,5.292034724072902,4.798597975015887,1,0
ZBP1,0.0,5.010116887158264,4.87570356955862,4.873137889960956,0,2
COLCA2,0.0,4.814811892266301,5.336800669514355,4.928160450170307,1,0
CERS4,0.0,4.871133748940568,4.414743847327453,4.826567795392429,0,1
STON1,0.0,4.867022647437385,4.756438728121003,4.931931979110936,2,1
TPSG1,0.0,4.398531919490881,4.27813119762058,4.227910328828727,0,2
MNDA,0.0,4.681076918379809,5.190807638045586,4.662542141633082,1,2
IGHV1OR15-9,0.0,1.9857758072128004,2.0425074702689328,2.009247641165773,1,0
KLHL14,0.0,1.9244955769129606,2.038466591880535,1.938606118908906,1,0
NME5,0.0,2.3558133792954328,1.6612758129858884,2.6826844062342676,2,1
LINC01347,0.0,2.862038947628489,2.5723432628039715,2.8993442556081406,2,1
SLC25A5P5,0.0,2.7228266678795365,2.1701513938088,2.747413180047431,2,1
NEFH,0.0,2.7178560064588693,2.758205057072509,2.6466945439523544,1,2
DRGX,0.0,1.1179564318459752,2.5776546640828815,1.6182317836149926,1,0
FTH1P2,0.0,2.724272001403727,2.7869982597512135,2.817830221117291,2,0
SAXO2,0.0,2.6420191244410285,2.8369380051628004,2.7424420621051264,1,0
PTPRN2,0.0,7.022217056725949,7.187669984378063,7.154217086600178,1,0
ADAMTS9-AS1,0.0,1.9073571176133004,2.0079520514369595,2.187288512942943,2,0
MIR3131,0.0,2.7713245684132617,1.6968412997252766,2.9020429259311182,2,1
INA,0.0,1.9619358824638526,1.9773904100605502,2.0341647333474366,2,0
SCGB2A1,0.0,2.1660179105456403,2.509938936616603,2.491608222827858,1,0
RND2,0.0,2.7599411188250573,2.1742730901689518,2.599314294192414,0,1
FOXI1,0.0,1.4400645791431466,1.272624786680971,1.4700527630292237,2,1
NPIPB14P,0.0,2.7819414222782695,2.6442295285348454,2.8745250658810804,2,1
LRFN2,0.0,1.9597415037072115,1.0764445428886198,1.8653337167026005,0,1
IGHV1-67,0.0,2.1418628598735716,2.1504271800347277,1.967671447994747,1,2
PNMT,0.0,1.9862225697313751,2.0744426681669617,2.022276408023509,1,0
CDH19,0.0,1.8061318427523612,1.7499469726871848,1.9010621061062056,2,1
CCDC198,0.0,1.6150714153311605,0.9751738946752845,1.7613435033374167,2,1
AQP6,0.0,2.664254661367693,1.9868303605083328,2.6497970236583024,0,1
HP,0.0,1.4794076214917384,1.5656474302848293,1.6693346421497002,2,0
CRIP3,0.0,2.3269107369625894,2.054574025588146,2.623424462924804,2,1
HGD,0.0,5.496673736117964,5.223350575156539,5.571722282881873,2,1
SLC28A2,0.0,4.1351247848315955,4.049123966909333,3.787205226720579,0,2
SLC13A3,0.0,4.836966808334093,3.0398176245268633,4.498988400070905,0,1
PRR36,0.0,5.417649737452409,4.97913268277578,5.429715145530689,2,1
PENK,0.0,1.6488559233235667,1.678281553824119,1.79233777212528,2,0
LINC02701,0.0,2.654811413000847,2.5993571096773893,2.643078705483927,0,1
KLHL34,0.0,2.1456362788259917,0.9346630217922972,2.3225915366394982,2,1
BNIP3P11,0.0,2.7192453398864482,2.1102562191006404,2.8443289130196256,2,1
EPHA1-AS1,0.0,2.224089098119898,2.4277811106617317,2.570529806926943,2,0
ZNF32-AS2,0.0,2.718960847248308,2.451396857807249,2.992522673292761,2,1
ABCG8,0.0,2.006059324857597,2.483610778354707,2.2197086016456087,1,0
CDO1,0.0,2.3856615108358357,2.10957966732815,2.540892129253118,2,1
FAT3,0.0,2.516566759090097,2.295134004705826,2.340037988971302,0,1
MIR99AHG,0.0,2.372618184653624,1.8323763627811107,2.3122699237737026,0,1
ZNF418,0.0,2.6356656132773675,2.3388315176163035,2.7182088662287955,2,1
LINC00520,0.0,2.0028185393208955,2.4321968599932844,2.0357258809620022,1,0
LINC01082,0.0,2.7375998903097796,1.8255628476493864,2.573890922092634,0,1
ADAMTS18,0.0,2.313180526070374,2.0307414343681693,2.4503261688758187,2,1
LOC100418723,0.0,2.4497999199073996,2.5895952618280442,2.538020317435022,1,0
CCDC148,0.0,2.5985314710292844,2.746072965246923,2.7130034425821163,1,0
SCRG1,0.0,1.735875862395259,1.7663704495146708,1.88630327993891,2,0
PFN2,0.0,6.949204659199999,6.803176841311191,7.10248414418514,2,1
OAS2,0.0,6.736647544058054,7.583605497674699,6.6753093358363005,1,2
KLK1,0.0,6.941646276272894,7.144550937445078,6.871613903543164,1,2
IFI16,0.0,7.005082930575545,7.449694510756299,7.102476071719466,1,0
CA2,0.0,6.640509275910534,7.139277047480447,6.693098507961354,1,0
SCAT8,0.0,2.471263495271031,2.1129197338754464,2.545916788597906,2,1
FAM131C,0.0,2.510430661825488,2.9719426448711297,2.613088118167616,1,0
CD84,0.0,5.149110241095156,5.704836994005779,5.226307220249183,1,0
HSPB6,0.0,5.008972886477502,4.108389045622231,4.951963087492436,0,1
FAM126A,0.0,5.385951518910429,5.441688822301767,5.453644424117984,2,0
LINC01819,0.0,3.80135737237142,2.926865207652348,3.296326485922352,0,1
GRASLND,0.0,2.603493448835294,2.857394644857007,2.5593273461833785,1,2
RPL37P6,0.0,2.610182753375667,2.367973528360091,2.8459208929571376,2,1
HTR2A,0.0,2.365442344224392,2.343703997702843,2.336493754526196,0,2
ARL9,0.0,2.356150352688642,3.0010278987212198,2.3874677233935593,1,0
CCDC154,0.0,2.542696367623498,2.3277963778040687,2.803402171371069,2,1
PABPC4L,0.0,2.6509605272566774,2.5067010467482613,2.683934421585973,2,1
GOLGA7B,0.0,5.568031576777139,5.122215391450915,5.745832213881984,2,1
OLFM2,0.0,5.041059174795129,4.743913649975434,4.90604421076804,0,1
TNFSF13B,0.0,4.72261616361199,5.46684991120093,4.787600710701879,1,0
TTPA,0.0,4.948878939209379,3.8677848129146346,4.878805250782286,0,1
FLT3,0.0,2.354328221865599,2.435343911577213,2.4856448082023914,2,0
FCRL1,0.0,1.7197115865013877,1.955050719941495,1.925511843722185,1,0
ZNF192P1,0.0,2.4545136298409913,2.8497189395882794,2.4726782545139776,1,0
PACSIN1,0.0,2.547809367891741,2.7515922068186196,2.6937645124619425,1,0
RSPO2,0.0,2.2794002413337267,1.52426538651096,2.321509139282042,2,1
LINC02453,0.0,2.764843039757893,2.559045238686075,2.760718023849707,0,1
PLCH2,0.0,4.73096741443721,5.148095589819667,4.977157115976828,1,0
CCDC122,0.0,5.127621087135218,4.585299937972103,5.215567976898065,2,1
STEAP4,0.0,4.501222912124235,5.184725186730804,4.614055248700074,1,0
NPSR1,0.0,2.6661363127866617,3.895542933136745,3.0344265650558784,1,0
MARCO,0.0,3.6253464237084554,4.839540217725017,3.6302686784835023,1,0
WASF3,0.0,4.662816584995256,3.79447190512199,4.50807182449713,0,1
SAMSN1,0.0,4.824901387756806,5.539104405903467,4.893599936545232,1,0
TCEAL2,0.0,1.7006702339252444,1.6518376302844096,1.7743702750149506,2,1
ZNF257,0.0,2.1390634119798193,1.928024757931701,2.03261348557043,0,1
CCK,0.0,0.8032061424618743,2.584268648786808,1.0305557919172605,1,0
ATP6V1B1,0.0,2.324650739259589,2.4757176834780954,2.6101071864283205,2,0
NT5DC4,0.0,2.587793757702367,2.1370819828257996,2.4324678721179205,0,1
PKNOX2,0.0,2.6329505133716236,2.4140580488008476,2.6892714768950423,2,1
SMC1B,0.0,2.018041934559353,2.2103393400766915,2.0196924888012266,1,0
GPR17,0.0,2.529019515380917,1.9346730543533746,2.5701921427693586,2,1
TTC6,0.0,2.40404937892467,2.556899292533829,2.8193457324985944,2,0
EYA4,0.0,2.1551402284192394,2.1641575144317367,2.1273800581252913,1,2
SLAMF9,0.0,2.266905780979825,2.871999751168109,2.2230975912473943,1,2
SUGT1P4-STRA6LP,0.0,2.540750638812614,2.1904433375717702,2.630057608105744,2,1
DISP3,0.0,2.523018488479728,2.655291258477044,2.471687186075049,1,2
FAM90A1,0.0,2.2372706561977846,2.327478510896687,2.3226795404984117,1,0
TBX1,0.0,2.4630642383381214,2.5631398684196505,2.4512946319984983,1,2
SUSD4,0.0,2.3660739469104306,2.397302275442623,2.5516305609959504,2,0
MRO,0.0,2.342733748186887,2.798608626715423,2.3487908769588626,1,0
CYTL1,0.0,2.4757043605427813,2.9288030786192922,2.4236197920774263,1,2
PCDHAC2,0.0,2.41943405214387,2.411186894486731,2.393343039391738,0,2
LINC01252,0.0,2.5241853817536395,2.2102036745038576,2.8505817135844054,2,1
DBH,0.0,1.9595015873724415,2.1553556251635655,2.17424168543408,2,0
ZPLD2P,0.0,2.414039205581396,1.2356497091660648,2.350923884432082,0,1
ADARB2,0.0,2.646769266276553,1.7661363672665278,2.408289150332808,0,1
AJAP1,0.0,2.5726758367939198,2.933978973444777,2.4482412491855676,1,2
RLN1,0.0,2.644331206245919,1.686731974873832,2.5767636821147297,0,1
CA9,0.0,6.182459059390596,6.890587475024555,6.0488768765417555,1,2
ANGPTL2,0.0,7.151785055995854,7.262469882993969,7.033998192254093,1,2
NES,0.0,7.27600776179801,6.60772023957614,7.341344751455175,2,1
S100A5,0.0,2.525119820706391,2.8784136078409217,2.776052952812192,1,0
HSD17B3,0.0,2.418781307658327,2.5888345650737072,2.693299711256048,2,0
MMP3,0.0,6.440293594631511,6.933055050050002,6.24222629630192,1,2
CYP3A5,0.0,7.228338304877687,7.032789113066736,7.380815329630094,2,1
GBP3,0.0,7.110803683570378,7.47043023659836,7.339816907919317,1,0
LTK,0.0,4.546249403682099,5.132470429075551,4.797811862523265,1,0
PNMA5,0.0,1.1215762170054842,0.6715278231051675,1.2808193639180332,2,1
CD209,0.0,4.768740917953549,5.4090247235423385,4.784891724204552,1,0
EPHB1,0.0,4.773289244307024,4.170931870689466,4.692421111188769,0,1
XAF1,0.0,5.311516206462178,5.845901199210011,5.339597089805868,1,0
SEMA3E,0.0,1.642772800343537,1.6919828074859862,1.7876079320526748,2,0
UPK1A,0.0,1.5556759263397157,1.4022518162424082,1.8501855231026476,2,1
DPY19L2,0.0,2.228976044995735,2.7831428486144594,2.4016590547686283,1,0
KLK14,0.0,2.1716404130160374,2.007907481256021,2.231277176842882,2,1
IGKJ5,0.0,1.8972315066649355,2.0686965036098943,1.8140732005658238,1,2
IGLON5,0.0,2.281296079705171,2.6791181218102422,2.4423410166115147,1,0
GALNT13,0.0,1.611223594870447,1.9577809258306968,1.6589622494852845,1,0
CAMK2N2,0.0,2.118489663181036,3.2580209353577128,2.1593865992051513,1,0
VTCN1,0.0,1.4864782766818563,2.53061752222697,1.8667229291531506,1,0
GRIK2,0.0,2.2755915140940326,2.1478719242240545,2.45582630415628,2,1
FHOD3,0.0,5.0907158189148465,4.074971093987047,5.076062194841964,0,1
SLC44A5,0.0,4.454920928690128,3.3291333193808517,4.391235953894342,0,1
ZNF14,0.0,5.164222938835985,5.263300576572048,5.314174401317246,2,0
GBP1,0.0,6.977179187310175,7.796465172434213,6.920336913985536,1,2
APOBR,0.0,7.252496872037922,6.856437228403614,7.114694647854254,0,1
SRGN,0.0,6.955918537455725,7.66808703583701,6.981104140128603,1,0
FLNC,0.0,6.840090936093137,7.168419015620486,6.680434486989647,1,2
PRUNE2,0.0,7.061298360746914,6.727901043032392,6.889877560276651,0,1
SFRP4,0.0,6.447790347576859,6.103753760068642,6.420929946833277,0,1
TRPS1,0.0,4.756016867998857,4.975716872827767,4.73760037965667,1,2
KRT14,0.0,1.1125671217863926,1.471921261096472,1.2201837243538012,1,0
PNOC,0.0,2.2906890074659847,2.3995649026207517,2.3740739238032234,1,0
HLA-DQB1-AS1,0.0,2.245374212681739,2.8461587534184414,2.4707183400860107,1,0
VNN3,0.0,1.950973390503255,2.836529138416533,2.054235966197094,1,0
TSLP,0.0,2.6270385197586577,2.5466655706140524,2.751909244223505,2,1
LOC101928424,0.0,2.6559926674208176,2.14274644767759,2.850871804783857,2,1
RNF224,0.0,2.5212477420535713,2.1946609475598016,2.5170753205362257,0,1
RNASE2,0.0,2.487231895809502,2.917346484729048,2.4807842958685318,1,2
GPR1,0.0,2.453339390479988,2.2038828207461503,2.462829147262005,2,1
HSPB3,0.0,1.6023009114133504,0.5680840630778942,1.455259028219898,0,1
HTRA3,0.0,7.233288962645516,7.079098945653786,7.143100677529859,0,1
SERPINE1,0.0,6.891788272716125,7.3629881122478045,6.973893113373274,1,0
ADAMTS2,0.0,7.049749160688048,7.481949534910229,6.872620900149784,1,2
ERAP2,0.0,6.934951463156381,7.100587368682314,6.6096051637456865,1,2
SEC14L5,0.0,2.5314348646726836,2.7101005615660108,2.5523990108238,1,0
DCSTAMP,0.0,2.071676892342866,2.4346879938227017,2.0723956798599756,1,0
C6,0.0,1.9215822261530042,1.5711829633306404,2.28092477499383,2,1
LOC105375519,0.0,2.5671308734878164,2.7206912704609234,2.688400968583112,1,0
ACTBP12,0.0,1.098112691421089,1.1070544237427207,1.1153816999052963,2,0
FCRL6,0.0,2.1917493910839485,3.07727736624306,2.351705884690896,1,0
RPL10AP12,0.0,1.4680851750773753,1.3248257400697212,1.5439277530770323,2,1
RPS4XP7,0.0,2.67976573274402,1.4278420194111516,2.730709675185219,2,1
ADAMTS19,0.0,1.6588759302479616,1.410195446681533,1.5583038746242068,0,1
LINC00607,0.0,1.7881085638920022,1.346895213314321,1.755510883651356,0,1
STOML3,0.0,2.361126105231667,1.3757340928855193,2.3850462153796137,2,1
IGLV3-21,0.0,6.000477818699285,6.545207915730225,6.122150667464762,1,0
LTBP2,0.0,7.231185683792976,7.062784227540899,7.19198543268541,0,1
KLHL6,0.0,4.862759367453131,5.318751009151467,4.899226103880653,1,0
CCDC18,0.0,5.115479743161867,5.075933553990602,5.207570999906558,2,1
ATP10A,0.0,5.0820695405668435,5.151445801166367,5.076548290001188,1,2
PRICKLE2,0.0,5.088841385661315,4.886210346825003,5.107223301669106,2,1
PLXNB3,0.0,4.162474143986505,3.9870421166111045,4.171369036359057,2,1
EBF1,0.0,4.389453012743026,4.366483174414927,4.458925147398611,2,1
EPSTI1,0.0,7.289801830942017,7.22306096305347,7.317576859449392,2,1
OPCML,0.0,2.437789417662849,1.8068658808699318,2.4360717143836044,0,1
TMEM59L,0.0,2.287244706268708,2.1458200457765444,2.366005466222855,2,1
IZUMO2,0.0,2.0793277680440028,0.6721125110165665,1.8618731809246716,0,1
CRYBA2,0.0,1.6724048925274326,2.834354146041471,2.046168523825641,1,0
VTN,0.0,2.1588344618673765,2.2878611218892355,2.166189927146126,1,0
LOC283194,0.0,2.3794921152125896,1.6007694133109713,2.325211838152213,0,1
CHRDL1,0.0,4.482932139735336,4.025155086250539,4.751505352448201,2,1
DPYD,0.0,5.21687022635244,6.0220157759357695,5.209567416058677,1,2
PEG10,0.0,3.951285442998478,4.110768508406448,3.968452778623069,1,0
HOXB-AS3,0.0,5.367711224728356,5.13112929370813,5.475053225987025,2,1
LGSN,0.0,1.0300062812998818,1.0507689653184864,1.1303462821012022,2,0
LOC101928295,0.0,2.132909883313173,1.3817819504906914,2.094181259455651,0,1
UGT1A1,0.0,1.5749185141647573,2.6371676511214894,1.9044586694068062,1,0
ARHGAP4,0.0,7.190913000321981,7.122939013945767,7.281200767054686,2,1
SMC4,0.0,7.386921180651922,7.420817957479454,7.441034189890961,2,0
VEGFC,0.0,4.497714532133658,4.69624243080227,4.609250109068135,1,0
L3MBTL1,0.0,5.4312776037691215,4.404761444824499,5.578440537806886,2,1
WNT10A,0.0,4.135815418496395,3.661075573625216,4.141350950133654,2,1
LIFR,0.0,4.314404514669274,3.901852733809959,4.3627660178050744,2,1
BTBD11,0.0,4.179110361330037,4.372384862933108,4.097477402982984,1,2
ABCA3,0.0,5.300624361253625,6.303893706432014,5.382584305287149,1,0
CSF2RB,0.0,5.627013430719401,6.075740686389187,5.583672124904155,1,2
ALDH1A3,0.0,5.864561869091185,5.567429718257934,5.96188163522288,2,1
SMAD9,0.0,5.642639252461389,5.706565952555591,5.768138427433739,2,0
LAIR1,0.0,5.748194121639645,6.279218372965396,5.80302036641989,1,0
TMEM47,0.0,5.829383138588221,5.648305848798737,5.859241374144691,2,1
AASS,0.0,4.342357196784568,4.42225042948428,4.464803980421992,2,0
SLC26A9,0.0,1.9178285690071666,2.974894609967754,2.0373698153831596,1,0
SFTA2,0.0,3.806530248473318,2.8255074627167804,3.742285600888518,0,1
PADI2,0.0,7.112702093259916,6.8621376140068016,7.061520786803733,0,1
BCL2,0.0,5.432196242612596,6.0374126379058115,5.562146222759922,1,0
CRB2,0.0,5.248612249621809,4.075978391965796,5.10653032331745,0,1
FLRT3,0.0,4.776601326136191,5.025337062603905,4.653042596866321,1,2
TUBAL3,0.0,4.958707542628433,4.814680557564983,4.813013726891759,0,2
HRCT1,0.0,5.098952123512288,4.3071096190833655,5.082822216578298,0,1
GLIS1,0.0,2.653258697185882,2.3314116722760008,2.5158474562898125,0,1
LOC101928797,0.0,2.0129717139279064,1.3194058104037267,2.4554444118583336,2,1
PWWP3B,0.0,1.717492462373585,1.2197236858806504,1.8940900154589666,2,1
PSORS1C2,0.0,2.0989377894641437,1.8090323100295027,2.2181930946543273,2,1
DNAH11,0.0,2.226450464142745,2.526655898614449,2.3259053149952686,1,0
TEX43,0.0,2.5041114329656033,0.8510512427809546,2.380761634812703,0,1
NODAL,0.0,2.3382461033239936,1.2242537574796588,2.327119295754276,0,1
SH2D5,0.0,2.397103910207634,1.866552761220893,2.5817855692865255,2,1
RAB39A,0.0,2.1544287552151458,2.225581819913705,2.116410376051294,1,2
ELN,0.0,7.344298101518166,6.492435139812907,7.227609044314362,0,1
RAB3B,0.0,4.492597559885121,5.423996422411064,4.639388765088058,1,0
ATG9B,0.0,5.172838670286754,4.178512944462269,5.298506522544426,2,1
KRT6C,0.0,0.9746448707756481,1.2369748174558184,1.0260893667545776,1,0
PTPRZ1,0.0,1.8909569954685195,1.6868611079652072,1.92241248713813,2,1
LOC643201,0.0,2.1176148507167643,2.7899156274857275,2.3473544244655695,1,0
C1orf105,0.0,2.3405786888877005,1.0083285485273834,2.334728593722246,0,1
RAB39B,0.0,2.3544387166700416,2.7172789703738003,2.4903426400828512,1,0
PRDM16-DT,0.0,2.1495137048799107,2.661445877703866,2.2721958616036777,1,0
RAB40A,0.0,2.6051993730511365,2.30319751627291,2.573842931752328,0,1
SST,0.0,1.681649451483202,1.4740262019287977,1.740912025190863,2,1
FGF14,0.0,2.044719209922713,2.1249319712291053,2.1625688196388815,2,0
LINC02473,0.0,2.2392488756914144,1.727256779563005,2.4176955912432567,2,1
WSCD2,0.0,1.8694853773599753,1.8159287926377154,1.9768653628233515,2,1
CDH22,0.0,1.0145888383434545,0.8837955689165519,0.8072351133348494,0,2
RAB31,0.0,7.18255049396428,7.491282241441012,7.149766509493269,1,2
CTSE,0.0,5.404987083779209,7.435904481034342,5.447354555312807,1,0
LMOD3,0.0,2.4436655226813166,1.570028971658737,2.430611744975937,0,1
ZDHHC15,0.0,2.481825165128892,2.1122919227839807,2.4226055631355736,0,1
MTATP6P2,0.0,1.5362584542949895,1.4727110037327917,1.706475966869957,2,1
SORBS1,0.0,7.3193351754780425,6.8896562627594475,7.256592448452302,0,1
MMP9,0.0,6.932824703126513,7.4043235484635765,6.83575439798714,1,2
CDH11,0.0,7.298315589597424,7.352072527429586,7.181324695965754,1,2
PPP1R12B,0.0,7.307918570628108,7.210698931494428,7.425452982737515,2,1
MAL,0.0,2.3969626681358767,2.5414771591113516,2.444419766634753,1,0
STAP1,0.0,2.271811124832947,2.487033364536571,2.395883618242583,1,0
TMEM169,0.0,2.571533155579214,2.364575084772506,2.5205089158460123,0,1
LOC101929657,0.0,2.5751945156169165,1.8918405613749796,2.7147967957489008,2,1
FAM66C,0.0,2.5364660038023024,2.0791470765573776,2.604244338665574,2,1
WSCD1,0.0,5.115511143658093,4.147967782886956,5.0423693766857784,0,1
KRT40,0.0,3.0196487363397666,1.1466879441455482,2.7993924736867704,0,1
ZNF681,0.0,4.986124051113907,3.9452273466919787,5.025196035271076,2,1
STOX1,0.0,5.058901762885617,4.795889646827935,5.06910578728746,2,1
TTLL10,0.0,2.4181821618466475,2.010656439640197,2.6725069689734164,2,1
RPS13P8,0.0,1.6599615410109623,1.489079993020018,1.644975451733246,0,1
HSD3B2,0.0,1.2644460300103562,1.1966120600836876,1.2518983355617677,0,1
TENM1,0.0,1.601234350957658,1.688138057932049,1.9616059278040288,2,0
SUSD2,0.0,4.9311158977090015,5.266314891975918,4.78482549440604,1,2
NPTXR,0.0,4.762157907334957,4.517154288513438,4.775606055538477,2,1
SEMA3G,0.0,5.019389826164002,5.022448641496648,5.201746860035016,2,0
BAIAP3,0.0,5.057134889704523,4.995053330902571,5.244231400733588,2,1
ARHGEF25,0.0,5.138788643094004,4.961843967988436,5.143865796702339,2,1
HAS2,0.0,5.481391775394082,5.082621810052088,5.525174880737413,2,1
NEU4,0.0,5.52216658133571,4.472697115250054,5.207138271924975,0,1
IGKV1D-43,0.0,1.6861580561543654,1.696254828233659,1.7095419459886272,2,0
LINC01146,0.0,2.0770416336120645,2.2100619434617554,2.338926838345063,2,0
CYP27C1,0.0,2.42232168901785,2.2341903194900965,2.488438888080604,2,1
EMX2OS,0.0,1.3522852106637093,1.3058825375626528,1.745836507091944,2,1
GABRR1,0.0,1.5444859725470244,0.9459133862236202,1.109992460149976,0,1
IRX2,0.0,3.3983758127448094,4.554679549601358,3.6856795148759254,1,0
TUBB4A,0.0,2.089110257946223,2.2902212037807783,2.1950250189699534,1,0
IL17C,0.0,1.7384043573185908,2.583502781561444,1.8030372819126292,1,0
ZNF365,0.0,2.108353052758013,2.1826739764291534,2.1573067285424816,1,0
TRIM34,0.0,2.621016479868932,2.5088500400069846,2.7244794410494455,2,1
NPAS3,0.0,2.214147078340373,2.4259712828224473,2.1657567032931158,1,2
HOXC9,0.0,1.605584294422563,3.12078882271346,2.0211594642352284,1,0
KIT,0.0,5.218553673318646,4.82696933758057,5.424033099955611,2,1
NT5E,0.0,7.326520079067911,7.581671596049523,7.6739450942605245,2,0
CCL20,0.0,7.2038331124045,6.9281049407578825,7.272772383084286,2,1
MLPH,0.0,7.0818703526243185,8.09406996853427,7.21821055984618,1,0
MRC2,0.0,7.399527105438997,7.5251512050059715,7.309912390985163,1,2
ISLR,0.0,7.393547312974455,7.24281154027317,7.303647812759053,0,1
CCDC88B,0.0,7.312325752905158,6.650305391705828,7.264085777950687,0,1
IGKV1-5,0.0,6.659737632458366,6.892044274621446,6.537768003872259,1,2
LOC440300,0.0,2.483005766279675,2.464416654969924,2.6078309850617862,2,1
CHODL,0.0,2.353597836889447,1.5223975180074687,2.2902898464948955,0,1
ACAD11,0.0,2.485004775825878,2.4708224393875855,2.604638614682991,2,1
PKD1L3,0.0,2.0553798881543286,2.1098292623458996,2.4083794146764395,2,0
HAMP,0.0,2.232669700866112,2.4785767967331536,2.2901532401027467,1,0
CCDC141,0.0,1.7775987483063491,2.3346910224721187,1.8616962544280264,1,0
MIOX,0.0,1.7138182997661668,2.5465297128924647,2.014391050843552,1,0
TCAM1P,0.0,1.0573388475437862,1.4286125230758655,1.3922706488865737,1,0
SDK1,0.0,4.960851699242377,5.111480968822073,4.860259678432105,1,2
TDO2,0.0,4.652846419765758,4.899676420144435,4.681455349048456,1,0
BARX2,0.0,4.556360152968763,5.513969239821995,4.806600938939591,1,0
ZNF470,0.0,5.227758974802945,3.8464820140730063,5.199170255637602,0,1
HSPA6,0.0,4.658879350377412,5.192552497243531,4.677635080680546,1,0
HSPB7,0.0,4.594463593230007,4.15847867679766,4.615127800617807,2,1
LZTS1,0.0,5.134952629924842,5.166649649486763,5.232933387832468,2,0
PRSS56,0.0,1.7896269440476416,0.5732683836107834,1.9439870496193496,2,1
FUZ,0.0,5.342406096089559,4.52204114471853,5.342728727944228,2,1
STPG3-AS1,0.0,2.3608867749598126,1.9907741054879737,2.4126613327358597,2,1
LINC00622,0.0,2.4235987942038433,2.297331670662333,2.5679219720427335,2,1
LRRC55,0.0,2.3111986931698136,2.4509092841222375,2.402786831440687,1,0
GJB7,0.0,1.1136751345109954,1.3420514434470605,1.3923274849239526,2,0
SLC30A10,0.0,1.8019259962191767,1.1436773468374142,1.8745650845113255,2,1
SH3GL2,0.0,1.5711902817935521,1.4358138797031663,1.5885316687062776,2,1
LINC01197,0.0,2.3799964778634015,2.2826054379738987,2.5183497352833633,2,1
LOC100422204,0.0,2.170139587625123,2.4749559075065046,2.353156986344182,1,0
RPL9P7,0.0,2.5054143631554378,2.5709487318560567,2.6062029346027757,2,0
HTRA4,0.0,2.229439216950058,2.5653154035655703,2.4960790785105007,1,0
ARHGAP40,0.0,1.4912030405988592,1.632799269606361,1.4278237701866254,1,2
NRXN1,0.0,1.611914344349555,1.4987690798235658,1.694307905701106,2,1
ADAM11,0.0,2.270579696072049,2.8474065067256777,2.571738357522771,1,0
EXTL3-AS1,0.0,2.437673262238188,2.284007322423413,2.589039847972595,2,1
IGHV3-35,0.0,1.9427171154974072,1.869500016230163,1.9722943098555703,2,1
TTC16,0.0,2.4411934662968613,2.0598759733211223,2.461698283382142,2,1
RPL7P6,0.0,2.4094002618561485,2.4347428265345923,2.598564785120757,2,0
TTTY14,0.0,1.642877555439525,1.0358991166463856,1.315570514887737,0,1
IGKV3-20,0.0,6.7640023146552375,6.979748501731851,6.817331199392326,1,0
DPP6,0.0,1.9683368072927505,1.8899392747312567,1.884463952397238,0,2
CNDP1,0.0,1.57144488513967,1.9166869795788906,1.5021603633165912,1,2
HBA1,0.0,1.606636788956636,1.8682312040661915,1.7623970812800784,1,0
C8orf88,0.0,2.3415150412586465,2.150306952440434,2.3633011499261305,2,1
ATE1-AS1,0.0,2.3703458785753853,1.8887175795876652,2.5466348514535597,2,1
IP6K3,0.0,2.543566778839776,1.853583028914147,2.31630896230663,0,1
EGFR-AS1,0.0,1.7557722145036312,1.1949666168312854,1.6794856501683832,0,1
IGLV3-12,0.0,1.5344516616918877,1.817505966069526,1.5178703302967493,1,2
LINC01807,0.0,1.7241827827951286,0.7586691705778615,1.8553107130208473,2,1
M1AP,0.0,1.7156390492753302,2.5652786354027723,1.8995366488595051,1,0
STXBP5L,0.0,1.5537231446654798,1.0591882228110057,1.7063833666616512,2,1
NPEPPSP1,0.0,2.2842936319367815,2.1852205224480037,2.2867524729756123,2,1
LOC732229,0.0,2.51513313170717,2.4283944398597264,2.4864897675302906,0,1
VRTN,0.0,1.614015976311266,2.3546838199136593,1.5790502512885245,1,2
LRRC4C,0.0,1.9273985602261492,1.95572494019725,2.1080213150096165,2,0
TNFRSF13B,0.0,2.12955136876031,2.050941445523688,2.2578435636520746,2,1
TPSB2,0.0,4.855430417570571,4.801500127113361,4.8286133252730945,0,1
PRKG1,0.0,5.525591173730364,5.203484849353867,5.53569017579697,2,1
PAPLN,0.0,5.5418422078124845,5.043444454105379,5.5456710314907465,2,1
MAB21L2,0.0,5.2463051343318465,4.84606556946281,5.109401754944516,0,1
ETV1,0.0,5.380646947367272,5.8603591294182875,5.474881284010603,1,0
HSPB8,0.0,5.195780891478177,5.101412098694822,5.187105312648636,0,1
TTN,0.0,4.846854000709636,4.789717485492946,4.828667582867702,0,1
XCL1,0.0,1.9803018439036872,2.1135683686107574,2.154760689317299,2,0
ZNF726,0.0,2.181383369698595,2.2057038044944535,2.006446818631899,1,2
MAGEL2,0.0,2.325261800421973,2.159378505334352,2.2977080403949506,0,1
STPG3,0.0,2.4015758792977846,1.761860710539221,2.500736391057168,2,1
LOC440173,0.0,1.6759031131850923,1.4391396943091226,2.2313205184929314,2,1
C5orf17,0.0,1.0693638958310736,0.7575773480346779,1.0049961198833162,0,1
HLA-DQA1,0.0,7.048542749383318,7.8223243098993,7.137381374365076,1,0
PPBP,0.0,3.474546787844293,2.945994871532759,3.064016643893342,0,1
MTND4P12,0.0,6.0032513140363495,5.97786032643959,6.499846465217625,2,1
CLU,0.0,7.2360929340445495,7.355423197075263,7.268666576954649,1,0
FSCN1,0.0,7.2681440104758375,8.053774820758218,7.24457244368537,1,2
PHGDH,0.0,7.272350184379509,7.264660268690655,7.280166415899293,2,1
DDC,0.0,7.670524543183667,6.274034680265849,7.6993898702025625,2,1
LTBP1,0.0,7.616534383087155,7.227059496686093,7.537384184672465,0,1
SFRP2,0.0,6.242570498074975,6.795898182869445,6.327222115005127,1,0
LEFTY1,0.0,6.959668433480529,5.015980254521413,6.851100841523229,0,1
NSG2,0.0,1.8377876408772733,1.7443363666526492,2.068321666797628,2,1
CD164L2,0.0,2.140954434372079,2.9603951085220754,2.169025017362261,1,0
NAT8,0.0,1.32211363584672,1.1953947698196483,1.7012190245117744,2,1
RPS5P8,0.0,1.5839459589509612,1.552512021553318,1.66720398848137,2,1
EPHA8,0.0,0.9802625011754809,0.9690768193608309,0.9552834836053611,0,2
GPR141,0.0,2.086377393748143,2.6741423423515838,2.1945596358765953,1,0
VSIG8,0.0,2.106808277217183,2.371371704313989,2.2389412130483737,1,0
RPL27P11,0.0,1.705639025367849,1.5732620440218834,1.7637654608060054,2,1
CYP26A1,0.0,1.7975137545619955,1.4599168699108511,2.2471023936871326,2,1
PTPRG-AS1,0.0,2.085955892925544,1.5642454682963147,2.009652412202652,0,1
IGKV2D-24,0.0,1.7577051475595937,1.7081344534876115,1.7912329891431036,2,1
THSD7B,0.0,1.5123606772953022,1.1805455125209368,1.7851883917618303,2,1
LINC01730,0.0,2.277963609697164,2.130177273922083,2.3958673893356788,2,1
LOC105375304,0.0,1.9903903253632664,1.8246556077941245,2.1714514134596308,2,1
FAM106A,0.0,1.500952260663442,1.757203856313179,1.7688318996554766,2,0
MIR4292,0.0,2.5205961529969896,2.15236528274817,2.66494506280186,2,1
FGL1,0.0,0.7245091172185494,1.756014800364986,1.0472271810843392,1,0
TNFSF18,0.0,2.289524354510225,1.8359155281916895,2.2543176031072063,0,1
HAR1B,0.0,1.8159626814874146,2.80676041248868,1.9302582110156128,1,0
ELFN1-AS1,0.0,5.340858174016288,5.217421608973762,5.407405337896194,2,1
FABP4,0.0,2.9068093891790348,3.106292721031087,3.2762972515111692,2,0
FAM149A,0.0,4.948453224407001,5.510743756594256,4.962650944519747,1,0
CCDC144A,0.0,1.2190856663217469,1.3432979950585626,1.26915709389039,1,0
IGF2-AS,0.0,1.4163113199677408,0.8512008085054793,1.4038287522740043,0,1
KIF6,0.0,2.2096080145394397,1.2704766889377845,2.289491396116657,2,1
PCP4L1,0.0,1.9555011698099538,1.4336544691008475,2.0964058349338006,2,1
RNASE7,0.0,1.920587400802518,1.8270493367946896,2.01207638184177,2,1
MTUS2,0.0,2.069254549381812,2.7078494089280865,2.1280741263647496,1,0
NBPF4,0.0,1.9273561443550515,1.274769613583284,1.8642990646063402,0,1
HOXC8,0.0,1.3886691045363695,2.7599507843438507,1.7868286981085324,1,0
RGR,0.0,1.3890509669622313,0.7686994104171964,1.3710596320016346,0,1
PTP4A3,0.0,7.639168914041563,6.734793637598026,7.535987118929629,0,1
PCSK9,0.0,7.356568232192485,7.920266267803886,7.232194707204497,1,2
GNE,0.0,7.518471549335266,7.779614864541756,7.488430141429907,1,2
ARSL,0.0,7.646443755160961,6.738108551106623,7.564065685639134,0,1
CARTPT,0.0,1.4532842476060384,0.8752445002426653,1.45686867695415,2,1
PAX4,0.0,0.9681761904615098,1.254307771692934,1.1344545403535573,1,0
KCNT2,0.0,2.128083730464707,1.9103962465014659,2.275086100781538,2,1
PXDN,0.0,7.581775605943626,7.700338883236471,7.516033274431197,1,2
LCP1,0.0,7.3911859764524275,7.955176029936279,7.442474370393733,1,0
ITLN1,0.0,5.712224527605094,5.804935513726067,5.576128494611048,1,2
TEKT5,0.0,2.3881475966853123,1.2336742106841607,2.1649544354453227,0,1
NAP1L2,0.0,2.168016558204907,1.9796095949136305,2.1783229467582323,2,1
LINC02449,0.0,2.2495976728619422,2.329210324765705,2.2842425213978106,1,0
HNRNPA1P49,0.0,2.1370179224737376,2.1618444683656945,2.314683377379519,2,0
IGHV1-12,0.0,1.7028558711672512,1.7409706857399325,1.583245400210418,1,2
KLHL13,0.0,4.476848284398927,4.636936873216748,4.119199450441306,1,2
SRMS,0.0,5.062968541077173,4.965847940782367,5.18122111685382,2,1
DIO3,0.0,4.653405724408898,3.5892452581985252,4.580211309344229,0,1
SELL,0.0,4.753176920791326,5.36179469985324,4.892367644860928,1,0
IGHV3-73,0.0,4.045043203221102,4.313851949243431,4.2277830651596116,1,0
FPR1,0.0,4.6596255256915144,5.55247568385369,4.590990277476291,1,2
GOLGA8N,0.0,2.2338301537735177,2.2141847573122666,2.487589247697311,2,1
POPDC3,0.0,1.9167001968375412,2.2612159895432127,2.0552526782020357,1,0
MACROD2,0.0,4.438784863987641,4.123829070914424,4.3455708049491575,0,1
EGR2,0.0,5.006138589900567,5.08925382814941,5.0832310507001415,1,0
AZGP1P1,0.0,2.190515678581056,1.2868474785983033,2.3121962644963023,2,1
IGKV2-28,0.0,1.2849594636413613,1.5230931995677033,1.2221822415120018,1,2
LINC01996,0.0,2.113256979679337,1.036143214759058,1.929653991186886,0,1
MIR200A,0.0,2.2873686687205104,1.4599575739988326,2.5186254849584038,2,1
CLNK,0.0,2.1253870066472307,2.746355921971827,2.3202976469094967,1,0
S100A12,0.0,1.6332298491185153,2.394261401274249,1.6868775281392347,1,0
FXYD2,0.0,1.880591792046262,1.902273093362753,1.9339066107168141,2,0
NLRP11,0.0,2.1120319332461497,1.8497326579516797,2.1352390438378923,2,1
VIT,0.0,2.001945136572885,2.687659850331696,2.157807796601741,1,0
MYO3A,0.0,1.5444658644173,1.457052766484495,1.6007239988552993,2,1
APELA,0.0,2.3443869176583085,2.0254193731725905,2.322601783215836,0,1
IFNG,0.0,1.7650183941173452,2.9781640676945913,1.778689035264601,1,0
MX1,0.0,7.330523668092539,7.778537369969701,7.2804806996092415,1,2
RHOBTB3,0.0,7.6415214753277425,7.357553272695392,7.716284285699101,2,1
GJA5,0.0,5.103549386380911,5.335426307143639,5.185224884477215,1,0
RRAGD,0.0,4.9817223126229235,4.931478204567579,5.023192811666899,2,1
MMP17,0.0,4.301716992248232,4.155208503511,4.055229967883812,0,2
IGHV4-28,0.0,3.655231387164992,3.7920637380150723,3.5022231279592066,1,2
SERPINA6,0.0,3.659945215350321,2.0187381616106173,3.2317730993651956,0,1
CD22,0.0,3.8325007430839286,4.01601302210659,3.9608762763222525,1,0
CD180,0.0,4.302628572428658,4.612721603716221,4.2945596719394095,1,2
ST6GALNAC5,0.0,4.1092143151540474,4.477794197244318,4.177511440184447,1,0
RIMBP2,0.0,3.7886764210421053,3.7326106276477717,3.7622695676896396,0,1
MALRD1,0.0,2.9403254200621642,3.364064876009533,2.928833456791904,1,2
LINC01124,0.0,4.277761212736758,4.121178843401945,4.390037263690168,2,1
PDGFC,0.0,5.825212830355158,5.726501841845626,5.749085825284105,0,1
AKT3,0.0,5.788996154732628,5.76602763728504,5.7649204253993585,0,2
ITGAL,0.0,5.642989710974507,6.149881141409739,5.741021810489701,1,0
FZD10-AS1,0.0,4.063553764656879,3.4220984831791084,3.824184369806482,0,1
IGHV2-70,0.0,3.1093528367962753,3.9507968565041356,3.0319032016913314,1,2
DCC,0.0,2.0929014868222704,1.7707527477119707,1.9492535114357086,0,1
DNAH12,0.0,2.1413927735974005,2.1643073665618844,2.237198281011566,2,0
IGHV3-71,0.0,1.790685028577615,1.8459210100153387,1.7408364925336075,1,2
RPSAP7,0.0,2.1391779824629054,2.1886005670892614,2.3183600273827496,2,0
KRTAP5-5,0.0,2.1411623147595527,1.3223459376069104,2.162358177726902,2,1
PABPC5,0.0,2.3182989559383795,2.237585202004097,2.310015059659601,0,1
FAM183A,0.0,1.933590897673802,1.5521281017800128,2.244310209870405,2,1
GPS2P1,0.0,2.1494276942316013,2.4632528276710786,2.132470030003695,1,2
CHRNB4,0.0,2.2842441920393854,2.399234100597028,2.243211713344444,1,2
PCDHA10,0.0,1.959143757530119,2.142607034144044,2.0655491635558554,1,0
TMEM52B,0.0,2.079374489937017,2.4206025388962336,2.182943727006665,1,0
FAM221B,0.0,2.355202435183446,1.7140833237472435,2.362809316747832,2,1
NDST3,0.0,2.2926849168525294,1.7957566296469731,2.1786405156531257,0,1
ELAVL4,0.0,2.017930803555046,2.2564208769729555,2.2279401752723738,1,0
LOC101927708,0.0,2.471316550443458,1.9438796365614117,2.4701643586540607,0,1
TCEAL3,0.0,5.201976898704838,5.276853422998457,5.3290409886820225,2,0
JAKMIP3,0.0,2.2008203241956243,2.820885472945984,2.4101237102091413,1,0
EEF1DP5,0.0,1.0686718294205657,0.8331369403268846,0.9526711353565576,0,1
PLOD2,0.0,7.657123010073178,7.396733212688306,7.719855163688196,2,1
IGKV3-11,0.0,6.644673437425408,6.976480726990353,6.657884363740826,1,0
SMOC2,0.0,7.364713051484732,6.502870117566954,7.412411899114284,2,1
SPARCL1,0.0,7.454367789359501,7.452426972068601,7.598810478266671,2,1
CCN1,0.0,7.510784186442688,7.615084591562257,7.620604730027676,2,0
ERN2,0.0,7.613734917394029,8.042490243941181,7.750485890384166,1,0
MSLN,0.0,6.995127880486435,6.991692632725782,6.9179527141663275,0,2
ITGA5,0.0,7.618467075704603,7.9586771786500226,7.570545272518032,1,2
CPEB1,0.0,2.1886545299458993,2.0623606052382724,2.239752201166888,2,1
LINC01152,0.0,1.968104773034404,1.5480120562090514,2.2818903710903156,2,1
HSD52,0.0,1.5879850260815296,0.6969385207004156,1.4395535872805656,0,1
LINC01237,0.0,2.3252322515821287,1.9911736229609163,2.4470716574860667,2,1
ARHGAP6,0.0,4.9495226855669445,4.717906324319837,4.807485488341108,0,1
EDN3,0.0,4.847277312437352,4.807960000694189,4.875145780401042,2,1
MYO1H,0.0,2.171675231351421,1.7170728446908623,2.2599517913792475,2,1
C1QB,0.0,7.51989998952737,8.176886508064047,7.538208833217073,1,0
CXCL1,0.0,7.499695379453772,7.839940959259335,7.395144384855966,1,2
MIAT,0.0,4.687119690507533,5.202756538691791,4.902264247808293,1,0
SCG5,0.0,4.924948868793967,5.248495719507388,5.001536304571394,1,0
FRMD3,0.0,4.9921681314205015,5.463691128826128,5.136715709126631,1,0
ABI3BP,0.0,4.890425036455271,4.964872262322154,5.039916013721474,2,0
KLK7,0.0,3.6804117688176445,3.749055974369864,3.3800360165512306,1,2
LGALS2,0.0,4.711450401255827,4.952365725612554,4.6140293025006445,1,2
LINC00649,0.0,4.90495715359683,4.850025842639683,5.010931403741371,2,1
TAS2R38,0.0,2.2438849846833433,1.8205483097842532,2.3258928356122284,2,1
TEX41,0.0,1.6553831696496846,1.6964359447439796,1.6386895336724072,1,2
PLCXD3,0.0,1.2200609359817705,2.1559203241657414,1.6049482436747144,1,0
ANKRD18B,0.0,1.4852981915388972,1.2286117715015705,1.6575900052080936,2,1
ECRG4,0.0,1.8885985850740807,1.4473881160121664,2.0148360165819614,2,1
PRSS41,0.0,1.7874707205928662,1.1089289859533704,2.0321189087977833,2,1
LOC442497,0.0,2.1115905969164794,1.388190179924904,2.2464419252926517,2,1
KIAA2012,0.0,2.2757615145237433,1.4624099172457992,2.4211794419712964,2,1
IL17REL,0.0,1.661561948820852,2.6641161433543177,1.854704625558519,1,0
NRAP,0.0,1.7638820776956325,2.24790046629361,1.899496442063334,1,0
RAD51AP2,0.0,2.1772815004838724,2.3099561523771692,2.436701597827384,2,0
IGHJ1,0.0,1.6265619092690498,1.4594124977129512,1.5272051365308108,0,1
JPH4,0.0,2.155811149408262,2.2053675012595493,2.323435393344725,2,0
RIC3,0.0,1.9248677103277727,1.8022088524586601,1.9678536452984585,2,1
GJB6,0.0,1.4514049462066398,1.625635945946683,1.7328452102846659,2,0
PCDHGA4,0.0,2.130612828436718,2.4635160495436845,2.135103077384265,1,0
NOL4,0.0,1.4139329971504253,1.5427024453020581,1.8515417078939225,2,0
CELF2-AS1,0.0,1.7711589775930234,1.7193734337053248,1.7739859325593579,2,1
LINC00870,0.0,2.3610347214079446,1.9295181559362564,2.536814590544065,2,1
RFX3-AS1,0.0,2.1010267627790404,2.1589628026832957,2.307101033599328,2,0
TMC2,0.0,2.1347896497066996,1.3030785286471511,2.2684648277116475,2,1
ANKK1,0.0,2.2925829702473193,1.8297611640333071,2.3695670124102897,2,1
KRT4,0.0,1.1827612160468863,1.5569002724641212,1.5639853010921394,2,0
ANXA8,0.0,0.7281537207340917,1.2478650223572043,0.8375305117027803,1,0
NPHS1,0.0,1.8252016988332993,2.0201091447269897,2.0856813487673436,2,0
PCDHGB3,0.0,2.030510249412033,2.4728235960326397,2.1293670769955475,1,0
SIX3,0.0,1.2167786647939878,1.1652094741711512,1.3971900487638673,2,1
SLC13A5,0.0,1.6911545383833055,1.8030990538625098,1.7534979420470291,1,0
GPNMB,0.0,7.35114217572703,7.866860678960646,7.3733313402542695,1,0
MUC17,0.0,6.007302974941036,6.4208738992297745,6.238926505334647,1,0
SLC38A5,0.0,7.559488604044462,7.4414449034519246,7.6156383864739166,2,1
BST2,0.0,7.247985500571688,8.118414457514165,7.299781512004633,1,0
S100A4,0.0,7.646428151883556,7.6180026149944355,7.660415132608211,2,1
NWD2,0.0,1.892120798619037,1.8697330387104032,2.052946614988521,2,1
SBSN,0.0,1.5855595466774959,1.8420157316225718,1.3421729462434155,1,2
LINC02588,0.0,1.5861394970767744,0.899090909862299,1.6870849241047903,2,1
AFP,0.0,1.631804796396607,0.9761365497342945,1.679200438454948,2,1
LOC100653233,0.0,0.9929333503376181,1.1419753262411967,1.0725911450272576,1,0
BTNL9,0.0,5.227698294351436,5.7193698649133005,5.434982115309155,1,0
ZNF680,0.0,5.562697452290431,5.3181575689872815,5.691656952062008,2,1
PRSS33,0.0,4.389663084730939,2.9929797243927614,4.204584492723272,0,1
EFNA2,0.0,5.539614772855731,5.5305032190853085,5.418398484260157,0,2
PER3,0.0,5.424206356727764,5.664156889561873,5.544430551413259,1,0
IGF2BP1,0.0,3.130556422972248,1.852079479910099,3.668443684880695,2,1
PPP4R4,0.0,1.8394483029374238,2.3171505079762773,1.8161067206173906,1,2
PCDHB6,0.0,2.0337755329137543,1.7464505891070754,1.9851636060222773,0,1
EMX2,0.0,0.9993002396640042,0.8267386547177326,1.3531054776548561,2,1
ADRA1D,0.0,2.2487672892257695,1.7345199850191104,2.1097657534622556,0,1
LRFN5,0.0,2.106828932056044,1.9545395629130193,2.0198420837806115,0,1
LOC107984360,0.0,2.2415802313880153,1.9489691019950255,2.3709811223058685,2,1
IGHV3-41,0.0,1.7364698944199162,1.891293129467179,1.8219312933155765,1,0
MEGF10,0.0,1.9970961872176383,2.4385065894019333,2.0636504609080464,1,0
GDF6,0.0,1.8860176374747863,2.1044899653176308,1.9293151245923619,1,0
LOC101926913,0.0,2.227430319628877,2.1085920395776196,2.4505054179943278,2,1
PIRT,0.0,1.7926135813488127,1.6019985128213852,1.9171062853976875,2,1
IGKV1-33,0.0,1.2847925565187643,1.4646506083800321,1.1890259182230667,1,2
USP32P1,0.0,1.5628239180100396,1.6004644587130503,1.4971623085230528,1,2
TCTEX1D1,0.0,2.186729417720397,2.406039170285529,2.3665344162419606,1,0
C5orf58,0.0,1.5142815009358157,1.7719278813552597,1.6759230801247402,1,0
FYB2,0.0,1.513980718286925,1.9288604434997259,1.4975748998027865,1,2
KISS1R,0.0,1.6531227630954382,2.1287435539093833,1.8497121714349882,1,0
SEZ6,0.0,1.3005276752268782,1.3416167276352895,1.3802279987541872,2,0
ART5,0.0,2.0900182666790457,1.9907705634993769,2.0305766760714947,0,1
SCN2B,0.0,1.985812190237884,1.3851381130324256,1.9936913019717064,2,1
ERVW-1,0.0,1.5050461266809734,1.3412621078506928,1.416944827482988,0,1
ORM2,0.0,1.9132343720336626,1.442236786365598,1.7954765113452378,0,1
GLYATL2,0.0,1.773253765277214,0.9464061387668826,1.7017419209493025,0,1
CNTNAP1,0.0,5.454341883453685,5.44853900933384,5.498361496808026,2,1
SPAG16,0.0,5.539876680427927,4.614411071638442,5.289522188950857,0,1
FAM182A,0.0,0.9030788465707899,1.131736404443469,1.1108503799390652,1,0
VAV3,0.0,7.922086635762475,6.246055135558387,7.738951811541531,0,1
ANKRD45,0.0,1.4380570339636776,2.4899003029676123,1.7050140534320157,1,0
ZNF876P,0.0,2.1098794870193336,2.3232895297409013,2.3176025323946203,1,0
GFI1B,0.0,1.9012954331250216,1.8015621768518209,1.8586635371012856,0,1
PLA2G2C,0.0,2.114531353055496,2.325304141077566,2.071051334181099,1,2
LINC02159,0.0,1.9118032707841333,1.3998986720350213,1.5631773316874142,0,1
DUXAP10,0.0,1.5960489345217665,1.2038703912156559,2.1452162587468404,2,1
SRSF12,0.0,1.917171039989133,1.7918008995818728,2.096138137408305,2,1
IGKV2-24,0.0,4.1117967421589405,4.32998052295785,4.118174543987309,1,0
LILRB2,0.0,4.987067901057269,5.6588355950813085,4.932957332906616,1,2
LINC01224,0.0,5.270796616516661,4.672300704500621,5.388866303542233,2,1
MITF,0.0,5.044942026507431,5.356838286695783,5.055107113334485,1,0
MYPN,0.0,2.1185213498471906,1.6659423726315359,1.9638662590780007,0,1
ODF3L2,0.0,2.2575975730164624,2.101755519581632,2.1742094681096957,0,1
AGAP12P,0.0,1.8869600475207142,1.9119393936520293,1.982665831657145,2,0
RHD,0.0,2.1160310355993577,2.174668755056121,2.3094694755667105,2,0
PTGES3L-AARSD1,0.0,2.2467927515045387,1.8409951839000513,2.281281781507387,2,1
LINC01215,0.0,1.9539046729375518,2.2090054554188465,2.1534788820538338,1,0
AMER3,0.0,1.240157083298581,0.6692086807914913,1.268563082953982,2,1
IGHV3-38,0.0,1.7439006053927473,1.7463485950117748,1.8501135475809372,2,0
MYL3,0.0,1.6218934067019442,1.0451618592741918,1.8508268655473878,2,1
CBS,0.0,1.8068456813100842,1.5994673138822322,1.7747784676032945,0,1
SLC25A24P1,0.0,1.2514150177614396,0.6378322680710612,1.251158971478001,0,1
KRT83,0.0,1.8176571544940519,0.8781202267394468,1.77460604009458,0,1
DUXAP9,0.0,1.659877675998253,1.3776528104810937,2.033717456409294,2,1
PCYT1B,0.0,1.938533544680153,1.640735684866783,2.034524427600949,2,1
PTPRVP,0.0,2.0881732913209747,1.9206480048678969,2.322249362464103,2,1
MUC4,0.0,7.142772555835312,7.618084602181175,7.101658882156009,1,2
LAMA3,0.0,7.72611887821569,7.969040754805479,7.64985988101708,1,2
RPS4Y1,0.0,5.466931657708131,4.79372697175075,4.976029758676331,0,1
EMILIN1,0.0,7.845279945252061,7.745692481898218,7.7297964536435755,0,2
COL15A1,0.0,7.683469307230329,7.937001106457477,7.607128739129586,1,2
PTH2R,0.0,0.8089063698978707,1.2730358845254792,1.3050835507174192,2,0
C3P1,0.0,1.338870693121435,0.7854355817147943,1.173351040685093,0,1
TNFRSF19,0.0,4.672427582339861,3.8715626893220274,4.672583829904445,2,1
NFATC1,0.0,5.074123369307623,5.801927686480394,5.120115823084646,1,0
LRRC6,0.0,5.281847862518841,4.647661836221883,5.378642688699306,2,1
STAG3L5P,0.0,5.2196945733429425,4.824516701896223,5.431502988502522,2,1
WNT4,0.0,5.180458356398652,5.145877483542741,5.1402955206098335,0,2
UGT2B7,0.0,4.186822520028847,3.962080146969734,4.291835846578155,2,1
AQP5,0.0,2.411585726558402,3.401543302396529,2.579297670170603,1,0
UBASH3B,0.0,5.005486447344423,5.814047253338774,5.002877256410061,1,2
SIGLEC5,0.0,2.000176640121343,2.581831708899956,1.9977115295203793,1,2
LINC01140,0.0,2.1137907526706434,2.3315462441300436,2.2165662704345905,1,0
PALM2AKAP2,0.0,2.1183841317224004,1.9223519806207385,2.141471896761143,2,1
NCR3,0.0,2.1593351856623646,2.481425354163849,2.244772470079139,1,0
SPAG17,0.0,1.7889828720071363,1.2353710994020064,1.8401714333323065,2,1
CLEC2L,0.0,1.6691386654095937,1.395762027120065,1.5402306157516632,0,1
VSTM4,0.0,5.499777464923731,5.337647635815587,5.466865630779684,0,1
VWFP1,0.0,1.9891885105468874,2.1072425039519986,2.0765688832523965,1,0
TNS1,0.0,7.647338736693579,7.550275786282265,7.649850127237592,2,1
GCNT3,0.0,7.409515035950528,8.193737747407456,7.506976546671533,1,0
PLTP,0.0,7.997309325574012,7.257889208510825,7.960364619300142,0,1
LINC01781,0.0,0.970474069856014,0.999014382847493,1.0213914283909913,2,0
SERPING1,0.0,7.858699145185779,8.147879694027504,7.8162221678644865,1,2
LINC01619,0.0,1.9642864092301673,2.443922494890585,2.154796383887234,1,0
TRBV5-1,0.0,2.1389006565523454,2.411728632485093,2.171324366816577,1,0
LOC101928994,0.0,2.0620754205150975,1.804163711576954,1.9163123164395592,0,1
PSD2,0.0,1.94634312455105,2.3250972328072064,2.26781295130815,1,0
SLC26A7,0.0,1.9465469846024381,1.5742055313146512,2.3140748556751025,2,1
CYP4B1,0.0,2.061652620748131,1.6952021484135402,1.9566014358582162,0,1
CDH7,0.0,1.3731974120647368,1.4035209667891682,1.4453447280704603,2,0
SLC7A10,0.0,1.4301340963794478,0.7745890500744285,1.3468815159054413,0,1
NUDT10,0.0,1.9855727563332,1.9496332408979635,2.073246789666325,2,1
LOC150051,0.0,1.6881865056323075,1.9376322542460853,1.2025117353782069,1,2
CD1B,0.0,1.9098028636034685,2.1790377685584756,1.8915590976757872,1,2
FSIP2-AS2,0.0,1.9684403119233216,1.5006560572578855,1.961352800968042,0,1
SLC2A14,0.0,1.8381341698074787,1.3586579550622655,1.9109789500204397,2,1
KCNQ5,0.0,1.6448135852889174,1.8057527378147193,1.8083879750650567,2,0
KLRC2,0.0,1.7677313661963792,2.3282883678097743,1.888694435531251,1,0
INHA,0.0,1.4361499221001932,1.9021311239089091,1.38073075100122,1,2
LOC157273,0.0,1.464332275422842,2.6666414480229705,1.7080346572439395,1,0
AMPD1,0.0,1.9143696968425485,1.73598122688278,1.8534289990744581,0,1
SLC6A15,0.0,1.1443654878944884,0.910294377519925,1.210327573460281,2,1
RPS15AP17,0.0,2.0092108520141023,1.7100030036441103,2.095597346599939,2,1
LOC105371414,0.0,2.0403389075924316,1.9688182825218221,2.043112914748833,2,1
ARNT2,0.0,4.868002281387885,5.611732361088259,4.882410442260948,1,0
KRT8P36,0.0,3.6424894496194873,3.7474486253411694,3.9335096656817647,2,0
ZNF548,0.0,5.319946946305075,5.331513857952573,5.288165420927239,1,2
ACKR1,0.0,4.68947744553209,4.472845850233479,4.6005023164967165,0,1
PCBP3,0.0,4.3779921818803995,4.070942499194763,4.439260879937368,2,1
AOX1,0.0,4.1425711083237875,3.9933221333445204,4.1017931396796525,0,1
MAP9,0.0,4.099055107766625,3.945794693425167,4.155105556801796,2,1
CCDC150,0.0,4.429988050253922,4.495237779286166,4.6540588463244275,2,0
PAX5,0.0,3.3696378029679024,3.835740705542807,3.6385709610551094,1,0
CD27,0.0,4.276232836060707,4.540326370794239,4.401585553333884,1,0
ANKRD29,0.0,4.383568296220629,3.9303593651191306,4.401875902153322,2,1
N4BP2L2-IT2,0.0,4.152772544833995,3.7424911114404424,4.476406945313927,2,1
CHROMR,0.0,4.366766781648817,4.219347694132598,4.4796370894529645,2,1
MS4A1,0.0,3.144904677869599,3.556175050950098,3.381892523461654,1,0
ZNF594,0.0,4.510198969791356,4.228161103315394,4.624304811699395,2,1
ACSS3,0.0,3.9817769043639175,3.5426510625043957,4.022270858851231,2,1
LYVE1,0.0,3.948463093831237,4.210772232349801,4.057886702912831,1,0
CSPG4P10,0.0,4.538868489723944,4.3978433019351515,4.7439596972750655,2,1
MMRN1,0.0,3.816467816441966,3.9140131991232647,3.9035077984732744,1,0
LGALS9C,0.0,3.9913149950535183,3.6362286272567834,4.033711656275294,2,1
ERICH4,0.0,1.5396559631781879,1.2528851082583499,1.6207289250197114,2,1
SNORD12B,0.0,1.9671403974350057,1.7302194883109228,2.1633377999911314,2,1
TM4SF19,0.0,1.9825919595160142,2.004302278771141,2.0392054160435547,2,0
DTHD1,0.0,1.5169171022030568,2.3206616510840616,1.822376439621183,1,0
IGKV1D-39,0.0,1.4516518542262806,1.5265114736968355,1.3121285664938322,1,2
LOC100129434,0.0,1.8249881045062242,1.228841158934677,1.8398461929422296,2,1
DIPK1C,0.0,1.5181007855608648,2.441284352377201,1.4581235425936587,1,2
LOC101927815,0.0,1.4471694315910932,1.2339274168145817,1.7950086700876378,2,1
TMEM229A,0.0,0.7695277277778428,0.9210587172622363,0.8289067183812935,1,0
EIF3CL,0.0,2.2559689491092034,1.921513740262048,2.156934676510024,0,1
WDR17,0.0,1.737592149092456,1.54549283446014,1.9099169748812634,2,1
TBC1D3,0.0,1.687786089074787,2.0500431175653455,1.680671099150278,1,2
SPSB4,0.0,1.8218737794499784,1.6833043193240456,2.142838303023207,2,1
TMEM40,0.0,1.6446700799435636,1.413720495394956,1.5894690334756683,0,1
STRCP1,0.0,2.2116420597313673,2.2005910768268544,2.420981980278157,2,1
LOC646588,0.0,2.0716951745445975,1.4361344187651863,2.150696061469775,2,1
MIR9-3HG,0.0,1.8237481951457284,2.1894654350037843,2.0758955543918844,1,0
LRGUK,0.0,2.0074285643267875,2.449513404172823,2.233629324277835,1,0
RPS6P26,0.0,1.7136965180468466,1.3569348271532398,1.7455348605658079,2,1
TMEM132E,0.0,1.921989019144459,1.5835241541779561,1.82740675818162,0,1
UTS2R,0.0,1.2582520312226662,0.8368678147578689,0.9287161414785341,0,1
HTR3A,0.0,1.4907392444640217,2.273245522334125,1.624217138594838,1,0
CBLN2,0.0,2.114841898100704,1.3870837522965584,2.199640425812843,2,1
LOC105375614,0.0,1.994568676958313,1.5119054659794842,1.9190627974089447,0,1
LINC01738,0.0,2.0805775606958576,0.8750373911995623,2.080587101800781,2,1
AKR1B15,0.0,1.7617265794877457,1.5600703829451783,1.8217970204527887,2,1
POM121L9P,0.0,2.116512192062024,2.274622860201784,2.2178662397150113,1,0
C15orf48,0.0,7.921522884870611,7.798076882324605,7.993097560659201,2,1
ANPEP,0.0,7.051599523316473,7.340839781492907,7.160590334056994,1,0
APOE,0.0,7.574937281964348,8.080651167788602,7.670673844297523,1,0
HLA-DPB1,0.0,7.77726420467017,8.555325026675549,7.838427168643606,1,0
IFI6,0.0,7.788274442448047,8.298699651848287,7.614475734424425,1,2
U2AF1L5,0.0,1.771213880822256,1.8075075756299666,2.2436763646061637,2,0
NR4A1,0.0,7.909338003280977,7.925391070714321,8.115133860119277,2,0
LAMA5,0.0,8.012431333475448,8.080437501098828,8.111318199606401,2,0
FKBP10,0.0,8.055402564612406,7.783099227077141,8.126408814699024,2,1
PTPN5,0.0,1.995147084179944,1.8932307827138057,2.050082125164791,2,1
ADCYAP1R1,0.0,1.5956694589982632,1.6264968882348174,1.7098127730788055,2,0
IL9R,0.0,2.0402258314391206,2.7233546862860316,1.999608282367175,1,2
METTL24,0.0,1.984624342689485,1.8022751680239801,1.9529438039169835,0,1
LOC93429,0.0,1.716601814668313,1.9434674814791044,1.7668632158336182,1,0
SSTR1,0.0,4.983468796602812,5.39886863812209,5.08574629383206,1,0
EDA,0.0,4.752962323088383,4.4359293122317025,4.6243946618358,0,1
ARHGEF35,0.0,5.270365182286705,4.902538929973366,5.14657189514004,0,1
SNCAIP,0.0,5.002858012081458,3.971897265077629,4.816864229622164,0,1
TSHZ2,0.0,4.768047469251147,5.136833924512668,4.851305872698688,1,0
RGL3,0.0,4.766119523455342,4.8150911803004,5.129771491773825,2,0
ZNF134,0.0,5.36752271566708,4.737513478413278,5.105755915781242,0,1
KLRK1,0.0,1.8052924889274984,2.3744772687740747,2.0338378987603702,1,0
ADH1B,0.0,3.8817944446723898,3.2973587940820375,3.955243560398424,2,1
COLEC12,0.0,4.852074591747697,5.179194928242839,4.8371040000757075,1,2
ZIC2,0.0,3.502315180191683,5.113239944694602,3.7793894062743547,1,0
CLVS2,0.0,0.8723870632387857,0.4740252443795297,1.059903613479072,2,1
C2CD4B,0.0,4.892934663087097,4.828450015604693,5.012413807604982,2,1
GPR183,0.0,5.040311505300481,5.3865318001165035,5.15951864991945,1,0
NKAIN1,0.0,1.8070211255384403,2.029356583373133,2.062916156156025,2,0
LINC00924,0.0,1.7707177502487326,1.8722493304142809,1.7906572686288273,1,0
KRBOX1,0.0,1.4711532387303192,1.065776082360683,1.1921041234794,0,1
RXFP1,0.0,2.019595139320125,2.1822923781635857,2.0918134627493816,1,0
IGLV1-50,0.0,1.7563513053323982,1.4824362091012855,1.7170602549849752,0,1
LINC01615,0.0,2.0595768901060594,2.4309568224589158,1.9527903402911166,1,2
OOEP,0.0,1.152000536128858,1.1039203307428012,1.1658886115806182,2,1
PRRT4,0.0,1.5760717389729864,2.028588960557696,1.6249237313616125,1,0
GATA5,0.0,1.3119234325218743,1.0503347929779379,1.2933130825056962,0,1
GREM1,0.0,7.607697931203811,7.864281048946284,7.660573290078283,1,0
ELAPOR1,0.0,7.825002959726733,8.201625303263002,7.98186314587236,1,0
ITPRID1,0.0,1.7222755669151757,1.5039072171235994,1.8978476105321582,2,1
PCSK2,0.0,1.1722649545633947,0.8606962383860515,1.4175247611031816,2,1
HOXD4,0.0,1.8248464110387488,2.301023039053431,2.2061593375391957,1,0
FXYD1,0.0,2.1291333755614246,1.5883513258728639,2.1855127487093156,2,1
RIMS4,0.0,1.2440202195322847,1.0939865852798807,1.4038620564273419,2,1
TRBV19,0.0,2.008516786561793,2.19490449360968,2.066374211923024,1,0
FBLL1,0.0,1.8749213621187346,1.8233354984781014,1.7808509902393053,0,2
FOXE3,0.0,1.9745100153082464,1.1543945637767272,1.9642080855141384,0,1
TRBV7-9,0.0,1.8947630535525952,2.2450869284658013,2.025145700738437,1,0
AIDAP2,0.0,2.0385596810645916,2.1275409914932983,2.233553345952522,2,0
LINC00589,0.0,1.7475260862277227,2.830770871821973,1.9394935185406732,1,0
TMED7-TICAM2,0.0,2.086746407823577,2.3076034567889714,2.2072474738783248,1,0
GRIA4,0.0,1.9423996704598008,1.3123192787545381,2.022829656513167,2,1
GLIPR1L2,0.0,2.15495892455324,1.9925471734596671,2.1205439763376366,0,1
CD79A,0.0,4.9163246685619475,4.9489531559617115,5.022868144259655,2,0
DOCK10,0.0,5.325614235826646,5.628970581258226,5.381220213629831,1,0
RASSF10-DT,0.0,2.1592219939514403,0.9983708366587615,2.121595700351181,0,1
SLC25A41,0.0,2.0982082879181165,1.9114531042347596,2.1267113620857594,2,1
ITGAD,0.0,1.6017345160154706,2.2371584965958524,1.826891685032993,1,0
CNTNAP3B,0.0,1.603135130248586,1.9979407623070693,1.868213897088791,1,0
IGHV3OR16-8,0.0,1.658199509430055,1.595837537973629,1.7238268242533112,2,1
RPL27P1,0.0,1.376785118811646,1.2790405330310295,1.2951705033451617,0,1
INTS4P1,0.0,2.0535453205308767,1.8026111689805895,2.2771346022891525,2,1
LINC00494,0.0,1.5822797234642039,1.688701858762117,1.5735846448436088,1,2
POT1-AS1,0.0,1.8881710006861208,1.7973597560593062,1.7503508990371306,0,2
MED12L,0.0,1.889987715244427,1.733614213172556,1.944505597958135,2,1
IGLC6,0.0,1.7497647860494239,1.9176409726399264,1.804575810117936,1,0
RPL21P134,0.0,1.8978129891289608,1.7978041530046185,2.0489091777288393,2,1
CA12,0.0,7.876205556196642,8.102764759146755,8.196911740645195,2,0
ANTXR1,0.0,7.902840582390994,7.799037924868242,7.799939408458049,0,1
RPL21P11,0.0,2.0604395006869867,1.9332146158850019,2.3391966722349666,2,1
GPC5,0.0,1.4967763268640935,0.9712884686377837,1.352224269674965,0,1
CREB3L1,0.0,7.791128695651476,9.041293108040808,7.959850030079481,1,0
ACTG2,0.0,7.553077973575034,7.230501050357767,7.509133571962462,0,1
VCAN,0.0,7.913889074070911,8.009177163403768,7.7886502628594325,1,2
DLX2,0.0,1.4355228776777695,1.3524093177501595,1.7380293086820648,2,1
SLN,0.0,1.5570037307065754,2.38767520683543,1.5123898356781011,1,2
FLG,0.0,1.6380650876130214,1.6208162508233643,1.684960983310566,2,1
MYBPC2,0.0,1.919463637810108,1.995885052828201,2.0734913077075214,2,0
NPIPA3,0.0,1.9483308686275114,1.4320959403057032,2.2597789731764055,2,1
TMEM236,0.0,5.236369463644899,4.1674929705940285,5.03342437938702,0,1
RHBDL2,0.0,5.3581930591422955,5.409955018891813,5.401523062765825,1,0
SPN,0.0,5.349123041425537,5.6499142233233774,5.4537413246500295,1,0
C3AR1,0.0,5.256182744618635,5.854661524926767,5.280054156779124,1,0
FIBIN,0.0,5.364172377909139,5.155872484798111,5.2725804845443704,0,1
IKZF1,0.0,5.23102489763106,5.708689657862084,5.314440848309321,1,0
P2RY12,0.0,1.797773633425451,1.9540464376715432,1.9788533468923495,2,0
DPYSL5,0.0,1.1728416884816382,0.9917915280774007,1.2663716758923722,2,1
NKX2-2,0.0,1.1399521076761205,1.1890795658709616,1.1294806382188076,1,2
NXPH4,0.0,3.6248591272796236,5.318174444764209,3.848950691055658,1,0
TMTC1,0.0,5.131104360716104,5.4614910798808625,5.174614861988011,1,0
MTTP,0.0,3.3011036028627028,2.540872325388345,3.6384709049827886,2,1
ADGRE2,0.0,5.110264001399381,5.6600404330899,5.013590271115772,1,2
FSIP2-AS1,0.0,2.0541972106317297,1.3685502074610023,2.1848554961053575,2,1
NEXMIF,0.0,1.5703414527971782,1.363839674495164,1.773174189987168,2,1
RPL31P61,0.0,1.4471154610921244,1.1185870386634376,1.5068377990023412,2,1
RAET1K,0.0,1.9065527413057346,2.7030924588283156,2.157294838061522,1,0
ARHGEF2-AS1,0.0,1.9189049890894405,1.6213378820088173,2.0341922305835483,2,1
DUSP26,0.0,2.011513954210124,1.7727247017226029,1.9521272730522052,0,1
SIGLEC6,0.0,1.8842972819457469,1.8836517096166858,1.8782248616564252,0,2
GNG13,0.0,1.588305917113147,1.4859927770990793,1.5208263416076342,0,1
MRPL23-AS1,0.0,1.404620095542697,0.9350292416604336,1.648954507004051,2,1
GAS1,0.0,4.539774202391238,5.194164754626088,4.544788448669648,1,0
RPL6P27,0.0,5.093597610784786,5.150159010507457,5.301326160359945,2,0
SLC16A2,0.0,5.110921468433831,5.3643931031986325,5.151855516013708,1,0
FOXJ1,0.0,4.0937368572593815,2.97655321348833,4.284377831800469,2,1
CCR6,0.0,2.0542932764238637,2.0455720363209067,2.1468931962694264,2,1
CCL23,0.0,1.8825164677188246,2.336413984581085,2.0724883334495177,1,0
IGHJ3P,0.0,1.552867069691866,1.5795041619285513,1.5588737761616922,1,0
IGKC,0.0,9.417540690857823,9.67141887960101,9.488783340345304,1,0
NAT16,0.0,1.7365563589655886,0.9899743482580058,1.8030657438950168,2,1
ARMC4,0.0,1.7834259853844312,1.7261830333414816,1.7772026555341438,0,1
LGALS12,0.0,1.5467365086565226,1.702811503384637,1.5975699003278387,1,0
LOC100422687,0.0,1.473925047252239,1.2202624101016408,1.6354328963288938,2,1
KCNK2,0.0,1.4647991552968915,1.8694058365851083,1.6487939636121405,1,0
LOC101928731,0.0,1.0076618317731398,0.9726487508472332,0.9109714564884943,0,2
GRIA3,0.0,1.8172583990621374,1.984331894284239,1.908195457796214,1,0
AFF2,0.0,1.6550627513772387,1.9353517011384895,1.6974504715132204,1,0
RPL10L,0.0,1.9934592041277475,0.9774576528623947,1.9767497992036691,0,1
DMRT3,0.0,1.3675287544780923,1.754459048380774,1.5249794706469522,1,0
SCN4A,0.0,1.9352974800637839,1.398515969204988,1.9300251887276965,0,1
RP1,0.0,1.6102917076683738,1.0443230620241224,1.48947163004426,0,1
MIR3176,0.0,2.0726327086211986,1.7149029997216227,2.0459101795549284,0,1
COL1A2,0.0,10.65446609559359,10.800176651613052,10.48800305505574,1,2
LOC105372441,0.0,1.6174280568373158,1.754136802031301,1.6802573834827312,1,0
SYT4,0.0,1.2683976073123122,0.9277599450985506,1.4084469600296894,2,1
RPL18P9,0.0,2.00564301286074,1.5875500229393806,1.9284630319479692,0,1
CLVS1,0.0,1.7380381861174785,1.6968904355527041,1.81848725699249,2,1
RPL7AP45,0.0,2.0529923551119618,1.969553431706038,2.0452527941934306,0,1
CPB1,0.0,0.9193021595695567,0.7025252011705654,0.7981639244212143,0,1
LINC00570,0.0,1.9307192963583508,1.426025828921152,2.1363948006985134,2,1
MCHR1,0.0,1.7781881351161228,2.5384558313355217,1.7513220484889673,1,2
ZNF550,0.0,5.385261009994533,4.734333528973885,5.415545686199376,2,1
SAMD13,0.0,5.424060217211374,4.683722081459419,5.497767366748977,2,1
C1R,0.0,8.317164767097523,8.360582001822603,8.259967975484507,1,2
MTCO1P12,0.0,7.552263540096276,7.392938724732915,7.498543944940835,0,1
PHGR1,0.0,8.29503073800148,7.52569713561779,8.268536524068276,0,1
FGF5,0.0,1.430167023050912,1.5153980927475794,1.5944959819770983,2,0
LOC107986453,0.0,1.9073758991434007,0.7003007450366704,1.904334811382064,0,1
DNAI3,0.0,1.8771116378644868,2.1431665503548074,1.8553569521081401,1,2
MIR31HG,0.0,1.0059522402086338,1.9797317034981108,1.1521584750240486,1,0
PIPOX,0.0,4.73033913720482,3.5406239139785107,4.513325364305106,0,1
WDFY4,0.0,5.066344333211649,5.406484993922642,5.1001821807144125,1,0
DNAH14,0.0,5.255322968810451,4.28894770985286,5.276710546565372,2,1
CACNA2D2,0.0,4.90075324613451,4.606381569592528,4.859671744806229,0,1
PRF1,0.0,5.1063412031584905,6.114713874249731,5.165322526498174,1,0
LOC283731,0.0,2.03809767833241,1.3254334610084328,2.0018241458594774,0,1
LOC102724323,0.0,1.8015280690165256,2.220077092968496,2.062922815606331,1,0
OR7D2,0.0,1.3855490472924648,1.3231224021236219,1.5161448502476473,2,1
DMRTA1,0.0,1.663205434385278,1.4369238825815278,1.6429330599954515,0,1
ADORA2A-AS1,0.0,1.8222423071046003,1.6269812213205637,1.879229872667096,2,1
ARMC3,0.0,1.2959373078345786,0.9406880381199801,1.5725734161907612,2,1
KCTD19,0.0,1.859542367268977,1.4347482729492929,2.044514434290546,2,1
CEACAM7,0.0,7.629193345221079,6.818227900672626,7.448657040648008,0,1
HMGN5,0.0,5.373951101504528,4.990055193213897,5.4904698984056655,2,1
RASD2,0.0,5.4494756207636135,5.231796152630166,5.467969470125647,2,1
ARMCX2,0.0,5.487362052754381,5.1883494691003325,5.428344436916226,0,1
ZC2HC1A,0.0,5.493967658725681,5.444098358758835,5.507606139113115,2,1
AQP8,0.0,3.9877847485931075,2.434283639297595,3.5783184449221115,0,1
KIRREL2,0.0,1.469119043685549,1.5910783335712515,1.6724527119127313,2,0
CPNE4,0.0,1.3037141463941173,1.9694145940059027,1.459409147995881,1,0
HOXB9,0.0,8.292821692792431,7.106760165207945,8.322647321250006,2,1
TPM2,0.0,8.250191107132109,8.090288974112092,8.379915839239821,2,1
COL17A1,0.0,8.19909607080922,7.230597424528979,8.169343497546373,0,1
HLA-DPA1,0.0,7.933410743832844,8.763421515281559,7.981307368289369,1,0
ST6GAL1,0.0,8.421919105527897,7.513698943039104,8.389037656777617,0,1
THBS2,0.0,7.927174639375627,8.166968458571384,7.789336480258774,1,2
CLDN2,0.0,7.829389936704104,7.498053957447986,7.575770715749822,0,1
CYP2F1,0.0,1.9145342108276826,1.6654408114065624,2.1130548746705706,2,1
LOC105379194,0.0,1.8363125234357531,1.5136334186573455,1.8266424858144763,0,1
AQP12B,0.0,1.7742663294957668,1.2050092307057076,1.7108140306450539,0,1
KCNA2,0.0,1.7150278401612107,1.2948912759459816,1.6961675477257918,0,1
KRT8P17,0.0,1.4862320378795713,1.3664416341276646,1.3526765193006305,0,2
CRHR2,0.0,1.893325407097595,1.4670333777273665,2.0718542856127105,2,1
ADGRB3,0.0,1.5836772452891017,1.7097673785936467,1.5504185278057234,1,2
CA6,0.0,0.9094756974428126,0.6754025017362333,0.9818248040399618,2,1
RAB6D,0.0,2.058701273812691,1.3857888679732822,2.074561911684173,2,1
RSPO1,0.0,1.7319159551717482,1.6565074281547358,1.9241071808534658,2,1
CLECL1,0.0,1.862300183806448,2.221316822148003,1.7742282126068258,1,2
IL22RA2,0.0,1.7173469318123602,1.9745185971869892,1.6384081588502777,1,2
C17orf99,0.0,1.7410962095308489,1.4655772524890174,1.9309412922279703,2,1
FLG-AS1,0.0,1.8091769532916822,1.4863303108764183,1.8681487404982344,2,1
IGHV3OR16-9,0.0,1.445701784182211,1.5245706025607881,1.4479675001268921,1,0
LINC02188,0.0,1.2612071078939808,0.8613838953460308,1.3046566707224083,2,1
ABCA9-AS1,0.0,1.4694732877770609,0.7697834923505625,1.5172862924538812,2,1
HYDIN,0.0,1.4019181151782756,1.1594442238981977,1.7883518821949018,2,1
PLAAT1,0.0,1.124286386330366,2.1844987663429825,1.3724082916520022,1,0
VLDLR-AS1,0.0,1.9287561274649443,1.507422852112773,1.9259843404988868,0,1
RGS20,0.0,1.5562236262022493,1.6502480833143185,1.6752519263494319,2,0
SIGLEC11,0.0,1.8295874218578903,2.246877111208605,1.839728114208516,1,0
NTNG1,0.0,1.3898972079772651,1.1309794146465602,1.381733755280599,0,1
FAM72C,0.0,1.6869640315153374,2.489049540167361,1.6790317640710268,1,2
TAGLN3,0.0,1.3838009307067611,1.5261192128506453,1.6033636521455141,2,0
MMP19,0.0,5.388888521198478,5.608899645832686,5.419629239602149,1,0
GOLGA8B,0.0,5.248353275842096,5.131414579098811,5.549484406869335,2,1
DNAJC12,0.0,4.958455138864759,5.270177237972022,5.170880595586642,1,0
XKRX,0.0,5.266256738803195,4.717164475892269,5.286144948861366,2,1
SEMA6D,0.0,5.236932933466333,4.486605294598805,5.036194122961117,0,1
IGFBP7-AS1,0.0,1.5292479778051864,1.2773254224226707,1.5062847507352748,0,1
KCNG3,0.0,1.7362924655005552,1.4173139613210308,1.736128577475179,0,1
MMP20,0.0,1.541144703411902,0.5341754150341277,1.5388798885094617,0,1
UPK3BL1,0.0,1.3952860352277239,1.2805191202952326,1.7510449420873748,2,1
MTCO2P2,0.0,1.8784302156967214,1.5448917323515536,1.937975464444271,2,1
PNLIPRP1,0.0,1.8960989898087695,1.1485312663148686,1.933362298620794,2,1
CLEC4D,0.0,1.2715827553942183,2.213735071052461,1.3322108643842834,1,0
SLC30A3,0.0,1.6031372567370834,1.559896790268036,1.9710832106952692,2,1
TPSP2,0.0,1.3004667783977792,1.0694411312009917,1.6336044668314844,2,1
SYT3,0.0,1.7116829732047252,1.5962320546065438,1.7450700688893568,2,1
TEX101,0.0,1.2226901934961005,1.7907319358646707,1.3341178076899256,1,0
FAM87A,0.0,1.8820672390868507,1.7356016895408672,1.788770341468453,0,1
TRGV5,0.0,1.6935671093040452,2.169882327196939,1.7431908311392978,1,0
ZNF208,0.0,1.8099441868440265,1.7008779878125921,1.9440161330402792,2,1
CLLU1-AS1,0.0,1.5027497360672024,1.1729991243412352,1.248629036824861,0,1
ZNF559-ZNF177,0.0,1.8541163396749685,1.7143292501447691,2.051487664489937,2,1
TSHR,0.0,1.5871303267603394,1.671594268630189,1.5907342112912655,1,0
KCNS1,0.0,1.7076822102689138,1.4241040558344407,1.7050658747470895,0,1
RGS7,0.0,1.2174445874086344,1.3263037634850676,1.420303807883174,2,0
C8orf48,0.0,1.9153154397838434,1.9762647506991733,1.9969836384753086,2,0
VAX2,0.0,1.582492332474559,2.0387437580361127,1.7721179537534344,1,0
LINC01561,0.0,1.6612751788835074,1.919771469798873,1.6636975772390006,1,0
FTCD,0.0,1.4013673038931067,1.0586828456350472,1.4371676277245262,2,1
LINC01750,0.0,1.6617174892075706,2.324402323012262,1.5440326296601392,1,2
LINC01101,0.0,1.730371821935284,1.1011983144881279,1.786198726545213,2,1
CD300LG,0.0,1.0249416718946949,0.8915251003344399,0.9498854160294319,0,1
CLMAT3,0.0,1.2873854927831776,1.18529182298865,1.2513189017235469,0,1
DRD5,0.0,0.8795216742370487,1.0104389753639729,0.9063184127783785,1,0
MYOT,0.0,1.5207851835198232,1.387249787578813,1.4913174590464602,0,1
MIR200B,0.0,1.9024489343048376,1.2015767314824395,2.0479093939724935,2,1
CCAT2,0.0,1.4640973920460707,0.5811795014476712,1.3927827527406942,0,1
TCF23,0.0,1.218211791156376,1.0680229147431237,1.3538505976476207,2,1
RPL23AP49,0.0,1.9021892172253096,1.708172249446043,2.0448367050761926,2,1
PRAMENP,0.0,1.1095242818237696,1.3331865750044192,1.1401984946150687,1,0
PARP4P2,0.0,1.927501374435434,1.6655738083775085,1.8294241965255413,0,1
LOC101927354,0.0,1.657249199683,1.8208701969340362,1.8278470509135412,2,0
LINC00336,0.0,1.9342211841274557,1.5385822776820202,1.9115934593337929,0,1
MAPK15,0.0,5.05941154534023,4.598207475710604,5.329795479147303,2,1
PIWIL1,0.0,3.962266449922293,4.87723375392481,3.7519601083952887,1,2
PLN,0.0,4.673791300031125,4.768009523340456,4.75127289359543,1,0
CPA3,0.0,4.98776179918809,4.881197997598513,4.855996326081223,0,2
ALG10B,0.0,5.3051335737534675,4.730496786058336,5.414431329865173,2,1
CYP1B1,0.0,4.343812094491457,4.9630435700203,4.488496581218028,1,0
CCDC170,0.0,5.339398736720089,4.1342684883251755,5.1751606024471615,0,1
GFPT2,0.0,4.915163989660413,5.3699116032810865,4.793359818670016,1,2
LOC100419928,0.0,1.4884122333956504,1.0316019372681016,1.7114555081841152,2,1
TMEM213,0.0,0.9670305795835759,0.9925070548142781,1.2051962805257783,2,0
QRFPR,0.0,0.992380384551765,0.7738195114488868,0.958695892391498,0,1
VEGFD,0.0,1.58904490740407,1.5232740817177046,1.817233573362314,2,1
MIR3150BHG,0.0,1.6956237490657016,1.2262726138991547,1.7447507783748533,2,1
TFPI2,0.0,3.889960846739803,3.6598362935407454,3.705231858389145,0,1
TNFAIP8L3,0.0,4.508684866678227,4.046715321692424,4.446216288755428,0,1
NXPH3,0.0,4.227107995302412,3.5373449503579657,4.339164721646253,2,1
NKX2-3,0.0,4.651748276753096,3.86941688315963,4.566296114816679,0,1
ZNF304,0.0,4.349344855629761,4.619907151849554,4.211601146169478,1,2
KCNJ3,0.0,3.3457565513847776,4.532255405347048,3.690858362929571,1,0
IRAG2,0.0,4.231953278609448,4.569955618630429,4.341582390895944,1,0
TBX10,0.0,4.242705096033595,2.637558751423377,4.066680377245148,0,1
CRISPLD1,0.0,4.356907986587212,3.990208555789751,4.30614154353323,0,1
ETNK2,0.0,4.497962263072247,3.8327627516403298,4.4679805681149976,0,1
ILDR2,0.0,4.417935849267802,4.204669380065463,4.4291093197154865,2,1
ZFHX4-AS1,0.0,0.9629995890291835,0.9139913167013222,1.0670782800303344,2,1
TRIM63,0.0,1.022493038082943,0.5515982216077486,1.0925725107214255,2,1
EVX2,0.0,1.039016485005875,0.4263699930320283,1.2643142473173183,2,1
ACSM5,0.0,1.5743856825872835,1.6233532377067978,1.715605522818672,2,0
PDZD3,0.0,5.388763960530429,4.20482620889479,5.530974756721619,2,1
CARD6,0.0,5.316049385298322,5.511007645507866,5.407516659868035,1,0
BOC,0.0,5.211713133633816,5.016852752767356,5.26273523465773,2,1
SCTR,0.0,1.6643154294185027,1.2875064937332106,1.8289835883061423,2,1
KRT1,0.0,1.49871012067756,1.3465091927814725,1.4579726206808432,0,1
LILRA4,0.0,1.6321396359584908,1.9376266718042099,1.7179282584648092,1,0
SLC9A4,0.0,1.3202660936272599,1.3791131856480323,1.4087685146098192,2,0
TRBV6-5,0.0,1.727689523586866,2.1573063514016537,1.6645689333753009,1,2
GCSAML,0.0,1.7441827040092852,1.8408475134716666,1.740042343107077,1,2
IGHV3-62,0.0,1.5054759359381948,1.3107082860710544,1.3655686441001007,0,1
DNASE2B,0.0,1.9700450572656616,1.561983245732332,2.0423330226069893,2,1
PADI4,0.0,1.5725424642131784,1.874077949901663,1.63913366356392,1,0
RPL21P53,0.0,1.7532474385371588,1.5508084885881193,2.184209968754673,2,1
RPL21P37,0.0,1.8586074335455356,1.7971111458257152,2.1578866295925385,2,1
SERTM2,0.0,1.382200913014498,1.5000072587803222,1.3076152468016862,1,2
TRPM8,0.0,1.2979947135676806,1.1897855905205297,1.5591788510163775,2,1
CSTL1,0.0,1.6313384429029607,1.1205331542699042,1.8563911461506213,2,1
LINC00939,0.0,1.0999172620118078,1.9199701368353919,1.282946309190481,1,0
REG3A,0.0,5.273775665102202,6.2895710490422845,4.965859025563761,1,2
MYL9,0.0,8.480856180199643,8.231572569595592,8.400974213461051,0,1
DCN,0.0,8.385370074156771,8.398881601211343,8.303282142772712,1,2
C1S,0.0,8.473294820903792,8.473618570303993,8.424264674057554,1,2
IGHG3,0.0,7.411964527748965,8.047400676276036,7.603348284779387,1,0
LAPTM4B,0.0,8.69334939340969,7.608562209289994,8.807246206873764,2,1
POSTN,0.0,8.08442775757468,8.65345361176495,7.995387057206447,1,2
TIMP2,0.0,8.608632075961795,8.652061302731218,8.536370934764733,1,2
EPHB3,0.0,8.632950587614639,8.38059599602984,8.613090530805275,0,1
ATP10B,0.0,8.849420031778951,7.81433083478165,8.80563960735738,0,1
COL5A2,0.0,8.480905731270607,8.638986024536598,8.348225506604765,1,2
CDIPTOSP,0.0,1.6810078006477234,1.369283561828188,1.8550952854154004,2,1
ZNF280A,0.0,1.5290326417857902,0.8845934589279879,1.515553866364933,0,1
BEX4,0.0,5.304474234380606,4.9822631039063525,5.163244762369149,0,1
ZNF331,0.0,5.2236282318476635,5.2333739808738935,5.278576597585919,2,0
PCDHA11,0.0,0.9259172803359513,1.1592853068073723,0.9566203653927129,1,0
ANGPTL7,0.0,1.1717291783400035,0.9906038314283606,1.1514845649954821,0,1
GPRC6A,0.0,1.023121950677476,1.1052496845384707,1.2109233525945784,2,0
WNT16,0.0,1.4908395118441538,1.400924332996275,1.5207018511292676,2,1
ITIH6,0.0,1.3995269150132896,1.5835069821413141,1.25632354661341,1,2
LINC01801,0.0,1.7376285687536506,1.8309127592047805,1.9389019963943788,2,0
RETN,0.0,1.4049449045827467,1.906163812955561,1.4603337106619618,1,0
FAM163B,0.0,1.7196037831068125,1.1469317051525034,1.6626059109543103,0,1
ARSH,0.0,1.8051825424029557,1.8614798667140693,1.751119788155336,1,2
RPE65,0.0,0.9248173133979314,1.2075014728492988,0.9300890026920984,1,0
SPATA46,0.0,1.5872624888988558,1.5680182847004573,1.6393479957977894,2,1
SYCP2L,0.0,1.6752743490661135,1.4637310177979928,1.7357565159919615,2,1
C10orf67,0.0,1.6956158232105423,0.6879042600903754,1.6295941710948745,0,1
CROCC2,0.0,1.3680113604355648,1.2980568343389387,1.5673092381284586,2,1
LMX1A,0.0,1.0343383056465953,0.33292067782527557,1.1006061420778328,2,1
FAM43B,0.0,1.6410210900314932,1.5863943285298998,1.5899420342663044,0,1
IL5RA,0.0,1.6140047174002896,1.6707307093429131,1.6692091048401938,1,0
FRRS1L,0.0,1.4988877277904915,0.8817811937574943,1.574048342053233,2,1
ADAM20P3,0.0,1.5851894347923277,0.8316142661537398,1.5686867483223599,0,1
LCT,0.0,1.3915709524561826,1.6889894820143005,1.4746342791942333,1,0
FSTL5,0.0,0.9348449612525093,0.43408328078951147,0.8881273220061427,0,1
CD8B2,0.0,1.5035348950983731,1.5448517464791998,1.554142709829011,2,0
GRIN2A,0.0,1.409057625625032,1.091333163485365,1.4946836731251543,2,1
POU3F3,0.0,1.1195652994786691,0.9207554212695604,1.3751329800103707,2,1
LINC02254,0.0,1.1597449394317765,1.2112811376123065,1.2504194723579287,2,0
SCN11A,0.0,1.678220727106267,1.5300135430480957,1.8947089942907231,2,1
COL6A5,0.0,1.2434907610501185,1.7103064436182622,1.3011039391783847,1,0
SPATC1,0.0,1.733583687332543,1.9291941742648653,1.7240005858794214,1,2
ADAM28,0.0,5.0374167260267,5.764511861091031,5.308548774039147,1,0
RHOV,0.0,5.103118000315789,5.812002933880836,5.180058353750134,1,0
LVRN,0.0,1.4805941699816645,1.964796757281107,1.6702475982725968,1,0
LINC01857,0.0,1.527815226276292,1.8289724579490754,1.6238491694944024,1,0
LINC01913,0.0,0.6078231591623497,1.7535145143735469,0.6941540604678653,1,0
IL36RN,0.0,1.1610857235771688,0.8270667529367349,1.203338919609602,2,1
ADGRF2,0.0,1.3749960353196133,0.8507310553512971,1.427109470080097,2,1
F2RL2,0.0,5.300797235646425,4.500445458472229,5.130937729226192,0,1
TRIL,0.0,5.183751912787745,4.949665214258633,5.0354907394306,0,1
MIR646HG,0.0,1.2633695086662615,1.4200493205919322,1.3524288000322953,1,0
LOC100131315,0.0,1.5625093462152198,1.6049327948882994,1.6827393855192327,2,0
SLC7A14,0.0,1.0740671851862749,0.8192934844442129,1.35155277837506,2,1
CEBPE,0.0,1.5634590717576922,1.6552257099501166,1.5577168409429734,1,2
PCDH8,0.0,1.216877346941113,0.9864736106329348,1.2925050069131712,2,1
FPGT-TNNI3K,0.0,1.5806987246233049,1.4758748989274673,1.7061244957709123,2,1
CLEC4G,0.0,1.41519167524943,1.837105341737943,1.49249100021019,1,0
CMA1,0.0,1.226482377958557,1.2954857102136281,1.1821435385724364,1,2
CDK15,0.0,1.6674117006225058,1.648479760521909,1.7062979347594904,2,1
LOC102724153,0.0,1.4114741853918267,1.3518755457922713,1.5446870080510582,2,1
WT1-AS,0.0,0.9311768544453034,0.8413586925317805,1.2489093213110178,2,1
CALHM3,0.0,1.2355067914794968,1.4480821615703916,1.3242363104135686,1,0
TRBV30,0.0,1.4677974760338754,1.7654071111866994,1.397466496016645,1,2
FEV,0.0,1.0402870148725305,1.039237181499852,1.256683382955165,2,1
RPL34P5,0.0,1.261724988027338,1.300708992205905,1.3530594859732339,2,0
TEX19,0.0,1.296085793319895,1.4276674950169674,1.4146481596070202,1,0
LINC02544,0.0,1.3540610993697022,1.2980861170271643,1.394988988312155,2,1
PGLYRP4,0.0,1.4417757883120537,1.3324801988791166,1.3659036468020396,0,1
SPINK2,0.0,1.5061529324913316,1.5022208482375747,1.6963984363202618,2,1
LINC02057,0.0,1.6777894044325274,1.1090674992421865,1.6972776124700628,2,1
LINC02731,0.0,1.7933336853875221,1.5939484442462561,1.8383243454929328,2,1
NBPF6,0.0,1.3425115063503674,0.6732607354652461,1.3968341691786612,2,1
LOC100505715,0.0,1.8823853536244908,1.3376875239101227,1.9941411500037058,2,1
LOC101929574,0.0,1.760372810520865,1.7634110024463021,1.7869895953357553,2,0
RPL36P12,0.0,1.2537699258313841,1.2656367329090406,1.3617407238611463,2,0
CHGB,0.0,3.3704804269817963,2.6144191931143816,3.5408888308942488,2,1
PAEP,0.0,1.7153324988965999,2.4203698759830066,1.5479312784847916,1,2
CCR1,0.0,5.198409747208909,5.603766060653965,5.180553242750581,1,2
CBFA2T3,0.0,4.74993758828624,5.625536530237475,4.734718093417653,1,2
ADGRG7,0.0,4.647587813652346,4.625786662117752,4.645432101276448,0,1
LINC01840,0.0,1.507330673769353,1.2922369377540754,1.3621831414016141,0,1
WASIR2,0.0,1.5547668439386957,2.1961934999680883,1.4507422762603979,1,2
CALY,0.0,1.4963958753839233,1.2567140968029096,1.641095674631928,2,1
C2orf66,0.0,1.5257808485859365,1.9164258946022243,1.7076015696391165,1,0
BEND4,0.0,1.4831395947121342,1.6461679508333888,1.561141547540129,1,0
CADM2,0.0,1.1337926696326934,0.9678562730261264,1.4571187411171527,2,1
PCDHGA3,0.0,1.7120528291932262,1.6930047802642167,1.8033254277273805,2,1
LINC01648,0.0,1.4817077380679442,1.3564119215979769,1.3708295288404455,0,1
MIR186,0.0,1.515535059228698,1.3671797987618937,1.615596424244331,2,1
IGHV1OR21-1,0.0,1.3560463782653396,1.3847414499528117,1.2702961465763738,1,2
SERPINA11,0.0,0.9875398731518645,0.8856399555599658,0.912728380336846,0,1
TAGLN,0.0,8.542641058157399,8.513214837966993,8.57791180766258,2,1
PLA2G2A,0.0,7.425960590193067,8.84920661458904,7.507281756670241,1,0
GPA33,0.0,8.860644775602752,8.271477638121826,8.892413518268706,2,1
AEBP1,0.0,8.629076487348899,8.634271679988208,8.543705127506788,1,2
RN7SL2,0.0,6.549038512944847,6.7816415376671575,6.443191658593544,1,2
TUFMP1,0.0,1.3761442731559659,1.318341973527917,1.416370958455023,2,1
KLHL38,0.0,1.6444736099442454,1.633418813552739,1.7696465933112318,2,1
KCNJ16,0.0,1.2984701758081083,1.01693562184386,1.3628149433119894,2,1
CDH8,0.0,1.725740964042437,1.1352415368627575,1.8164845769060056,2,1
FBXO39,0.0,1.4847384727428201,2.2587713835015877,1.5064967402286766,1,0
TRAV19,0.0,1.5696710500440123,2.130523461695822,1.6503702779981775,1,0
ENAM,0.0,1.4389431945918054,1.172009717487252,1.4884511649565881,2,1
MMP23A,0.0,1.3388491369815674,1.0951746176369381,1.395027286563151,2,1
IGHV4-30-2,0.0,4.295661978572852,4.651568294344668,4.257731145551992,1,2
MSX1,0.0,5.1886423507816195,5.0356870809916225,5.2556221726714485,2,1
PILRB,0.0,5.306187009992949,4.840239403041458,5.469991907545734,2,1
MGAT3-AS1,0.0,1.6854750157154663,1.7116890614401161,1.623313425844359,1,2
XKR4,0.0,1.2471454281950156,1.2141690369620124,1.3996029399683811,2,1
TNR,0.0,1.5460548340790858,1.4571079603933126,1.5562679249927542,2,1
SLCO1B1,0.0,1.0003199060577963,1.0457667065619642,1.209760083098028,2,0
LINC01239,0.0,0.8616913505878756,0.6773811153190288,1.0081709927154803,2,1
LINC00605,0.0,1.5692540488734814,1.4755159947179013,1.4296335816703014,0,2
MEIS1,0.0,5.274998519336714,5.202682868853266,5.310967971347054,2,1
MAN1C1,0.0,5.341897178354506,5.139712624440535,5.344445368838964,2,1
MS4A8,0.0,4.820384172797547,5.3395053454799015,5.09878632942941,1,0
GLT8D2,0.0,5.337145836037144,5.251450821632646,5.275610452187195,0,1
APOBEC4,0.0,1.5235182283086894,1.3858377333563912,1.531508126347959,2,1
IGHM,0.0,7.726354940223096,7.8717644429821245,7.870230158956804,1,0
IGHG4,0.0,7.4198470435718,7.76614775751099,7.482106572151636,1,0
EGR1,0.0,8.537200774675036,8.231207691823622,8.683813473760557,2,1
FAM3D,0.0,8.680975936595171,7.989323584404322,8.700430904399369,2,1
SULF1,0.0,8.379300114487569,8.651707223222633,8.33216194533358,1,2
USP41,0.0,1.5074045691499303,1.162756169149539,1.3280829735062007,0,1
CASQ1,0.0,1.701006782103645,1.3381424287023675,1.69589334409235,0,1
VWC2,0.0,1.5543896584667323,0.8228752661101529,1.4179267930457156,0,1
LINC01711,0.0,1.7363014155951182,1.3698956094369568,1.6126294145903404,0,1
GNAS-AS1,0.0,1.4124825053291261,0.988783520038896,1.498260882019495,2,1
RANBP3L,0.0,1.3502228480119909,1.4491610595521676,1.6248548765585091,2,0
CHRFAM7A,0.0,1.3095003019869964,2.3793293202830124,1.4116824107622614,1,0
ATCAY,0.0,1.3055482902741566,1.1214206844179615,1.4565201053343393,2,1
H4C12,0.0,1.4255547703004119,1.1134851915176929,1.4272727756539587,2,1
MTCO3P22,0.0,1.2342307512300041,1.0272751120226435,1.5138790960882416,2,1
DEUP1,0.0,1.2775617747976187,1.1092826711994048,1.3296617084119693,2,1
LOC100419170,0.0,1.1889347642364319,1.910326454633078,1.396211544392586,1,0
LINC02525,0.0,0.9811808322515668,0.37419267538305684,0.9679503725067102,0,1
INSYN2B,0.0,1.244246909641917,1.3405677843365726,1.090502529479358,1,2
CTNND2,0.0,1.605075647724486,1.1573262161470346,1.6440450481359827,2,1
LGI3,0.0,1.4221483083959414,1.073838532202451,1.5638201566213004,2,1
LOC101929331,0.0,1.563985787009526,1.8904256781034643,1.6676629081752614,1,0
SSTR3,0.0,1.4023555776481027,1.8211014334654783,1.4559636951278954,1,0
PCDH10,0.0,1.2923795557182314,1.2721607626994393,1.4485906471428178,2,1
ASTN1,0.0,1.134909887380453,0.8879463867505755,1.2246410460858845,2,1
CERS1,0.0,1.447784809579453,1.3640764551085858,1.5049869602494104,2,1
BNIP3P17,0.0,1.447604629734375,1.1079829602451339,1.6007116659308678,2,1
FRGCA,0.0,1.5835494971395896,1.1117834519889975,1.5188596570198656,0,1
ENTHD1,0.0,1.4736581509731648,1.4726702571157184,1.4289175423956395,0,2
RAD17P1,0.0,1.3295995696232505,1.972950541904614,1.6812472356991524,1,0
LRRTM4,0.0,1.126406927021812,0.8543178324348301,1.2579334952298658,2,1
IGHV3-25,0.0,1.229557573150795,1.114298285196846,1.1859399111252809,0,1
KCNE1,0.0,1.3155004530175642,1.9058369852934511,1.3953121981673557,1,0
TRBV4-2,0.0,1.4490268365070502,1.7619409249922782,1.5976988977819695,1,0
IGHV7-56,0.0,1.2546176191076537,1.2313201103994083,1.2605133487708176,2,1
CBLN4,0.0,0.9746347459838935,0.83664963598039,1.1525417842126142,2,1
HS6ST3,0.0,1.0627200617567778,0.9609428982617331,1.2161823618678662,2,1
CCDC33,0.0,1.363056024924635,1.125926974173185,1.6872352327080193,2,1
NEFM,0.0,1.3559573057943808,1.4531007286567332,1.405284243566044,1,0
PAX2,0.0,0.9840467802889475,1.2297284645537139,1.2792768494033409,2,0
ALDH1L1-AS2,0.0,1.08316043951338,1.6043688698368,1.1091593353289941,1,0
MORN5,0.0,0.9697386283759684,0.7754136919718454,0.9705089826868621,2,1
ARHGEF26-AS1,0.0,1.3153970890230462,1.076133330949501,1.353699553641848,2,1
LOC102725191,0.0,1.3598188501800632,1.2782049239551017,1.724744587112654,2,1
CLEC18B,0.0,1.5290261413006951,1.7563645931861138,1.6811661180401691,1,0
NOG,0.0,1.4437790901225176,1.3320910844662825,1.5247621400103348,2,1
VSTM2A,0.0,1.25358085705406,0.8736226830954661,1.3317592667785472,2,1
TARDBPP2,0.0,1.457882197722944,0.7026574267330956,1.6813862332531095,2,1
LINC01564,0.0,1.4130037426422297,0.6895101143818203,1.4945437604212342,2,1
LGALS7,0.0,1.2718264840483988,1.577297886720376,1.388255824746235,1,0
CYP11A1,0.0,1.5472178615652954,1.4458411345384594,1.759323921595112,2,1
HES7,0.0,1.1398056261107348,1.729963867889701,1.4180271440251881,1,0
EXTL1,0.0,1.6321300716829337,1.60657167777762,1.7241660288296368,2,1
IGSF11,0.0,1.3013822048396022,1.3011038970531252,1.4758759980429648,2,1
GCM1,0.0,1.2854572945216716,0.704673496063934,1.2303399361936374,0,1
DBET,0.0,1.0850155278681743,0.862110488347644,1.1377661954015965,2,1
CACHD1,0.0,5.423252451874473,5.159382573001198,5.457891114592579,2,1
METTL27,0.0,5.326748381337585,5.268751045690268,5.287541135302282,0,1
GAL3ST2,0.0,5.4228687171502195,4.740107523293607,5.280625110996623,0,1
FAM131B,0.0,5.131838639958053,4.515733649885137,4.804800629003261,0,1
ZSCAN18,0.0,5.383955723724087,4.604168555532473,5.178312561298263,0,1
HSD11B1-AS1,0.0,1.6430481170327866,1.3624220976388497,1.6194093438710349,0,1
HAPLN2,0.0,1.4250837781651573,1.4721891231430182,1.5353043098047892,2,0
RBP3,0.0,0.8195262393989563,2.037204218270659,0.8737625254661969,1,0
PCDHA3,0.0,1.5118809263265813,1.4728241272131866,1.6083495681103033,2,1
ZFP57,0.0,1.2028995590672633,1.1670513815707217,0.8962531632277585,0,2
NFIA-AS2,0.0,1.3479309901531298,0.9550035332801216,1.3956973003591497,2,1
MSTN,0.0,1.4597597217711178,1.6476221500682455,1.7049347869566542,2,0
HRNR,0.0,1.2198991842365057,0.9745989665716344,1.3153866941019987,2,1
RORA,0.0,5.220167422626491,5.105445212822751,5.256792163688881,2,1
TP53AIP1,0.0,1.2997938081566047,2.1572931665285475,1.6203951119592928,1,0
TGFB2-AS1,0.0,1.4470352449785004,1.3678815775231121,1.4042615140463595,0,1
CTAGE8,0.0,1.4495293642111946,1.4574580199259215,1.4610885197349122,2,0
TRAV12-3,0.0,1.4389281843863202,1.9868701712176076,1.4604116051965539,1,0
TMEM132D,0.0,1.4684840376447168,0.9692872476688827,1.4018496602240826,0,1
LRRIQ1,0.0,1.2100058743179727,0.7583667380592898,1.2239880788094073,2,1
GBP6,0.0,1.0135465009419415,1.7460262642167192,1.0653268710748536,1,0
F11,0.0,1.0555533679486908,0.5720298782317793,1.0540609755334418,0,1
AQP12A,0.0,1.5011243206824325,1.0122249591329273,1.5475410772391205,2,1
HPR,0.0,0.6814059099528424,1.0835128900084865,0.9112978680364882,1,0
DIRAS2,0.0,1.2549079517729431,0.8882589645626755,1.4639087327023101,2,1
RIPPLY1,0.0,1.5004583064185961,1.8912532638486972,1.484755159774241,1,2
MUSK,0.0,1.35812757478892,1.089449807842403,1.2908116925566673,0,1
CNGB3,0.0,1.1335224493368246,1.1085717217903073,1.417651643125893,2,1
RGS22,0.0,1.2718986330405984,1.2962480239563459,1.620274954692997,2,0
CSMD1,0.0,1.1489200868595701,1.0998757071210021,1.407931128601846,2,1
LINC01638,0.0,1.3987507663831298,1.2956408885181425,1.456625431986579,2,1
PHF24,0.0,1.3906471245567003,1.5455392711666451,1.40322588160561,1,0
TRAV21,0.0,1.3987935641028937,1.6504588434646883,1.4493190085481935,1,0
TRAV30,0.0,1.405806783740491,0.8266903876273031,1.4160148343994656,2,1
GDF5,0.0,1.2508739436203506,1.0944489014802614,1.3324957427343358,2,1
KLK2,0.0,1.1688823072860504,1.1241200063581918,1.297806965953661,2,1
CTAGE15,0.0,1.4099782675472536,1.4046464076956984,1.2481204571520406,0,2
SERPINA3,0.0,0.988053642123513,1.6074268952362245,0.9842283038311035,1,2
LOC101927189,0.0,1.1241895973078826,1.1776926652298252,1.1490493923533054,1,0
TRAV3,0.0,1.3211844295303268,1.7479113810621758,1.394627860472903,1,0
LINC00658,0.0,1.2140869093333337,0.3088887534619607,1.0994335272241746,0,1
MTCO2P12,0.0,4.699127430706079,4.355479524671285,4.842217095516231,2,1
ADAMTS15,0.0,4.798915109800107,5.245769644005888,4.85011586428791,1,0
SLC13A2,0.0,4.844282065495961,2.57749540223547,4.573086987874605,0,1
FABP3,0.0,4.924808835073858,4.474128995294841,4.9072141655382975,0,1
IGHG2,0.0,8.040791656751106,8.022114615203787,8.212074692014177,2,1
THBS1,0.0,8.92778629596016,8.88576430870449,8.954526661755283,2,1
MMP2,0.0,8.843104575632664,8.895399521922062,8.711622722676212,1,2
BGN,0.0,8.843102321708901,8.991705179590664,8.767121368886865,1,2
LUM,0.0,8.820927204783601,8.855040125677117,8.745660212766628,1,2
MYO16-AS1,0.0,0.810631407532755,1.0163918585583074,1.0026823809560121,1,0
COL5A1,0.0,8.92254393492375,8.996514563534607,8.795546108185015,1,2
SELENBP1,0.0,9.015227519373646,7.926094640112885,8.926671914138206,0,1
IGFBP5,0.0,8.902011157244827,8.929410767099402,8.78209312653893,1,2
DMBT1,0.0,7.810543787943219,8.149323466900835,7.502191845246842,1,2
LRRC74A,0.0,1.41963556887781,0.7638156308078498,1.4786685005548066,2,1
LINC00244,0.0,1.4181053781353368,0.7415459740795379,1.5439884378513018,2,1
IGLV5-48,0.0,1.0802480060603588,1.2468226585163504,0.9110600021259075,1,2
LHX5,0.0,1.2861418452292275,0.595136231843145,1.3050275883345117,2,1
PCDH20,0.0,1.3786755299568811,0.471352105009456,1.520148303907842,2,1
PPIAP39,0.0,1.617805790888745,1.2157781360836515,1.638360122679593,2,1
LOC112267871,0.0,1.342539188363305,1.4393894202862216,1.4460220581340915,2,0
LINC02023,0.0,1.1527244062632698,0.7969773341467106,1.0730458656756272,0,1
LEMD1-AS1,0.0,1.28991176477053,1.2101454234791158,1.4299542050608585,2,1
LRRC52-AS1,0.0,1.0133022180560263,0.2794358586928444,1.2306076413783598,2,1
LOC100422562,0.0,1.0699629702694806,0.8820453410404563,1.0970122607820492,2,1
IFNG-AS1,0.0,1.137182563318001,1.2678134689309797,1.0404636494038242,1,2
FAM135B,0.0,1.1888919849015027,1.0432513795580596,1.1823986789305554,0,1
HTR3E,0.0,1.1792953361965557,0.7864504469805801,1.143964457861103,0,1
FBN3,0.0,0.9649773739237145,1.0972498847360475,1.0787448878662653,1,0
KRTAP5-4,0.0,1.492687497174907,0.9147193503832832,1.5275729381220429,2,1
SCARA3,0.0,5.384884234383189,5.19157833520943,5.4181755158474205,2,1
CD5,0.0,5.286197362297243,5.304778514824496,5.45415056153756,2,0
SGCD,0.0,5.184185454516664,4.996651308173805,5.13206436409247,0,1
RERGL,0.0,1.0743568261513972,1.0735624094547906,1.192558932261853,2,1
HSPG2,0.0,8.965694254076288,8.92883528647412,8.915047598139632,0,2
MYH11,0.0,8.124486620774494,7.528074907364848,8.088103974915745,0,1
ESM1,0.0,5.462947013963612,5.228752466818273,5.50631452412825,2,1
GRAMD2A,0.0,5.341416667717406,5.1280039253410274,5.46519872579802,2,1
NRXN3,0.0,5.029116714796744,3.967433732653115,4.854328016416052,0,1
RGPD2,0.0,1.1703607087401988,1.2693045306631074,1.1260257057835263,1,2
GRIA1,0.0,1.1927026769078517,1.0320585140470682,1.280786616677286,2,1
LINC01121,0.0,1.1553493924346427,0.8729830412115339,1.3983065742390615,2,1
SLC6A3,0.0,1.1679047251315633,0.8996704198914345,1.1538941079951899,0,1
HFM1,0.0,1.2715780753383745,1.1176391636966692,1.5098802982996753,2,1
ANO3,0.0,1.0283963218455028,0.8106174097981024,0.99141587220498,0,1
LINC00968,0.0,1.2612832804096128,1.6403912621783345,1.2947414622628617,1,0
SLC27A6,0.0,1.2780837881140317,0.703704151311668,1.3603713611202346,2,1
LOC284798,0.0,1.0465871257769688,0.12079617696632132,0.9740038182424475,0,1
CPA5,0.0,1.1159420907258617,0.8799968331315542,1.1480903242305347,2,1
IGLV4-3,0.0,1.079801838476118,1.0971748633344318,1.1008691632922396,2,0
DENND5B-AS1,0.0,1.2724112753377936,1.1464160489801958,1.352853837501224,2,1
NCR1,0.0,1.150296363482785,2.262904421665037,1.229046483901357,1,0
LINC01535,0.0,1.1060789228678376,0.9197056585393925,1.32436620108558,2,1
SLX1A-SULT1A3,0.0,1.5418351853364176,1.272882231817228,1.5120271382732258,0,1
SAA4,0.0,0.9635681546444931,1.1825276813154442,1.0146313598552854,1,0
LINC01213,0.0,1.3380810762065811,0.3526695827101765,1.3142854637852954,0,1
UNC5D,0.0,1.264389901299733,0.9440949429074762,1.3885172549941653,2,1
KIAA0087,0.0,1.075075924451022,0.9857840737099637,0.9770907585328392,0,2
GUCA1A,0.0,1.2608772999375906,1.6560850821947934,1.1942904289462162,1,2
NPY4R2,0.0,1.4786182017774872,0.937534478222657,1.4687241116123664,0,1
LOC100128325,0.0,1.439820914416393,1.1433006831793815,1.2368277513244068,0,1
CTD-3080P12.3,0.0,0.9935438997380681,0.39784970361541294,1.1775935441645333,2,1
WDR87BP,0.0,1.0367652151449702,0.7816279889072087,1.0739338189544645,2,1
C7orf57,0.0,1.1925043205393333,0.9416964967551057,1.3976590953943107,2,1
IGKV2-26,0.0,1.0404629520815465,1.0008987186408833,1.062718214232085,2,1
REEP1,0.0,5.015324385927231,3.5927907265253993,5.021088185919782,2,1
TRPA1,0.0,4.978191670622351,5.093775153010904,4.91469207594803,1,2
FZD10,0.0,3.8891581235020256,3.807177901994075,3.652841339436012,0,2
RN7SL272P,0.0,1.1045391189996594,0.27085486143144444,0.9562355165507428,0,1
FCRL4,0.0,1.1118942295811896,1.2622355381395798,1.289585269101939,2,0
SLC5A4-AS1,0.0,1.2042954435610127,1.3114797098776076,1.201433968340404,1,2
CLLU1,0.0,0.9282806861128017,0.4969813299576001,0.825415488725434,0,1
IGLV2-33,0.0,1.0796538291618074,1.0581817165471514,1.2004043634648294,2,1
FCGR1CP,0.0,1.1525905706570572,1.812727260466877,1.2783811001255303,1,0
KERA,0.0,1.190879478529586,1.0255078519612415,1.289854736942896,2,1
HMGB1,0.0,9.20837376116541,9.038805251487037,9.339267527001903,2,1
IGHV3-75,0.0,0.9624185395401255,0.8385253986397625,0.911026074403414,0,1
ADRB3,0.0,0.8795309590242592,0.9607504704978211,0.8216290347247167,1,2
IGHV3-76,0.0,1.0637098714950592,1.042945996216737,1.01800371218862,0,2
PGM5-AS1,0.0,0.8045480564198975,0.632006723502883,1.0120116205224101,2,1
IGHV3-22,0.0,0.9979805743318791,1.149679725702812,0.9290256262927108,1,2
ZNF727,0.0,0.9978520683970126,0.7777452085589914,1.003739044186082,2,1
SFTA1P,0.0,1.255720792162581,1.3864104033545805,1.2322288414337068,1,2
VSTM1,0.0,1.1590010036597012,1.3711025033851418,1.1892072862111056,1,0
RASGEF1C,0.0,1.132960187056945,1.3840922695051614,1.2421270393077601,1,0
NNAT,0.0,3.9032940529993363,3.3595055991949794,3.9985868808381824,2,1
ZNF714,0.0,5.417260163136719,5.490309118521114,5.490116549955919,1,0
PICSAR,0.0,0.9998489379915318,0.8505940368624464,1.0280224178993482,2,1
PDCD6IPP1,0.0,1.0403916652711789,0.9636476811398219,1.2212777540244113,2,1
IGKV1-6,0.0,4.4642076187841715,4.638775953204592,4.5007634819122915,1,0
MUC5B,0.0,7.7621992996913445,9.561905505291218,8.126176014727557,1,0
SERPINA1,0.0,8.652169029719426,9.368495327375316,8.444480784737515,1,2
LDHB,0.0,9.27918909769952,9.295128502767124,9.332740229829739,2,0
RN7SK,0.0,4.522358647619615,4.323442150663426,4.312517920312027,0,2
COL6A3,0.0,9.423695417614129,9.55269382214366,9.312367568431245,1,2
LYZ,0.0,8.86124774737978,9.882227478620761,8.951768004449338,1,0
F11-AS1,0.0,0.8934570205782566,0.9682968051782744,0.8821520380377867,1,2
LINC02560,0.0,1.2174735941281651,0.7921384952849388,1.2210987456976388,2,1
BNC1,0.0,0.7387597841342333,0.9024916768956833,0.9244664549050927,2,0
LINC00524,0.0,0.8963356700793567,0.5625004238359145,0.8642720100329009,0,1
PIGR,0.0,10.36953362068031,10.697806289457654,9.934885884932006,1,2
OLFM3,0.0,0.7661215709339637,0.8336557571512085,0.9272979694304155,2,0
USH1G,0.0,0.8813050891762969,1.1843287651607897,1.1180333682884327,1,0
BRINP2,0.0,1.0379193789716747,0.5762459441179969,1.2574763750661615,2,1
LINC01010,0.0,0.9542850113738737,1.3060656727057298,1.1018168711111465,1,0
EVI2B,0.0,5.128861764605417,5.760608799742451,5.206792765060531,1,0
LINC01593,0.0,1.1149097751858739,1.0495918027244857,1.0771239571337112,0,1
SPINK6,0.0,0.9031414483358683,0.6479312646358948,0.8562069873284054,0,1
CBSL,0.0,0.9911025979057666,0.649640971098526,0.8818821138553616,0,1
COL1A1,0.0,11.056770137114812,11.291758160765845,10.878683287457775,1,2
PHOX2B,0.0,0.8723929817051312,0.6866323980725272,1.0181615967858155,2,1
POLR2J2,0.0,1.1879793248547847,0.8299510021474247,1.346745115652365,2,1
PCDHA12,0.0,0.8508610241092044,0.884497615614002,0.886479575415672,2,0
FN1,0.0,9.96810650794446,10.24627504803873,9.911615835898592,1,2
MUC2,0.0,8.785310714425982,10.316154102047458,8.78663750449526,1,0
CMKLR1,0.0,5.22618600002781,5.709281035987172,5.230301986783775,1,0
