gene,importance,mean_non_msi_h,mean_msi_h,higher_in
KRT23,0.010308432605140961,7.073425948897961,4.125912469940852,Non-MSI-H
EREG,0.00894680058850408,7.015911856764026,4.654397157055536,Non-MSI-H
RASSF10,0.008065632385613282,5.243976792194292,3.3198778919496057,Non-MSI-H
ACE2,0.007443012951506801,7.10020290795835,5.2405375643897205,Non-MSI-H
QPRT,0.006635975340775569,7.866936530720716,5.506794404357514,Non-MSI-H
PLCB4,0.006570546747406921,8.348291662889267,6.862051200128717,Non-MSI-H
MCMDC2,0.006567545137789906,4.2775876067660725,2.873435526503214,Non-MSI-H
PTPRD,0.006528536737092936,6.905358347683601,4.924721383707266,Non-MSI-H
MSH4,0.006515664825509051,1.5074357564800251,3.054848697223743,MSI-H
CKB,0.006044289076473268,9.315180847564417,8.179296130285547,Non-MSI-H
ADGRG6,0.00573777795381711,6.194843043067746,7.342502540945129,MSI-H
CEACAM6,0.005491873031514487,10.686399126143288,9.50020027014304,Non-MSI-H
ACRP1,0.005312036516890257,3.1831664014143164,1.1915036777899366,Non-MSI-H
LOC105375431,0.005216803728473695,5.781558242842516,4.147273308006395,Non-MSI-H
SPATA25,0.005018209820463663,3.837616342328398,2.378133156761373,Non-MSI-H
TUSC8,0.004983406568946366,4.759987577512153,2.27468207950872,Non-MSI-H
VANGL2,0.004728064563730577,6.400714636968663,4.848585200285061,Non-MSI-H
IL1R2,0.004451599729775804,5.228569863474494,6.076858693104008,MSI-H
MMP20,0.004335877307862507,1.6362214613624406,0.45973278663008954,Non-MSI-H
ZNF518B,0.004282642937534225,5.629296981021216,4.82097689690385,Non-MSI-H
FGGY,0.004252669334295332,6.732377482881239,5.988015234540153,Non-MSI-H
BCL11A,0.004228534466118316,6.571545607583032,5.513170028803726,Non-MSI-H
PRAP1,0.003983610421814232,8.003327181959056,5.7866143222363435,Non-MSI-H
LINC02177,0.0038970233242602227,3.078412387022962,1.8578148838738242,Non-MSI-H
GNG4,0.0038784309577231148,6.806121071908552,3.6692817041247854,Non-MSI-H
TNNT1,0.0038480023113504737,3.0851362439388326,5.51490319669485,MSI-H
MGC32805,0.003770689087982776,4.107515036707589,2.0544585441726224,Non-MSI-H
SLC35D3,0.0037511341181279533,4.749884797905641,2.4817706262280845,Non-MSI-H
ARID3A,0.0036738605369968135,7.4430621100310175,6.291189889891528,Non-MSI-H
MUC12,0.0036521495767999025,8.330298554336844,6.263601649359284,Non-MSI-H
TEKT5,0.0035708150587082667,2.3763904560196685,1.1448150057216926,Non-MSI-H
CEL,0.003532685111891288,6.063266517256212,3.1146493965039657,Non-MSI-H
UMODL1,0.003512026126396747,3.4322102189484793,1.891070015051465,Non-MSI-H
GABRE,0.0035064654798815406,7.000193414875279,5.624366943731364,Non-MSI-H
C1orf105,0.0035037216693842863,2.3864060134029095,1.0563923972540135,Non-MSI-H
NPFFR1,0.0034935692821165374,4.864390060440456,3.1981371090717334,Non-MSI-H
SLC39A5,0.0034737710861620155,7.95857825544036,5.772175027869228,Non-MSI-H
PKLR,0.00343066219184743,3.8372783306630334,1.6407980901875074,Non-MSI-H
ERO1B,0.003417031411176096,4.9366648278596585,5.417646985949977,MSI-H
TINAG,0.0033314946591904812,5.399580527507068,3.39389778978707,Non-MSI-H
ADTRP,0.0033160430069634904,5.4326726173112085,4.93508471786091,Non-MSI-H
RUBCNL,0.003259526654437386,7.975676660427421,5.890498085297957,Non-MSI-H
SPTB,0.0032533734111839553,3.3931901768540156,4.257247370362938,MSI-H
BMP7,0.003221472005396283,6.777912903106963,5.647387089184234,Non-MSI-H
ADD3-AS1,0.0032196697621623416,4.4049983274535744,3.1751405113934137,Non-MSI-H
PLAGL1,0.00320597797861729,6.788667227322616,5.829065861535921,Non-MSI-H
SAMD13,0.003204367650210131,5.490879807046282,4.67228421989635,Non-MSI-H
LY6G6D,0.0031966764532063863,4.986805758158273,0.895952717988782,Non-MSI-H
LINC00886,0.0031861975331204328,3.6693115665405087,2.4126092769531846,Non-MSI-H
SATB2,0.0031759845358574896,8.138888533168995,7.09825477585724,Non-MSI-H
SMIM10L2A,0.003143778507303725,3.505589512720026,2.502766391681005,Non-MSI-H
GBP4,0.0031209544631899885,6.530083570441238,7.643333830208057,MSI-H
MEP1A,0.003077596915228496,7.924383294451396,6.226352863582941,Non-MSI-H
KNG1,0.003061256477748435,2.783770040991462,0.8788796392069801,Non-MSI-H
TMOD1,0.0030284513525964396,3.391075740663067,3.9798585423347066,MSI-H
RPS4XP7,0.00299106615834266,2.748232910138585,1.390147274103348,Non-MSI-H
KLF7,0.0029648046557260044,6.726635852102985,5.750407429530345,Non-MSI-H
GDAP1L1,0.0029606711654302877,1.7491270569847015,0.7130211031287714,Non-MSI-H
POU5F1B,0.0029368636631251924,5.522285744359311,3.3625952770025926,Non-MSI-H
C5orf52,0.0029250020552801076,3.452508844949588,2.0205665008293296,Non-MSI-H
LOXL1-AS1,0.0028947086343591253,4.022875629176482,4.852816234559134,MSI-H
F10,0.0028845876710238694,5.052504754725855,3.908604738341101,Non-MSI-H
C2CD4A,0.002859775503020031,6.217408855202754,7.056707433139136,MSI-H
MRPS31P5,0.002850125279082384,3.683645382125452,2.9370283410281615,Non-MSI-H
SLC39A2,0.002849913920094179,3.5549964526479214,1.51487681192579,Non-MSI-H
ALOX12B,0.0028439628267456396,2.215431095823811,3.4086741670626814,MSI-H
ISM2,0.002804230981816293,3.4585623515731747,1.2602380171497942,Non-MSI-H
LOC100506688,0.002750325371211591,3.179351994812585,2.2080220983651073,Non-MSI-H
TLE6,0.0027342698816318566,3.416384758360721,4.350191529894592,MSI-H
RXFP4,0.00273424854100498,4.445526749438194,3.1118347380980813,Non-MSI-H
CIITA,0.002725652559170872,5.972857340528654,6.937367574830541,MSI-H
KLHL3,0.002723851489309052,5.271771696052082,4.202212764177933,Non-MSI-H
SLC2A12,0.002693569143736179,5.42522550754577,4.204941639267485,Non-MSI-H
CXCL14,0.0026752033593768977,8.409986110337375,6.549996178302173,Non-MSI-H
KHDRBS3,0.0026641620863056947,6.32570141274993,4.769260336497662,Non-MSI-H
NODAL,0.00264394600569692,2.3479323410545114,1.1643294508250348,Non-MSI-H
HTRA4,0.0026163026999645868,2.290306002562725,2.5207911657055737,MSI-H
HSPH1,0.002599375474723605,9.001983212217127,7.9910610887983955,Non-MSI-H
SLC2A5,0.0025993576871105924,4.767356771725138,5.583234750321348,MSI-H
THNSL2,0.002576833269015381,6.3173017582865105,5.1191713641555525,Non-MSI-H
CXCL9,0.002573211920936126,6.1572168407568935,7.461217710865726,MSI-H
IL18R1,0.0025702548856363218,4.396116347757306,4.843470504565466,MSI-H
UNC93A,0.002563021391919062,4.183982300803987,3.1608772435848365,Non-MSI-H
MUC5B,0.0025470206515115544,7.81298737139502,9.233822255716415,MSI-H
SDR42E1,0.002544046647204107,5.87967799042632,4.222668906929276,Non-MSI-H
CD274,0.0024842761945815064,4.471604139177014,5.38518454006408,MSI-H
PRR9,0.00248051402487404,1.4631072706662331,0.3603297848294172,Non-MSI-H
KRT20,0.0024664455293994386,8.892364695429169,7.620229472101262,Non-MSI-H
HTR4,0.002459493655517425,2.576271863756837,1.3631038873436994,Non-MSI-H
IDO1,0.0024594864942370244,5.2875756390088515,6.327452586065842,MSI-H
RNLS,0.0024503531083200666,5.381366182727899,3.8536498178617777,Non-MSI-H
SATB2-AS1,0.0024405251541157304,5.800160076765792,3.8030421070068288,Non-MSI-H
RBFOX3,0.002437275346867979,2.6208943408845227,1.6166912971314547,Non-MSI-H
PTGER2,0.0024096448598682676,4.783289570688409,5.740089577178684,MSI-H
WNT11,0.002407104559355026,6.020312606450657,4.367190910493745,Non-MSI-H
SYN3,0.00240665682641935,3.888930920041762,1.54459359931922,Non-MSI-H
DNAH14,0.0023993233993895107,5.331638207728442,4.450140330729355,Non-MSI-H
LOC101926964,0.002341498827250962,2.9625530240369424,1.323445570441708,Non-MSI-H
ZP2,0.0023365392141584335,2.144975519430939,0.7568023575919566,Non-MSI-H
CLEC6A,0.0023361741210645476,1.088874805464723,1.7966893315717498,MSI-H
KCNT1,0.0023330309299890704,2.7127751491063243,1.63825177454874,Non-MSI-H
PFDN4,0.002327880839115522,6.878282815247721,6.112779818148916,Non-MSI-H
LPO,0.0023220701506319937,2.551176031849284,1.5207351739949613,Non-MSI-H
EPDR1,0.002319111180530664,7.065099245152278,5.71703909899658,Non-MSI-H
TMEM252,0.0022628202347918323,3.3932652058580186,1.4132184482478096,Non-MSI-H
ABCA3,0.002260353253910592,5.244017639924791,6.206535404650959,MSI-H
SRPK3,0.0022508248049896962,4.776264736182523,3.825200430861569,Non-MSI-H
NBPF7,0.0022279542037012224,1.1270846813679316,2.6900596629696443,MSI-H
FBXO16,0.0022206725126928594,3.902304857944526,4.553766104340523,MSI-H
TRPV6,0.0022104070046062,1.7027960454105509,4.0221127259292055,MSI-H
FREM2,0.0021971717478952916,4.561048450466046,1.8314959443487708,Non-MSI-H
TNNC2,0.0021954893053636624,5.970167848187997,3.0746351687105165,Non-MSI-H
TCP10L3,0.0021935910312612995,2.0587418448311516,0.7813318930938866,Non-MSI-H
CEACAM8,0.002181708641686131,2.4102983585695985,1.2981859401107094,Non-MSI-H
DEFB1,0.002138270515975624,4.139605754499156,2.843843243362764,Non-MSI-H
DUOXA2,0.0021343841580283344,5.8434220050051895,4.588241192207912,Non-MSI-H
TRPM6,0.0021311652371708576,5.072882496595729,3.4183412428483955,Non-MSI-H
FAM167A,0.002128635869587447,4.447423316588449,5.540490886863654,MSI-H
GLP2R,0.0021230635730156303,3.182727679833532,2.0624015785137932,Non-MSI-H
ST6GAL1,0.0021069217137521627,8.422801106706029,7.562722606811602,Non-MSI-H
CCAT2,0.0021040610631865722,1.5057641422135732,0.5852366569261113,Non-MSI-H
TRNP1,0.002097488794455905,4.946406190546051,6.142003410065739,MSI-H
PCAT2,0.0020959665876007375,3.6494763549946105,2.520001513488473,Non-MSI-H
OSM,0.002050722465334116,4.587057552412058,5.3321018944560095,MSI-H
LINC00865,0.0020328426592032033,3.465702062045318,2.5291798535388987,Non-MSI-H
NAALADL2,0.002028809461029046,6.308723226824688,4.905084138170096,Non-MSI-H
CACNG4,0.002013012824317712,3.9965897470778247,1.5195521258736162,Non-MSI-H
LOC107986453,0.0020074627074343687,1.959284066562609,0.6498900409959472,Non-MSI-H
TMC2,0.002007142931938042,2.1777035597180388,1.2553333423190074,Non-MSI-H
UPK3A,0.002003764468750463,3.4590844506686245,2.3535222186602556,Non-MSI-H
IL17REL,0.0019933411120345496,1.6411360937741617,2.572910855249022,MSI-H
KRT7,0.001989944387710393,4.9693035883337675,5.993854690156309,MSI-H
ATP6V1C2,0.001974609880515753,5.618182204942194,4.838676067307826,Non-MSI-H
LOC101927136,0.001968349676825616,1.782769221808286,0.5277141177186746,Non-MSI-H
SATB1,0.0019301830329520743,6.924823840370913,6.098701463974431,Non-MSI-H
ELOVL3,0.0019289682448960926,1.6931568940242676,2.71061638455086,MSI-H
AKNAD1,0.001912896306063409,2.7457208075371935,1.2721468864692689,Non-MSI-H
PRLR,0.0019101141533442035,6.606950521907619,5.634477929977547,Non-MSI-H
OGDHL,0.001887427166457809,3.901136773983603,1.9424380689109126,Non-MSI-H
CXCL11,0.001879922341639241,5.41681629563299,6.075309366757734,MSI-H
PID1,0.0018775230030088413,6.344112686578552,5.613815799905227,Non-MSI-H
DRD1,0.0018755829859573175,2.485489749740131,1.3532876094052104,Non-MSI-H
ZNF606,0.0018720787007202814,5.1431607280314,3.8295411688067547,Non-MSI-H
PCP4,0.0018632088140219311,3.5650736917728807,1.773002249197755,Non-MSI-H
CTSE,0.0018593686055860155,5.314924891846207,7.359185258154409,MSI-H
DPYD,0.001850541944966499,5.215995594841235,5.942100798378155,MSI-H
LINC00501,0.0018415576137280605,3.1178972024138045,2.158460319815096,Non-MSI-H
AADACP1,0.0018301803141241775,3.9203726285502647,2.9150131450758945,Non-MSI-H
GPM6A,0.0018213766988276789,2.079972715244491,1.7648299119029691,Non-MSI-H
ZNF536,0.0018195074565189647,2.263666957629359,1.2472687774721198,Non-MSI-H
CD244,0.0018149234944643466,3.158671804449434,3.94434527491232,MSI-H
NR3C2,0.0018054062716730262,6.241637806212735,6.5106885152753895,MSI-H
B3GAT1-DT,0.0018050508409115857,5.547087582144053,3.5649515765420468,Non-MSI-H
LINC00940,0.0017917326148066755,1.9299330070570204,0.9074070633099606,Non-MSI-H
SEC14L4,0.0017903774518039746,2.153348622430528,0.9573862113201946,Non-MSI-H
MIR196A1,0.0017566456527995406,3.1855017866716797,2.176896698119312,Non-MSI-H
DTNA,0.0017463048370343647,4.521408925123798,3.5921563683853104,Non-MSI-H
GXYLT2,0.0017418376854618771,4.836738137081903,4.7963434105779985,Non-MSI-H
LINC02487,0.0017394546545865522,4.566637548190367,3.2222220350496307,Non-MSI-H
GFI1,0.0017288003262296825,4.377552759193813,5.735066373164088,MSI-H
RBP3,0.001716621306827889,0.8506258760576706,2.0078816868879477,MSI-H
UNC5B-AS1,0.0017162843637272723,1.859309680470301,2.915609396883657,MSI-H
C1QB,0.0017112171739712253,7.53288268069341,8.149547849952082,MSI-H
ALOX5,0.001684586621553981,6.32745771117572,6.830300545567271,MSI-H
IBSP,0.0016584620167552021,2.591353041665197,3.2853575042093808,MSI-H
PLCL2,0.0016453698962046817,4.966042485518465,5.771664721253506,MSI-H
ADGRL3,0.0016424961744385598,3.9970457412555156,2.9398168504711903,Non-MSI-H
ANKDD1B,0.0016418348036994592,4.54359360189063,3.3330973716095587,Non-MSI-H
PPP1R14D,0.0016238374866085494,7.166157096249039,5.4987327695907755,Non-MSI-H
CALB1,0.00161487596988113,2.6521256889466827,3.3838339376947864,MSI-H
SV2C,0.0016147896121846844,2.752574397888724,1.6400495480986383,Non-MSI-H
SLC66A1L,0.0016074286171213527,2.0645164423602016,1.9258694508592356,Non-MSI-H
HOXC10,0.0016007991248540182,1.3584208098819883,2.733764860045041,MSI-H
ADRB1,0.0015894249147788812,2.8779716049130544,3.7098329973728856,MSI-H
CD53,0.00158116450311293,6.3779183829831245,6.94038281097319,MSI-H
INSC,0.0015648746617822756,3.6639735151314405,2.9987214388253025,Non-MSI-H
ASGR1,0.0015487424514688442,4.8102749593309815,4.008540800341867,Non-MSI-H
WFDC21P,0.0015430291752448605,3.4701959590675657,4.634624423320699,MSI-H
SLC43A3,0.0015428671078354889,5.84941505029243,6.5372144172536135,MSI-H
ETNK2,0.0015404165693937949,4.521963429768432,3.8173878764428513,Non-MSI-H
LOC389602,0.0015260194261119046,6.555799182901241,5.460038223278559,Non-MSI-H
CD3E,0.0015193421526752075,5.572012309171536,6.005805137372841,MSI-H
NCR1,0.0015142037157745774,1.167388921745937,2.2068079235828413,MSI-H
H3-3A,0.0015094267876324613,6.965160062007272,6.155677172689535,Non-MSI-H
FGFR2,0.0015077137592728847,5.804466452642395,6.606012688500293,MSI-H
LGALS9B,0.0015071836243872958,3.8854945443114706,3.321069345884552,Non-MSI-H
AQP3,0.0015042739240952868,6.1725062661110615,7.384000200079951,MSI-H
ZC3H12C,0.0015016307074190735,5.570797360764581,5.855718751228786,MSI-H
ZNF570,0.0014919944217253501,4.666753494621836,3.8056220319321428,Non-MSI-H
OR7E47P,0.001488130168719506,3.4252506775050002,2.9269069264077365,Non-MSI-H
FFAR2,0.0014876392968707546,3.610024285434591,4.459860665658347,MSI-H
LOC101928295,0.001476243975199101,2.06503413848769,1.2697571580560847,Non-MSI-H
SLC37A2,0.0014551344076110225,5.288319514168109,5.5722840359286945,MSI-H
SLC15A1,0.0014461880255350263,4.235013584388148,1.777276318511132,Non-MSI-H
CCDC110,0.0014432770880558135,2.931562101346085,3.2949795314044956,MSI-H
HES5,0.001443200230912037,2.110539824908699,1.7768288461199784,Non-MSI-H
DIO3OS,0.0014387967204659204,6.081300858642405,4.111961962738474,Non-MSI-H
FPR1,0.0014380295328007744,4.660073704613141,5.477235395218643,MSI-H
S100A8,0.0014325611416499903,4.528639368174269,5.38957564116516,MSI-H
ZNF736,0.0014317894383528403,5.803111188264342,4.93840408793294,Non-MSI-H
HCAR1,0.00142664091865328,3.4848447244448284,1.8339718956739186,Non-MSI-H
MEIS2,0.0014153387821115454,4.6173369854257205,5.267894034604679,MSI-H
LINC01738,0.001396135116783077,2.1341200172061017,0.8025104085347573,Non-MSI-H
GALC,0.0013876689973717272,6.686198905397407,6.130639438110069,Non-MSI-H
SLC1A7,0.0013846262782546681,4.8298871676365565,3.0525100682269026,Non-MSI-H
LINC01750,0.0013794954847976269,1.6546126470426081,2.3412408347637315,MSI-H
PKDCC,0.0013691310993844802,7.38165040932156,7.077285614782639,Non-MSI-H
TRPA1,0.0013649303040230891,4.989070214708405,5.265364889393739,MSI-H
CHST6,0.0013554512689528194,4.0106608832681,5.037657117185019,MSI-H
HOXD11,0.001355088095541398,3.5596260852118093,2.522230846434518,Non-MSI-H
ZNF503-AS1,0.0013539008185229288,4.647828931936769,3.576424886191344,Non-MSI-H
GGT7,0.00134991957547243,6.893186911652616,5.481318415831359,Non-MSI-H
DUSP4,0.0013433080752153102,6.493751219606847,8.309815077708627,MSI-H
SLC23A1,0.0013334320329987052,4.072092867486857,3.1183414077491447,Non-MSI-H
EDARADD,0.0013328619526969334,2.5291125654044575,2.630500437577358,MSI-H
DKK1,0.0013325369402903322,3.084072011233669,2.243969343955244,Non-MSI-H
LINC01443,0.0013241570966221958,1.967343385341175,2.856598345765035,MSI-H
PRSS41,0.0013197532413930407,1.8888288976909637,1.0711209579228278,Non-MSI-H
EOMES,0.0013100838342504648,2.899220764464782,3.720398723937744,MSI-H
HLA-DRA,0.001310009008238415,9.042908458025705,9.862331169263749,MSI-H
LINC02441,0.0013090734339416593,3.881854092029449,1.7726167405977773,Non-MSI-H
MARCO,0.0013073948207226462,3.587718555359969,4.849685164259898,MSI-H
VAV3,0.0012949974059625322,7.981726577515058,6.169231536293082,Non-MSI-H
NEU4,0.0012904928370234242,5.4930867902360605,4.527684305676006,Non-MSI-H
ITGA9,0.0012794722827402564,6.648272052066411,5.8435786489739385,Non-MSI-H
CTTNBP2,0.0012768037416271726,5.975487200108629,3.8333156231810066,Non-MSI-H
HAGLR,0.0012687427912341403,5.172447332353718,5.896532512802202,MSI-H
TH,0.0012608566664839992,3.4513692375197236,1.6125718539606015,Non-MSI-H
HOXC-AS2,0.0012588531114345694,0.8163134406951544,2.3241954047824755,MSI-H
TRG-AS1,0.001258727839886619,3.0424698979136515,3.5828948780580676,MSI-H
LRP4,0.0012528981849348076,7.757400305692217,6.827711141057627,Non-MSI-H
IGHV1OR15-9,0.001251859130923489,2.0372719776550596,1.8554385559988982,Non-MSI-H
NKD1,0.001246971808003213,7.738600539010941,5.670592427760496,Non-MSI-H
ANPEP,0.0012287542917032701,7.092215757439503,7.320776699526427,MSI-H
EDAR,0.0012205069823877338,5.956974151242645,4.849548725535103,Non-MSI-H
MTNR1A,0.0012133254000638387,1.990405395293716,2.771854524334232,MSI-H
DENND2C,0.0012083264678420388,3.641246150313308,2.805586894310109,Non-MSI-H
IHH,0.0012074782355647657,8.00015550243183,6.44292850572355,Non-MSI-H
ARHGAP30,0.0012061717278605815,5.953150812646529,6.334170814213446,MSI-H
F11,0.0011997288078318274,1.0836769106751385,0.4706489854473007,Non-MSI-H
RPS19P7,0.0011935116728705112,1.6003990769268697,1.5304755532780032,Non-MSI-H
SGK2,0.0011867024072327364,6.665458742135585,4.9411193631625885,Non-MSI-H
MMP28,0.0011859615486994077,5.088760640705048,5.425615328269523,MSI-H
LRMDA,0.0011797772129044188,4.797431637635529,4.005950873066004,Non-MSI-H
FCGR3B,0.0011794655534526361,3.633565850709994,4.512671589288034,MSI-H
LINC02154,0.0011758708743886475,1.4347309817565361,1.5963742911562278,MSI-H
ONECUT2,0.0011678917930030015,4.567551565006676,5.403908483021003,MSI-H
NOX1,0.0011641816424132272,8.635150726103186,6.9906019494584815,Non-MSI-H
GZMH,0.0011607733844404217,3.4563875231270926,4.449490775313258,MSI-H
MPP1,0.0011599686028728078,6.956155323684353,5.95090292670302,Non-MSI-H
DACH1,0.0011571594069303937,7.0409222076003015,6.021627887063775,Non-MSI-H
LINC01291,0.0011562707452537106,3.680290046796343,3.786780681750483,MSI-H
PDZD2,0.0011550465177601894,5.211061686137607,4.6211922265037915,Non-MSI-H
UCA1,0.001154946583720502,6.1189416721625065,4.6054756559079095,Non-MSI-H
MUC20,0.0011396939056761356,7.640025787247319,6.222615402329807,Non-MSI-H
IL18RAP,0.00113657112759875,3.0388308328666223,3.6292319514491083,MSI-H
LRIT2,0.0011317118685490925,3.0662437890159544,1.3704441150867068,Non-MSI-H
FABP1,0.0011270551533926422,8.94745115394024,6.740479705513196,Non-MSI-H
SHROOM4,0.0011255947034208894,6.875962769795476,5.634922403732303,Non-MSI-H
FOXP2,0.0011196484303928568,4.514120719171859,3.6301400437396127,Non-MSI-H
MTCO3P12,0.0011143369290119829,4.558149869106288,3.9002718895318935,Non-MSI-H
IL1B,0.0011142392465766904,5.980592137367665,6.837065823156846,MSI-H
BARX1,0.0011136744296055088,1.7365056066585671,1.760722107820497,MSI-H
GTSF1,0.001113604506194944,1.921945803715195,2.0736124131020897,MSI-H
TDGF1,0.0011114635826185966,6.780787852556543,4.567589548301161,Non-MSI-H
GMPR,0.0011102582027504209,5.502494166975134,6.071029892377426,MSI-H
SLA,0.0011038638106983655,5.625797740112897,6.161611000272149,MSI-H
TANC2,0.0011033690194888572,5.590022612009928,6.277750212531638,MSI-H
ORM2,0.0011001652964402176,1.9131160099019875,1.477156647112344,Non-MSI-H
MYBPC2,0.0010993988237482555,1.9709892392951396,1.804340520447457,Non-MSI-H
SMIM2-AS1,0.001097037122140523,4.728135377267442,3.309408564200703,Non-MSI-H
SOSTDC1,0.0010964655446569357,4.826774717077655,3.14242448185693,Non-MSI-H
CYP2W1,0.0010946541470076736,6.553001451276994,4.322637292871875,Non-MSI-H
C10orf82,0.0010939517169878228,3.296995329402442,0.7218559355520855,Non-MSI-H
COL6A6,0.0010939055111498918,1.6868785049210917,2.0609963869974983,MSI-H
TRIM72,0.001091277591549699,2.6951638535200275,3.977687886054828,MSI-H
CACNA1E,0.0010833238565358244,2.7691516969064396,2.7279775660877026,Non-MSI-H
ZNF334,0.0010782441516928593,3.125245877438412,2.517296732598808,Non-MSI-H
C3orf85,0.0010737524639485424,4.312491772023865,2.3925207162310054,Non-MSI-H
IGKV1D-17,0.0010718920487877263,1.7776240345485028,1.877318251058679,MSI-H
SP6,0.0010687772269340947,6.679936332548193,6.0188832867885385,Non-MSI-H
LAIR1,0.0010647099904495243,5.772081954934752,6.23163142829459,MSI-H
ESRRG,0.0010640980128460325,3.363431771549621,2.1559380598513127,Non-MSI-H
LOC100506691,0.0010627622618568748,3.9817024967012156,3.65760694641651,Non-MSI-H
NR1I2,0.001057971704982211,7.389473647157788,5.99032294961189,Non-MSI-H
ARHGAP10,0.0010522057896814403,5.254091185428931,5.8738474945344255,MSI-H
SLC30A2,0.0010493690514380197,4.1182596639560165,1.5143641601085847,Non-MSI-H
OSR1,0.001048837088145405,2.9901006637358463,3.934277135174305,MSI-H
SULT2B1,0.0010486301276265194,6.715470478208652,5.823588579992303,Non-MSI-H
GSPT2,0.0010409726233071997,6.13514898396129,4.651134954141801,Non-MSI-H
LRRC6,0.0010409043070627327,5.351497583889299,4.640176388991066,Non-MSI-H
IGFL4,0.0010402623480491708,4.155443228542602,2.587586532212918,Non-MSI-H
GUSBP5,0.001038820728878128,3.008622253840098,1.8060195947586486,Non-MSI-H
TACR2,0.001029983623766642,4.024696786096151,4.259858697333296,MSI-H
CYP2B6,0.0010277516309578761,6.746372837255772,4.346684694870124,Non-MSI-H
RPL10P3,0.0010273363377609106,3.214441204130842,2.8394036206951885,Non-MSI-H
AGBL4,0.0010224596802230384,1.7163494527080867,2.770020153344808,MSI-H
AREG,0.0010211106732337355,7.937861421468225,6.598964142870262,Non-MSI-H
TLL2,0.0010208289877636544,3.16610738786332,4.061562758505016,MSI-H
CLDN9,0.0010180148272893326,3.90077262036293,2.5812267999886735,Non-MSI-H
AOX1,0.0010178702337558124,4.174162581325717,3.8569792276519292,Non-MSI-H
FSIP2,0.0010166567658161179,4.190935978021435,3.64605416630331,Non-MSI-H
FOXC2,0.0010118447419462434,3.0583254020731636,2.458272388631576,Non-MSI-H
CYP4F3,0.0010103204149822622,6.457349402928201,5.535263566615604,Non-MSI-H
CRAT37,0.0010044246130016786,1.9474426493818462,0.4142232013409769,Non-MSI-H
LAG3,0.0010008780808996648,4.455245228975639,5.3805046984286875,MSI-H
ATOH8,0.0009914461374996733,4.810489741168334,4.0530778773914715,Non-MSI-H
LNC-LBCS,0.0009901940780392953,2.199701865321774,1.662491063368602,Non-MSI-H
CDHR2,0.0009890898609147848,7.042715242892801,6.019105848485636,Non-MSI-H
TFAP2A,0.0009813825948910382,4.532206072116407,6.135068983762531,MSI-H
SELENBP1,0.0009804928275395739,9.05629090133051,7.91839501704057,Non-MSI-H
RIMS3,0.0009755119732419011,5.0369659506534425,5.381137751129302,MSI-H
PCDHGC3,0.0009725906277630419,5.478138500941962,4.7802462184184025,Non-MSI-H
GRIN1,0.0009622139668637561,3.7472344284030874,4.664733368301116,MSI-H
TRAV21,0.0009618988320170759,1.4349927138365817,1.7186738137505335,MSI-H
IL2RA,0.000956978150626408,4.540058953951923,5.2812136803595155,MSI-H
EPCAM-DT,0.0009560561813377834,3.4815141241482315,2.3246883711061614,Non-MSI-H
RGN,0.0009548424587745005,3.1777199161554863,1.9411257652433533,Non-MSI-H
ENPP3,0.0009547240571067218,5.7506240768730805,3.5277781834935373,Non-MSI-H
TFF2,0.0009529548057073836,3.6735047771455633,5.0661225145574615,MSI-H
GABRP,0.00095207518721902,3.859730891447553,5.701649266426623,MSI-H
KCNMA1,0.0009494889429535447,5.447855950119846,5.523583747353979,MSI-H
LOC102724153,0.0009484426914400116,1.4616671040794973,1.4199687887662902,Non-MSI-H
GLRA2,0.0009459021161165633,3.0876204804283445,1.5103433606558487,Non-MSI-H
SYNGR4,0.0009446267436235305,2.0471155337234723,2.5846034319807503,MSI-H
GPRC6A,0.000935271269820184,1.0057056881983908,1.226015849374659,MSI-H
FIBIN,0.0009333930704898448,5.31752422273317,5.146810903764396,Non-MSI-H
SERP2,0.0009313463677369675,4.285521936160246,3.062554195848072,Non-MSI-H
SLCO4C1,0.0009261945743314057,2.13078117438525,2.030131700885373,Non-MSI-H
GPR143,0.0009256936839908403,5.366278700025276,3.2598388024150604,Non-MSI-H
ABCB1,0.0009235320770809456,6.913288839170938,5.385547040067171,Non-MSI-H
LRIF1,0.000919158419238716,6.391776930342656,5.773580666969188,Non-MSI-H
EPM2AIP1,0.0009173259947253756,6.561945237691782,5.151304618910957,Non-MSI-H
TNFSF18,0.0009128202509946262,2.3191209362414598,1.853087557443341,Non-MSI-H
DLX3,0.0009096574312809922,3.152551307310065,1.0295334992410645,Non-MSI-H
MUC5AC,0.0008992623432749237,4.8231973201328415,6.750286721440825,MSI-H
DNAH2,0.0008934633611320021,4.764824058999384,5.604006964193483,MSI-H
PLA2G4A,0.0008889783357296022,4.9465757984258065,6.287875234364639,MSI-H
SLC9A7,0.0008879592332426818,5.779573148236053,6.5055970658143565,MSI-H
PREX2,0.0008875218901645605,4.315885060721607,4.1791948729697035,Non-MSI-H
SH2D5,0.0008843977030093393,2.4168694456034836,1.8309292032076023,Non-MSI-H
ZNF365,0.0008829981790660624,2.0748059095099776,2.093015046465681,MSI-H
H2AC13,0.0008826666554116817,2.1605551550517617,2.2936591489007174,MSI-H
GRIP1,0.0008823583777854249,4.184865408701539,3.708610676363759,Non-MSI-H
MOGAT3,0.0008807736229559977,6.647379228941238,4.88823105051636,Non-MSI-H
PPP1R9A,0.0008749955375691158,5.628223795609661,6.067969078575092,MSI-H
GRHL3,0.0008746145659655213,4.998923333509462,4.298426324331011,Non-MSI-H
GABRA3,0.0008718341898306996,1.6508548731666373,0.5120897197951911,Non-MSI-H
FRMD5,0.0008694023081329368,5.253304223975869,5.464611421675965,MSI-H
SI,0.0008671683256111954,4.452051047918326,4.749983698693058,MSI-H
LOC105371046,0.0008670224085882511,1.4557206893894148,2.0680990372315184,MSI-H
EDN1,0.0008668730650154796,6.488513857161531,5.723518500034606,Non-MSI-H
CALHM6,0.0008660122859533809,4.427291229407845,5.155583423413211,MSI-H
PSPC1P1,0.0008659201385472218,1.5863911067433398,2.0737292171559027,MSI-H
NEK5,0.0008646658915554563,4.608134607370309,4.1975748756147855,Non-MSI-H
MTRNR2L1,0.0008644232668659277,2.839030583638341,2.1583436992724474,Non-MSI-H
IGKC,0.0008619693256461341,9.486216476069178,9.44043314163346,Non-MSI-H
KRT6B,0.0008584865295659078,4.800033989197131,4.319241831154031,Non-MSI-H
MEX3A,0.0008581961865679314,6.370143810849022,5.308755718838657,Non-MSI-H
RTN4RL1,0.0008579016642833513,2.9779690137381944,2.195275301035373,Non-MSI-H
CSF3,0.0008554578643796848,3.668314208169823,3.657344135482517,Non-MSI-H
PLAAT2,0.000853455365695044,3.1998273637834163,3.367227461141327,MSI-H
COL5A2,0.0008513976698948563,8.418002707928311,8.554052260855475,MSI-H
CD180,0.0008452519844731777,4.334587800463872,4.52362691151035,MSI-H
SYT13,0.0008443672105215156,6.695895272544744,7.059206786631255,MSI-H
GATM,0.0008398911347960661,6.034246278980589,5.416212286984288,Non-MSI-H
CES3,0.0008388382090804237,6.830531240593641,6.998954450947847,MSI-H
AIM2,0.0008316763362333088,3.5368435314752915,4.308953847894841,MSI-H
LINC01929,0.0008298475693953297,1.6739053238112895,2.077317694155185,MSI-H
FZD10-AS1,0.000828771978938703,4.023605291304263,3.362858986872179,Non-MSI-H
BST2,0.0008286068736370819,7.273242281182658,8.095339309515266,MSI-H
FERMT2,0.0008267116198405686,6.308989063416235,6.170189989927658,Non-MSI-H
PRDM8,0.00082646923797776,4.039339775113427,5.191792044206776,MSI-H
CLC,0.0008226836042523406,2.5501206366308113,2.49967411496396,Non-MSI-H
TBX10,0.0008220789686293974,4.229518460387889,2.5455826419215613,Non-MSI-H
PRKCB,0.0008176566894285614,4.814222910626285,5.145436028527916,MSI-H
MIR200B,0.0008149892734561639,1.9476343595385488,1.115785842913438,Non-MSI-H
KLHL6,0.0008136603741270551,4.890765560071992,5.238016934923967,MSI-H
IGKV1-9,0.0008009358425633909,4.916913544888108,4.919540883677961,MSI-H
LINC01082,0.0008001023476976986,2.7177801640964763,1.7358513719335595,Non-MSI-H
BAIAP3,0.0008000693084467652,5.067532675819884,4.996085091540894,Non-MSI-H
KRT40,0.0007970988559339203,3.0387328852722697,1.374410439845574,Non-MSI-H
RAET1E-AS1,0.0007952251788533719,2.2962379603353846,1.8461398911735636,Non-MSI-H
VNN1,0.0007897881990254855,4.659524377288342,5.9626575274996565,MSI-H
SLC26A3,0.0007889803965707395,7.478524343775173,4.864293757428982,Non-MSI-H
CELF2-AS1,0.0007886793687617079,1.8231231235454854,1.5666610417379636,Non-MSI-H
SAA1,0.0007886513076824495,4.773395234464271,4.929751385990895,MSI-H
PKNOX2,0.0007876070726183038,2.6130317808101546,2.3002551728917457,Non-MSI-H
GBX2,0.000785641459556847,1.9967505659553413,0.8198985364584546,Non-MSI-H
IGHV3-48,0.0007855916000743805,4.173712845575306,4.182990024717273,MSI-H
SAMD5,0.0007853254694716454,6.595913285841724,7.026597820328334,MSI-H
A2ML1,0.0007849559621865305,1.444786372898331,1.4264686207711206,Non-MSI-H
FOXQ1,0.0007810439006752481,7.255126978138162,6.489109989190272,Non-MSI-H
HUNK,0.0007748778901312289,7.011169048489714,5.034374311378057,Non-MSI-H
AATK,0.00077306908426453,5.5853030519335105,5.254211784674578,Non-MSI-H
BAMBI,0.0007692435451288089,6.249916419712657,5.907865938260807,Non-MSI-H
VPS37D,0.0007688099196682417,3.8511957936139405,4.190889740239066,MSI-H
HLA-DQB2,0.0007594154627657338,4.889670695435421,5.194049852217492,MSI-H
NRG1,0.0007572214256406287,3.973717912047835,3.6146084253466166,Non-MSI-H
CHI3L1,0.0007559539967631424,6.4700650026978845,6.761475021180982,MSI-H
ESPN,0.0007546725574784893,6.974067207894184,5.93271782542118,Non-MSI-H
RNF182,0.0007517689636283923,2.9201891363670076,1.65888925310854,Non-MSI-H
PTPN20,0.0007500561171817635,2.0116477747687957,1.6918955821314876,Non-MSI-H
RPS19P1,0.0007496279628239565,2.852022273526994,2.6820771906253187,Non-MSI-H
KYNU,0.000746858716158589,4.614633412387563,5.279864694153129,MSI-H
LINC01978,0.0007404571990295661,4.306061806650209,3.8154313177553867,Non-MSI-H
ALPK2,0.0007379461065951128,3.5315903637594217,4.119157242232951,MSI-H
BOC,0.0007345206451495148,5.175695304308987,4.896040242156669,Non-MSI-H
IGHM,0.0007330513904908368,7.836671781620103,7.770002442490645,Non-MSI-H
UGT1A6,0.0007316622348598267,3.402419784123714,2.942660738013982,Non-MSI-H
KRTAP5-5,0.000729717196960135,2.1877717348832575,1.2812628883721766,Non-MSI-H
EVX1-AS,0.0007293289527184326,2.292989197877725,1.13802637323645,Non-MSI-H
EVX1,0.0007246231741211098,4.891304081700437,2.8917973347522845,Non-MSI-H
FAM13C,0.0007244716954914089,3.6422176393336527,3.1223326350015053,Non-MSI-H
DACT2,0.0007227305408544444,3.617499847624757,2.930971038666654,Non-MSI-H
LINC01224,0.0007223638055281058,5.355218866254002,4.7303189450134075,Non-MSI-H
PALM,0.0007195652063582252,5.178582329338919,4.704880530598938,Non-MSI-H
CYP3A7,0.0007195334182576033,3.020960415934036,2.5598262440108854,Non-MSI-H
ZNF254,0.0007187683105112331,5.914772313980766,5.34071290616283,Non-MSI-H
VEPH1,0.0007181258911397374,2.692106132894723,3.374695533004157,MSI-H
ABCC2,0.0007162645401117755,4.821075011846209,3.7649503460260556,Non-MSI-H
TMEM47,0.0007162124973994058,5.805395650796124,5.501810914746277,Non-MSI-H
HDGFL3,0.0007145114078306983,5.953935168152231,5.404002166047025,Non-MSI-H
MS4A6A,0.0007133493605332519,6.123836110114017,6.469841543391909,MSI-H
HOXC8,0.0007097430009164054,1.4813237110681758,2.542152448465273,MSI-H
PCDHGA1,0.000702702305598206,3.6229443909917065,3.7252315072167503,MSI-H
TCHH,0.0007015816221638964,2.531958045306091,1.7967280551216362,Non-MSI-H
ZNF141,0.000700053368360479,5.270487573901143,3.9728097053482236,Non-MSI-H
NPAS3,0.0006995845024543091,2.164799702349924,2.259209783826978,MSI-H
PNOC,0.000699258468178972,2.3601831677897613,2.2144579888650555,Non-MSI-H
LINC01238,0.0006990595319097374,3.0173341102005073,2.500864931549156,Non-MSI-H
FAM155A,0.0006982732405167055,3.336811689920968,3.0851736766179796,Non-MSI-H
GIMAP5,0.000696845012210844,2.9608100375982858,3.1963163040287026,MSI-H
SLC18A1,0.000696658989667932,3.2146022304783326,3.9026661955392714,MSI-H
LSAMP,0.0006964691541289626,5.512770389502198,4.955574262938109,Non-MSI-H
C6orf15,0.0006955137780601986,3.20054315670501,1.0525865150546228,Non-MSI-H
GZMB,0.00069471788525792,5.525212195425039,5.814987311642916,MSI-H
NAV3,0.0006934241181674325,3.2237362992215655,3.1310298254955664,Non-MSI-H
HAND2,0.0006930723285950421,3.3485483542268146,3.0024011032345848,Non-MSI-H
KLK6,0.0006917327132443655,5.56404002503923,5.0594490685816575,Non-MSI-H
SULT1B1,0.0006874194143534074,7.2466063045309745,6.209397288898951,Non-MSI-H
CCL18,0.000685230298835646,5.341690330049789,6.431566969859658,MSI-H
ADGRG3,0.0006847799172128464,3.57022701834842,4.121267294013581,MSI-H
TRAV12-2,0.0006815669499655641,1.6756079982773513,2.0663752789817083,MSI-H
LOC105371814,0.0006813859423550843,1.949493177498106,3.0206702819549682,MSI-H
FRMD1,0.0006812816564413568,5.587487385727138,3.926464061447591,Non-MSI-H
BTBD11,0.00068120528089544,4.169127547238852,4.339987536252652,MSI-H
CARD11,0.000680767219699504,5.812205761427608,5.16904194002739,Non-MSI-H
TPM2,0.0006806628775278086,8.256247796629507,7.919396059047365,Non-MSI-H
NCKAP5,0.0006803268042576087,4.288375056251394,3.1273183089164087,Non-MSI-H
GUCY2D,0.0006777416760881719,1.6381410920922608,2.2627872108688387,MSI-H
MIR3131,0.000674754465163081,2.8557335057163353,1.568944608774539,Non-MSI-H
CES1,0.0006746479292081276,5.589275697561676,4.4384611998958645,Non-MSI-H
IGSF9B,0.0006741881548818576,3.706123377353634,4.239237833053852,MSI-H
ISX,0.0006725729317041134,6.316411647572629,4.686515236927626,Non-MSI-H
IQCM,0.0006725464441958615,1.125051104067082,0.946514043049061,Non-MSI-H
WDR92,0.0006716524558143864,3.8614298400899587,3.4505572161342077,Non-MSI-H
CCL25,0.0006710681506988599,1.7725049817084022,2.1788058542970536,MSI-H
MTATP8P2,0.0006699824301283491,2.1499857668716156,1.612982957245013,Non-MSI-H
FAXC,0.0006695921573639015,3.5538174414144086,3.464359992702565,Non-MSI-H
LOC107984360,0.0006678871515039221,2.2363096690989424,1.8787245868081237,Non-MSI-H
ARSL,0.0006665933413991129,7.690348073171551,6.826619192420274,Non-MSI-H
APOL1,0.0006652523447788896,7.931954293356374,8.543071599164941,MSI-H
HLA-DRB6,0.0006645694305408467,5.661529820518491,6.044744323445948,MSI-H
SPIN3,0.0006635364129032829,4.9293218748659875,3.030353810171041,Non-MSI-H
LY6E,0.0006632947943138762,8.231947077840989,8.858878988230277,MSI-H
FAM3B,0.0006624814608152255,5.630579463806481,4.6260463078612695,Non-MSI-H
PLA2G2D,0.0006622610370937008,3.16788394860295,3.7352141707085424,MSI-H
NKG7,0.0006617341006801966,4.603968909015853,5.610061928135015,MSI-H
KRT7-AS,0.0006609755724042195,1.693833382611845,2.019286810492271,MSI-H
GJA3,0.0006601293853595305,2.3154075700375367,2.7616438807346597,MSI-H
GFPT2,0.0006590368176909448,4.860176625629317,5.228175893844038,MSI-H
XCR1,0.0006589244528325554,2.797442373914506,2.8469125112367677,MSI-H
RGS20,0.0006572970977516147,1.579991498401974,1.6558601874007253,MSI-H
AQP5,0.0006561823465473721,2.445994926093214,3.240275201745947,MSI-H
TRGV5,0.0006544021505184436,1.7212703266567935,2.122965564170365,MSI-H
OIT3,0.0006521126969306242,3.709227502056155,2.668233483546003,Non-MSI-H
FAM3D,0.00065097607204293,8.746035542156411,8.019736795100672,Non-MSI-H
PCYT1B,0.0006508682607205509,1.899629896900762,1.5020707720251345,Non-MSI-H
CFAP74,0.0006507309275631381,2.594671146791236,1.768212478336542,Non-MSI-H
RAB3B,0.0006482673149339819,4.489064657275502,5.442202728404488,MSI-H
PYY,0.0006481931615621456,2.3823619254384503,1.7896157638964671,Non-MSI-H
PURPL,0.0006475281195340442,2.0480068784891214,1.6259002750532172,Non-MSI-H
SERPIND1,0.0006456081979324886,2.9662312452735073,1.7983542538818567,Non-MSI-H
GJC2,0.0006425913889876444,4.312220077035118,3.97303497917147,Non-MSI-H
IGHV3OR16-17,0.0006422729118043322,1.6194763533700076,1.6102799236195415,Non-MSI-H
PCOTH,0.0006417904118804574,2.5977882552785254,2.044270900322829,Non-MSI-H
SLC16A6,0.0006402742164961989,3.580344755416755,3.769203581595621,MSI-H
LINC02532,0.0006362569255752664,2.657184338884188,1.5798346855507408,Non-MSI-H
CLCA1,0.0006354601046072681,6.53577443673548,6.323301644579707,Non-MSI-H
DCBLD2,0.0006350231701633842,6.660669972451488,6.762881002233508,MSI-H
GAST,0.0006347750127477451,0.8870541638167245,0.8785665824281071,Non-MSI-H
SFTA1P,0.000634758612199676,1.2595703726511673,1.284152685989112,MSI-H
LINC01411,0.0006336724921331002,2.9487193520958863,1.5116703302570202,Non-MSI-H
FCRL6,0.0006312262470462077,2.2271469660442467,3.0298241454212924,MSI-H
ARHGAP4,0.0006306816086866964,7.2100800332922,7.093369623448108,Non-MSI-H
HOXA11-AS,0.0006296629782573337,6.284650082723595,5.531519764685341,Non-MSI-H
LINC01836,0.0006293975957312993,2.9634219000983757,2.1499105812589288,Non-MSI-H
CALCB,0.000628871560314438,1.4695200646771596,1.0110145785093685,Non-MSI-H
MACROD2,0.0006275260574277305,4.453980006305548,4.059798381292048,Non-MSI-H
ANKK1,0.0006259626062249254,2.325913701205855,1.7501793332619335,Non-MSI-H
SIX2,0.0006246242716428497,2.9328026162618195,2.2051251829618606,Non-MSI-H
FAM72D,0.0006209336606895591,3.197264943251034,3.1149347295741334,Non-MSI-H
ALDH3A1,0.0006204959877586692,5.421660057190826,5.3417409559597235,Non-MSI-H
ALPI,0.0006185078155334803,3.531123368465327,3.6542680385722166,MSI-H
CEP126,0.0006180239512718925,4.877315794238491,4.412554007603801,Non-MSI-H
CA3,0.0006171008517533647,3.5406902558618945,3.1432261231285903,Non-MSI-H
SAMD11,0.0006159295045415229,4.551333589202897,3.9082409135969964,Non-MSI-H
NR0B2,0.000614208642069146,4.516203485807095,3.6842895786700813,Non-MSI-H
RGS6,0.0006129772864052784,2.525907482213296,2.689385898779009,MSI-H
NOTUM,0.0006114719457743225,6.426631799065075,4.296906993468816,Non-MSI-H
SOX1,0.0006070413307741422,2.5677217438578874,1.2281702656194322,Non-MSI-H
SYPL2,0.0006024186951239199,2.634042666918965,2.329513466199419,Non-MSI-H
ITGAM,0.0006019791824653628,5.218120104947886,5.823042192941962,MSI-H
ANKRD36B,0.000600988877249811,3.7826388318083146,3.9341740353256878,MSI-H
MMP16,0.0006009560574248504,3.7401482853457395,3.6313061606781285,Non-MSI-H
ZNF229,0.0006003223730045583,2.4252891575366,2.252036836390505,Non-MSI-H
HSPA2,0.0005989898852389833,6.363711700566469,5.983693309152701,Non-MSI-H
ADORA2A-AS1,0.0005958733065009777,1.8643639375872736,1.5279245716544465,Non-MSI-H
PTPN13,0.0005956837612934118,6.017432506960904,6.287445595671087,MSI-H
FAM177B,0.0005948325276056369,3.0023798309167136,4.135686605804287,MSI-H
CD86,0.0005931276588919839,5.00738121956855,5.685333764581451,MSI-H
HDX,0.0005896318453254998,3.8534906660773056,3.0404719139122056,Non-MSI-H
GNAS-AS1,0.0005895644940679092,1.399786619750572,0.9255442759880179,Non-MSI-H
PNLIPRP2,0.000589185187850901,3.7859437220031014,2.228451815206827,Non-MSI-H
AFF3,0.0005866433760679915,3.372932600447856,2.974022586972966,Non-MSI-H
LINC00667,0.0005851794643399697,6.641088184718391,5.529761898770296,Non-MSI-H
LINC01619,0.0005840170978969279,2.0066957845880893,2.386696205782096,MSI-H
SLC16A11,0.0005836494767999333,3.4237670557615147,2.8039071377339977,Non-MSI-H
C1QTNF7,0.0005836076977265828,3.228656821190017,2.582409375622379,Non-MSI-H
KRT16,0.0005832787628329385,2.8379473048044352,3.712549306138358,MSI-H
RPSAP7,0.0005822670567855947,2.2232306393405135,2.138669622233505,Non-MSI-H
ATP1A3,0.0005815470830756367,4.195535408352429,4.710369668648261,MSI-H
TUBAL3,0.0005813087653067888,5.013993336059484,4.770744033357681,Non-MSI-H
FXYD6,0.0005808664511220084,5.551863169817087,5.107825199315826,Non-MSI-H
GATA4,0.0005805727435342756,1.5170531772646954,2.7459912061005602,MSI-H
ARHGEF35,0.0005801704454462374,5.313247615048468,4.969105941580743,Non-MSI-H
LOC101929719,0.0005792790596440134,3.1934484786160686,2.7510643961506234,Non-MSI-H
SLC4A4,0.0005790173380951721,4.78481356255548,6.00820812963397,MSI-H
ICOSLG,0.000578444758047553,3.4124456093997284,3.3326408305552326,Non-MSI-H
OTOGL,0.0005766858493350552,2.0687622706049926,1.8490283554008524,Non-MSI-H
RPS19P2,0.000576470588235294,1.3232942869328017,1.3085689218890295,Non-MSI-H
HLA-DQB1-AS1,0.0005730205054416911,2.2526074778508374,2.8006501137934388,MSI-H
ANKLE1,0.0005721779015531509,2.985155325035814,2.5080287555439855,Non-MSI-H
PAH,0.0005721115920006245,3.8935669999122644,1.603473818341261,Non-MSI-H
ADGRL2,0.0005702572237268664,5.6416499456813325,5.524417988646666,Non-MSI-H
WT1,0.0005701197991993642,3.3891478296207125,2.5474469491266842,Non-MSI-H
ID1,0.0005622882473577564,8.379926608567482,7.228048339209192,Non-MSI-H
SLC7A11-AS1,0.0005595967177423436,1.712759810453501,2.2256450503034664,MSI-H
LINC02159,0.0005592234589157166,1.9198328122207635,1.3158948890649735,Non-MSI-H
EYA1,0.0005540987794916557,2.9885250137821346,2.2384443851315936,Non-MSI-H
IGFL2-AS1,0.000552669958805619,2.2399181001691693,1.9215166121725127,Non-MSI-H
HSPA1A,0.0005524706224712358,6.81460163582553,6.2661112559411025,Non-MSI-H
TMED7-TICAM2,0.0005513927898791218,2.1540056069746574,2.297381054197832,MSI-H
ZNF853,0.0005507329603752157,5.025489951114069,3.98778440767105,Non-MSI-H
SIGLEC10,0.0005485185610702617,5.022507109204437,5.436049661826582,MSI-H
SPP1,0.0005458556710901411,7.334518214311284,8.449332191366512,MSI-H
LMNTD2-AS1,0.0005450069329184594,3.7590610185644837,3.7262674623989613,Non-MSI-H
LOC105376805,0.0005442743689114446,4.134700645136634,3.301511471962811,Non-MSI-H
CD164L2,0.000544036142571787,2.1420906912692486,2.9861808861741737,MSI-H
RAB3C,0.0005435511538108583,2.515320916128593,2.3101944169368616,Non-MSI-H
MIR99AHG,0.0005388498006074306,2.3308843957407666,1.7726632058024083,Non-MSI-H
GJA5,0.0005384695213663307,5.0946044280702045,5.17183347138711,MSI-H
PXDNL,0.000538373688752501,2.325866373124954,2.2689879825810606,Non-MSI-H
CCDC80,0.0005380200860832137,6.766049328576198,6.882601215042252,MSI-H
CCL26,0.0005353241122410715,2.817828255554833,3.463152752131543,MSI-H
RPL10P6,0.0005329667023346364,3.9748501421373814,3.6514604346947324,Non-MSI-H
NEFL,0.0005297867436348187,2.1669741994571305,1.984843990660911,Non-MSI-H
SHC2,0.0005275312421363572,5.805902047089769,5.687011564033311,Non-MSI-H
FOXO3B,0.0005250683380607102,2.9747055974096144,3.001706117820666,MSI-H
CADPS,0.0005244156921622679,6.389591473776764,4.867231050961633,Non-MSI-H
FAM86B1,0.0005226884798737084,3.7455829720589002,4.099390478940316,MSI-H
XCL2,0.000520529302919327,1.5451511774400581,2.2453615414800705,MSI-H
VSTM2A,0.0005199807620923977,1.294031613403839,0.7475959229936581,Non-MSI-H
MYCN,0.0005186547308720805,4.16470882899363,4.128658482852951,Non-MSI-H
CHD5,0.000518410032784598,2.7092432934994912,2.7635823808197584,MSI-H
SERPINE2,0.0005173536094269319,8.056703356842208,7.118437823436077,Non-MSI-H
ABCC6P1,0.0005157121069980726,4.038630834519694,3.264477355883056,Non-MSI-H
KLHL14,0.0005133031029887119,1.9138654326558828,1.9466455056283059,MSI-H
IGHV4-61,0.0005132728246265838,3.4852131462490767,3.4360109055566386,Non-MSI-H
AVPR2,0.0005131805242865941,2.6926759357299903,2.4061078397948803,Non-MSI-H
FAM131B,0.0005078096147180981,5.12392775907565,4.523539922692543,Non-MSI-H
SPOCD1,0.0005050727672110434,4.3189676322632025,4.536181165053136,MSI-H
SLITRK2,0.000504135987700288,0.9177499215117125,1.3603647564157093,MSI-H
IL37,0.0005005407418712136,1.9781884773736904,2.1504997428054353,MSI-H
SLC6A8,0.0004977446877109386,7.979196648506614,8.020622857882707,MSI-H
CALCA,0.00049773266509895,2.654360886321782,1.066777349347132,Non-MSI-H
TSSK5P,0.000496057343591536,3.2240518674954854,3.1782831012276906,Non-MSI-H
GCG,0.000495356037151703,1.9360074819674757,1.2176711618396767,Non-MSI-H
NCR3LG1,0.0004945302426317103,6.248705678941117,5.952546048023124,Non-MSI-H
WFDC10A,0.0004940947951745469,1.3798988365444906,0.39827647372787,Non-MSI-H
TTC23L-AS1,0.0004939908261412761,3.3136526166956317,2.305911542944877,Non-MSI-H
NPEPPSP1,0.000492780618755753,2.334932119064694,2.093911213701124,Non-MSI-H
LOC729654,0.0004912441309223544,3.285614235556811,2.4115247789033867,Non-MSI-H
SLC51B,0.0004905263992389408,4.789979806298434,3.3543416765007192,Non-MSI-H
DPP10-AS1,0.0004904050578594377,1.6954148546159866,0.6893347714991617,Non-MSI-H
ALDH8A1,0.0004902156870588549,2.3751468091437973,2.612019330616193,MSI-H
BLK,0.0004902156870588549,2.6772553818219356,2.560653988834016,Non-MSI-H
PLIN4,0.0004883332987766898,4.020952554252441,3.6115980706592667,Non-MSI-H
ASB12,0.0004878481590530519,2.521838542719555,1.7128562426436313,Non-MSI-H
GP2,0.00048641515256899495,2.2332652060961626,4.123062338234162,MSI-H
ADAMTSL3,0.00048637456399994443,3.876091254357412,3.202049231661389,Non-MSI-H
IFIT3,0.00048621930181228846,6.399359127872329,6.972404742716201,MSI-H
HGD,0.0004861161215844316,5.501931905777859,5.259705505207627,Non-MSI-H
APLP1,0.0004857142040156662,3.572542480256678,4.130835325797197,MSI-H
SORBS2,0.00048466969234740084,6.542170206416512,6.353914733657956,Non-MSI-H
SFTPA2,0.00048315782191640436,3.301134193369154,3.58304236814778,MSI-H
SALL4,0.000481540082029658,4.762278681677091,3.4919247370871362,Non-MSI-H
SLC4A8,0.00048122712539843364,4.842279686077893,4.3146775032652,Non-MSI-H
CHRM3-AS2,0.00048076267761611397,2.4077831221615202,2.4697894039739663,MSI-H
CA8,0.0004797497786189613,4.618556262607158,6.200883649371877,MSI-H
LOC107985433,0.000479105669417088,1.7840201347577,1.0601033737984848,Non-MSI-H
RFLNA,0.0004790148913453497,6.873114267066947,6.566988563200894,Non-MSI-H
KIAA1549L,0.00047877086461665686,4.004922421511101,5.1084401671527555,MSI-H
CREB3L1,0.0004768559910073535,7.806540301715213,8.943760659627038,MSI-H
FMN2,0.00047600951062976786,2.023565968947884,1.1810055998540658,Non-MSI-H
MKX,0.0004751639045491203,3.8023653456609527,3.2100250611708194,Non-MSI-H
ECHDC3,0.0004750806298202604,4.331898332339873,3.684967378740769,Non-MSI-H
IQSEC3,0.00047418952109812057,3.2115951210582003,3.401415979509703,MSI-H
TRPM5,0.0004737246543612929,4.1297586440210114,3.376443145477708,Non-MSI-H
SH3GL2,0.0004732934397813307,1.5968071134108779,1.321450827736051,Non-MSI-H
XDH,0.0004729677924850505,6.297737894756086,6.270432387938606,Non-MSI-H
PAPPA2,0.0004717562284468955,2.168833020861946,1.756714526844282,Non-MSI-H
SLC9A3,0.00047159460302759865,6.143105555635627,4.8213737114401,Non-MSI-H
TNS1,0.0004715679855183424,7.598643743808406,7.372729842506709,Non-MSI-H
CPNE7,0.00047019156459235254,6.717771845640623,5.952913821599389,Non-MSI-H
TENT5C,0.0004693592341404035,6.385149280951006,7.0057526056987305,MSI-H
CLCN4,0.0004684939480206826,5.522679069526901,5.715328859335748,MSI-H
IGKV1D-8,0.0004684575421265029,2.906414184450005,2.7493307751836755,Non-MSI-H
NSUN5P2,0.00046779317109681433,4.143836830746846,3.3454643365755983,Non-MSI-H
IGLV6-57,0.0004668385794665092,4.969492306698317,5.241657137743477,MSI-H
TRAM1L1,0.0004666990763247448,3.0478103345339,2.4609794687213173,Non-MSI-H
CABCOCO1,0.00046540391771376677,1.909273736550862,1.2569430570912516,Non-MSI-H
ADIRF-AS1,0.00046539305685631163,4.721468855366394,3.9197036063199127,Non-MSI-H
ZNF568,0.000465374545782963,3.7804694705776756,3.436810128614581,Non-MSI-H
DPYSL4,0.0004627609641294148,2.835933746799767,3.087622997606351,MSI-H
ANKRD36,0.00046229808980830834,4.263276343420764,4.299835182274073,MSI-H
CXCR6,0.00046069523916926936,4.704863352874325,5.237159369075348,MSI-H
PGBD5,0.0004602378819807024,4.795818649544824,4.12083471544222,Non-MSI-H
DHRS2,0.0004595494936116791,4.195572762475094,4.170848167275676,Non-MSI-H
INHBA,0.00045943758863249874,6.803113036036607,6.947254640428363,MSI-H
STC1,0.00045829752883889274,6.002345355354492,6.257164705715175,MSI-H
LGI2,0.000456859200978177,4.734637238856413,4.891913557454898,MSI-H
DOCK3,0.00045661898572126156,3.0776011191391563,3.4014551602966527,MSI-H
LEMD1,0.00045597729249474597,4.271528305197,4.17554390377046,Non-MSI-H
NKD2,0.00045512235033456645,6.654837880856188,5.276464276350055,Non-MSI-H
MYOM3,0.00045423552058649946,6.669360378475275,5.015779902693958,Non-MSI-H
ABCA13,0.00045323273777446145,3.501968226581677,3.005000615965555,Non-MSI-H
LDB3,0.0004523292396278347,3.3005741233241808,2.884906801911767,Non-MSI-H
UGT1A8,0.00045166747419336323,2.849830400871664,1.6435880712346016,Non-MSI-H
ZNF714,0.00045163021712215994,5.435871509271781,5.415551888743488,Non-MSI-H
TMEM72,0.0004507285219856282,3.2187768667906904,1.9212218340706233,Non-MSI-H
FAM106A,0.0004507066794999463,1.5528703272913174,1.6008337335949134,MSI-H
CACNB4,0.00044997918846253365,2.968088943201892,2.54844888314621,Non-MSI-H
PLOD2,0.0004489986023713798,7.708766843812603,7.3971349575868075,Non-MSI-H
DOC2A,0.00044883259830623374,3.8984607705733767,4.080058002724896,MSI-H
SLC38A11,0.0004481067243640658,3.875278292896508,2.9201612383998596,Non-MSI-H
KCNE1,0.0004469024076867212,1.340078428509923,1.8507551597609604,MSI-H
EYA4,0.00044540220877024145,2.1285429364635235,2.168846682394645,MSI-H
TM4SF5,0.00044488383588729626,6.201293277980859,5.594560100766162,Non-MSI-H
TEX43,0.00044314544637839365,2.5500964179913725,0.8202552598560846,Non-MSI-H
PLA2G4E,0.0004430834918671521,3.124653401887734,2.032155169955416,Non-MSI-H
FPR3,0.000442432123119475,5.722149157477436,6.323135376600058,MSI-H
SESN1,0.00044030127349300134,7.533274660401076,6.528378137916902,Non-MSI-H
ZNF548,0.00043995519573925755,5.334055779642815,5.2809667354582395,Non-MSI-H
CDKN2B-AS1,0.00043990933590783924,2.8946285810851218,2.551354269254052,Non-MSI-H
KCNS3,0.0004393759378800352,5.471132478742347,5.240304651883841,Non-MSI-H
MMP12,0.00043799758961172514,6.916945902121671,7.868412434089096,MSI-H
PRKCG,0.0004376677301565035,3.311226975284759,4.3615040576819295,MSI-H
CD226,0.0004374397608505772,3.523701953487416,4.0583303145058345,MSI-H
CD300E,0.0004369737581007171,3.534566454718072,4.295248377865538,MSI-H
TSPOAP1,0.0004365235266338878,6.001294577975155,5.671505196800194,Non-MSI-H
SLC44A5,0.00043622898313498763,4.4364895824833965,3.371371281156648,Non-MSI-H
AMT,0.000435121892235802,6.122508983268998,4.7973626084488,Non-MSI-H
RAB38,0.0004347811941457749,3.686294447812518,4.0555351570934475,MSI-H
GRB14,0.0004337242985495208,3.5016027175527507,2.846378397190971,Non-MSI-H
DPEP2,0.00043368834119697036,3.6405527357548206,3.9223662873287455,MSI-H
SPAG1,0.0004330435878054925,7.178817045467525,6.522368214736922,Non-MSI-H
HOTAIR,0.0004283672847872723,1.397962083608107,1.9070398994888453,MSI-H
FFAR4,0.00042699584164276926,5.568308868359197,6.589519319607273,MSI-H
LINC01018,0.00042556551414029347,1.2938268732887237,0.761594803426006,Non-MSI-H
DGKG,0.0004242246980200813,4.324294826124133,4.28658856764424,Non-MSI-H
DNALI1,0.0004240329245796117,4.492065737098076,4.489363701728751,Non-MSI-H
RPL6P27,0.00042373212906736185,5.240704778910153,5.034154528144653,Non-MSI-H
TIFAB,0.0004227721554571649,2.5587136572433367,2.856692708924165,MSI-H
KIF26B,0.0004213240946081773,5.807464381402241,5.763645228011878,Non-MSI-H
LRRC37A2,0.0004199744426461903,4.5587429049929815,4.2781285061244185,Non-MSI-H
LRRC34,0.00041973109161887135,4.00891811067543,3.5642188842816083,Non-MSI-H
VTN,0.00041874575397662055,2.13814315124165,2.227571231174628,MSI-H
MXRA5Y,0.00041769984089433344,2.5787726415303847,2.522759563269774,Non-MSI-H
PROX1-AS1,0.000417088049407492,3.56221082751743,3.400821736124389,Non-MSI-H
PLD4,0.0004162178087377192,3.651049427203437,3.278109805842767,Non-MSI-H
LINC01979,0.0004160788588299849,4.081919023457483,3.9562865293543434,Non-MSI-H
SMARCA1,0.00041347492837596843,5.63427603858038,5.460648551090544,Non-MSI-H
POT1-AS1,0.0004127793174446318,1.866351162404303,1.7607293120049923,Non-MSI-H
CELF3,0.00041220501578557837,3.4488730774300893,2.253409242505913,Non-MSI-H
CAB39L,0.0004106259033769873,6.630686751727399,5.098557427774486,Non-MSI-H
UGT2B10,0.00040969975950177177,1.6536709411877635,0.85685862748219,Non-MSI-H
ADRA1D,0.0004084967320261438,2.2015528361485357,1.585185771618482,Non-MSI-H
IL11,0.0004075830318276984,4.312048613178206,4.39059841538017,MSI-H
PHYHD1,0.0004074357015533487,3.925054663102544,3.615230578107028,Non-MSI-H
KLK11,0.00040650072677402666,4.723529416266793,5.816468127300474,MSI-H
FENDRR,0.00040332827385386477,5.807831396947416,4.91987159438546,Non-MSI-H
TTYH1,0.00040227571391094187,3.3102066131584613,2.8298728270186535,Non-MSI-H
LOC100506606,0.0004012021475256769,2.7094063809543756,2.805674378963995,MSI-H
OSR2,0.0003995189065966567,4.734856825192719,5.655073343853229,MSI-H
PIWIL2,0.0003993982248791284,5.1961175411902305,4.4118524398627965,Non-MSI-H
GIPR,0.00039870469596335845,3.9978110406444616,4.3270182742406265,MSI-H
RPL6P10,0.0003981052564851077,5.0293342995496,4.986014871344561,Non-MSI-H
DPP4,0.00039767250986416067,6.75259155249338,7.1529003401649405,MSI-H
LINC01801,0.0003976241954322919,1.7932462385441053,1.7212248566022097,Non-MSI-H
FOXA1,0.0003958987087122061,6.320014325963791,6.756293490901181,MSI-H
S100A7,0.0003958619004546669,1.0128688629803082,0.8043442001334188,Non-MSI-H
HMGB1P49,0.0003955758519464734,1.099040161276358,1.0235690238160078,Non-MSI-H
CD79B,0.0003949460260840543,4.182818187634129,4.182740737456934,Non-MSI-H
R3HDML,0.00039407767730205754,4.032751033253543,1.9601617325639582,Non-MSI-H
HNRNPA1P49,0.0003937857036100305,2.199919247698654,2.1126714766153327,Non-MSI-H
HECTD2,0.000390757984081172,4.607031637453832,4.733371166429035,MSI-H
ADGB,0.00038891589693728734,2.0136481396821964,0.49923059639989137,Non-MSI-H
AIRE,0.0003866550077048563,2.014284660475742,0.9630145269963206,Non-MSI-H
DCDC2,0.00038653454213226503,3.914444418000613,4.16672767168872,MSI-H
KIF25,0.0003832204946756029,2.6099063771539983,1.8197685459725412,Non-MSI-H
PRDM16,0.00038229537965623814,3.9598964787609203,4.781613311779938,MSI-H
SST,0.0003821827030478312,1.665910385277423,1.2713355004034035,Non-MSI-H
IGHD,0.00038201506919104843,2.9282285782281754,3.307124903393751,MSI-H
GLIDR,0.00038163556847626266,3.275565177361271,3.077314069088233,Non-MSI-H
SRGAP2C,0.0003759819651426352,3.8255858056272802,4.417115435950112,MSI-H
TTC24,0.00036875525740815346,1.2306303023738288,1.971758647336174,MSI-H
CTSV,0.000368688444387862,6.323311337780609,5.227185426254638,Non-MSI-H
FADS6,0.00036703771886057726,2.295192332576694,0.6440099639727036,Non-MSI-H
PLA2G3,0.00036604439120162393,2.551068915808144,3.974572632656161,MSI-H
NPM1P25,0.00036548146249543146,3.393739612694377,3.5187282210896305,MSI-H
IGLV10-54,0.0003640968176423937,3.43793597389199,3.531898699812169,MSI-H
FER1L4,0.00036079622572786336,6.25671775694286,4.930599590513764,Non-MSI-H
LY6G6C,0.0003584778671283862,3.4579872307745747,2.717731371798429,Non-MSI-H
TFF1,0.0003576394650397336,7.175432091377182,7.78356143478361,MSI-H
RADX,0.0003554225438385268,4.054800992457666,3.9604755261161144,Non-MSI-H
ROS1,0.0003552492876091168,2.0246946433561868,1.5289273265127814,Non-MSI-H
TLR7,0.00035275287972715805,3.770822898991293,3.943614303247261,MSI-H
SLC16A9,0.00035212325751250717,5.696879932443357,4.737399597136668,Non-MSI-H
SVOPL,0.00035045896470130495,1.7347150035220817,0.8079071159299287,Non-MSI-H
TMPRSS11E,0.00034338079469925324,1.0279884373561388,1.0428453772287503,MSI-H
NXPH3,0.0003424723798984614,4.200803805475064,3.270833835712453,Non-MSI-H
FGA,0.0003414763573153816,2.504019769259453,1.5921280617330027,Non-MSI-H
SLC1A1,0.0003414758655895805,6.0222935131312285,6.70545548754487,MSI-H
IGHV3-35,0.0003362509043111442,1.9446902163659303,1.7308165540601883,Non-MSI-H
KISS1R,0.0003348912274009332,1.7106307366638462,2.157085298811639,MSI-H
LOC441179,0.0003348225914402255,3.5328770144431942,2.904928563766289,Non-MSI-H
LDLRAD1,0.00033369184523317067,1.8133604664745482,2.2959295547610803,MSI-H
PNMA2,0.00033345222041760125,4.364436730708628,5.217885783313872,MSI-H
ELOVL7,0.00033332119508177287,6.421785151548759,6.940891600248475,MSI-H
ABCG5,0.0003311954925562506,2.6368671121806693,3.326768622440925,MSI-H
CD84,0.0003267482874560081,5.1694425501267975,5.667476386681588,MSI-H
SPATC1,0.0003253039447834999,1.74381380157128,1.8808512659573848,MSI-H
CSF2,0.0003241854821341749,2.381849537533146,2.791423980662001,MSI-H
LOC105375304,0.00032305280480097505,2.069258050707763,1.7767140226835663,Non-MSI-H
GYG2,0.00032299943768734245,6.4738636101595155,5.311852506535891,Non-MSI-H
ZNF488,0.0003217508088716295,4.20736374775427,4.87929749088611,MSI-H
CBFA2T3,0.0003151649344055818,4.776034153067727,5.427209887472841,MSI-H
PPIAP39,0.00030905155706919044,1.6138846207256619,1.1683237908486332,Non-MSI-H
KIF12,0.00030661072762993815,6.947253457796537,6.173877657142716,Non-MSI-H
IGHA2,0.00030274169424070755,8.387178134981284,7.437548801056884,Non-MSI-H
GATA5,0.000301650687407071,1.3886376617069076,0.9605340358704969,Non-MSI-H
VIPR2,0.00029698881314714373,2.8017830067988867,2.1650970195251,Non-MSI-H
CCDC136,0.0002934254343990954,4.023078422278734,3.723688817465956,Non-MSI-H
FAIM2,0.00028943109975582257,5.90587086344833,5.174607471628462,Non-MSI-H
SCIMP,0.00028814519071079147,4.104138173131303,4.626249924929806,MSI-H
CFI,0.0002854542115475209,6.16929950503236,6.20907745982158,MSI-H
LINC00659,0.00028428565798238576,3.2729231536578434,3.6407331031137145,MSI-H
COL9A1,0.0002830711804225989,4.6976713400776795,2.8250654000821247,Non-MSI-H
PTPRR,0.00027853135133392397,5.36064074794939,5.932749720720874,MSI-H
PIGR,0.00027769113453742373,10.293678491714903,10.77254893475958,MSI-H
IGKV5-2,0.0002775694604958097,2.2216381960696334,2.704177081991125,MSI-H
CBLN1,0.0002758246726736892,3.4711574939172434,1.9320455514291057,Non-MSI-H
CHMP1B2P,0.00027292794961524496,2.5955644990475397,1.3112350931906378,Non-MSI-H
HSPB6,0.00027288937166073643,4.915333510587376,3.8454346555807546,Non-MSI-H
VWA3B,0.00027273257925962955,2.6833426658971975,3.2749404691481927,MSI-H
HCAR2,0.00026970195788297456,3.0361102489413794,3.9133933705741994,MSI-H
PLAAT1,0.000269196919025491,1.1941507520803993,2.180549129898451,MSI-H
TTN,0.0002691781612277177,4.873553601978857,4.712399856745559,Non-MSI-H
UBD,0.0002681952652970407,5.689844255348973,6.270393887248192,MSI-H
SYNPO2,0.00026708251535708906,6.496277340668422,5.912652845767341,Non-MSI-H
IGKV1D-42,0.0002658210391102743,1.6764685498471703,1.421768220030928,Non-MSI-H
TENM3,0.0002652233693132946,4.086071005181756,4.633596379882418,MSI-H
DLGAP1-AS5,0.00026385711122592045,0.76457125025279,2.547166100867375,MSI-H
TPSAB1,0.0002612301118168777,4.901482496425749,4.589686868286165,Non-MSI-H
IL1A,0.000259878636676672,3.812597348702671,4.106479007063943,MSI-H
C2orf72,0.00025916293187995657,6.519205002607039,6.866147190759189,MSI-H
SEC16B,0.00025896827167820515,3.834718994901191,3.1774689441372006,Non-MSI-H
SCAT8,0.0002589249493897088,2.525403485471622,1.937783340413026,Non-MSI-H
CXXC4,0.00025891387956765525,4.7904284321569754,3.8775987592009287,Non-MSI-H
MYO1H,0.0002587070316473845,2.2017114149959687,1.6291817218105542,Non-MSI-H
PCDHGB6,0.00025846537025583883,3.682107692896276,3.2642482538755635,Non-MSI-H
AIF1L,0.00025793916655500476,4.972749654338161,5.891821653555106,MSI-H
L1CAM,0.00025711768655338967,5.157484164261052,4.165429588681961,Non-MSI-H
CYP2C18,0.00025669453635918576,3.9502395250961206,4.451310570245548,MSI-H
ST3GAL1,0.000256650475801767,6.702816231675444,6.735241539868291,MSI-H
CTXN1,0.0002563218283669037,4.17035438199226,4.99726789834242,MSI-H
FBN2,0.00025599979937974927,5.142987445701014,4.98023381714364,Non-MSI-H
ZNF80,0.00025583749878672126,1.0007125846298852,1.3300937361921303,MSI-H
CRISPLD1,0.0002557196609932203,4.30732098774457,3.923640524171617,Non-MSI-H
RNF43,0.00025507934255833073,9.291812791878469,7.870093328542154,Non-MSI-H
CYP4F8,0.0002550021860148716,2.1143387051064195,0.832351170633731,Non-MSI-H
ASCL2,0.00025495105466508805,8.169244297524617,6.0149337017227325,Non-MSI-H
BSN,0.00025486732651125405,3.367254167573171,3.2235689732994572,Non-MSI-H
IGHV3-25,0.00025468414795505134,1.2603228232399533,1.0138381875545268,Non-MSI-H
C7orf57,0.00025431027871121795,1.232413924378637,0.9890181273995491,Non-MSI-H
GNE,0.000253834414004506,7.518877755871127,7.723667517392223,MSI-H
ACTC1,0.00025366628809933616,3.1461986653270992,2.8676638759995594,Non-MSI-H
TOX,0.00025350903671282496,5.264472718715692,6.207078071284054,MSI-H
SLC22A11,0.00025350477871537825,4.086118327397291,1.280153550296854,Non-MSI-H
CYSLTR1,0.0002534365544214268,3.6315452919942546,3.6514477863228203,MSI-H
PTPRN2,0.0002531475823249977,7.03379227241039,7.183301911586623,MSI-H
TCF23,0.00025305076260017447,1.244245628621975,0.9783379374226409,Non-MSI-H
PADI2,0.0002529450856219115,7.10081628084756,6.748548214577362,Non-MSI-H
GSTM3,0.0002526295050715269,6.170494020040664,5.446836659813092,Non-MSI-H
SERPINB7,0.0002524230895530572,1.6613230579456941,2.6537882197336633,MSI-H
TMEM170B,0.0002523630356978983,4.982560126164063,4.2694382589826105,Non-MSI-H
CATSPERB,0.0002522982521834964,3.7477209653386776,4.210078246628399,MSI-H
MTCO1P53,0.00025219253215489636,1.824648255776265,1.802715912714327,Non-MSI-H
ERC2,0.0002519138912517174,1.9200451690912606,1.8367039910328444,Non-MSI-H
LINC01602,0.0002518358539627413,1.7361239825122017,0.7689547955152886,Non-MSI-H
STMND1,0.0002518009755322566,2.8137615047937055,1.1298270906316454,Non-MSI-H
CD207,0.0002506196255986341,2.737124915046381,2.2867263050015456,Non-MSI-H
PAPPA,0.00025059626138416736,4.34391614252115,4.492288539329682,MSI-H
PSMC2P1,0.00025013318780129685,3.1614799087030794,2.9587418474471714,Non-MSI-H
CMA1,0.0002499689761824028,1.1827581315040236,1.0870937651266102,Non-MSI-H
AKAP5,0.00024924264224390877,4.923568216161171,5.201229241817381,MSI-H
SCN5A,0.00024911225706225783,3.0192297728737696,1.8531562118229423,Non-MSI-H
HLA-DRB1,0.0002487603940944144,8.535854851092726,9.24393061222527,MSI-H
FAM178B,0.00024806053590076553,3.143013631233152,2.307315491336876,Non-MSI-H
FBXO39,0.00024805338229055184,1.494915557331908,2.204374685788263,MSI-H
LINC01485,0.0002471786677319486,2.4471646442012243,0.9843574002301688,Non-MSI-H
CA12,0.00024715768660405336,7.958119519058459,8.110211407932782,MSI-H
LINC00870,0.00024662124351763307,2.466793197875627,2.056000800357194,Non-MSI-H
NRG4,0.00024628863600028206,2.346489554567022,2.3839549532507203,MSI-H
ZDHHC15,0.0002462151517528798,2.4318678036547503,1.9811323566411494,Non-MSI-H
HRH2,0.00024605055033113417,2.362180227426946,2.907198764456275,MSI-H
ZNF385B,0.00024595203935232616,1.9286672820536124,2.149311154231363,MSI-H
TEX19,0.00024585192108306973,1.320211731204655,1.4476422639018425,MSI-H
C6,0.0002455235203162342,1.9769280267732388,1.499829408322882,Non-MSI-H
TBX15,0.00024528352147044246,2.998037601384684,2.8475644443952928,Non-MSI-H
RPL37P6,0.00024498509154361104,2.7402432594480426,2.2475932630583255,Non-MSI-H
GDNF,0.0002448628225043717,3.368746611938945,2.7237972656739315,Non-MSI-H
CAPS2,0.0002442528241643259,4.095735779819325,3.618719877687384,Non-MSI-H
GOLGA6L2,0.00024355122873074357,1.2081623762082259,0.09559082494595966,Non-MSI-H
CNTN2,0.00024322033675790313,1.6266884475065169,0.9132710643617137,Non-MSI-H
TSPAN32,0.0002426112736606645,2.696534765806683,2.8231975973546604,MSI-H
OCA2,0.00024254485182226876,3.3213660551650106,1.5150753202593106,Non-MSI-H
FCGR1CP,0.000242373171828045,1.1945920347663825,1.7819712958071483,MSI-H
ALDH1L1,0.0002419028728378624,5.007283572003589,6.2678943747567555,MSI-H
LOC100507403,0.00024171145694826818,2.2618871588548166,2.585953930138554,MSI-H
SUCNR1,0.00024152817953184796,3.4829891349372595,4.017257490953526,MSI-H
ERICH2,0.00024066557889066296,4.085822415324717,3.912336766109499,Non-MSI-H
DMKN,0.0002406577605044987,5.726858676720375,6.607870646898828,MSI-H
RBP4,0.00024030347928203946,5.670578920336973,5.068640635574487,Non-MSI-H
F2,0.00024019407681406563,2.298049482697555,1.6160975888354083,Non-MSI-H
FCER1A,0.0002400732502568225,2.6584914535540864,2.0753857368299413,Non-MSI-H
TRAPPC2B,0.00024001143327191215,4.614034204548029,4.600674506559087,Non-MSI-H
PCDHB13,0.00023976796999630837,4.010841789480772,4.315994886429892,MSI-H
PCLO,0.00023965141612200416,5.321714131460422,4.152886128920279,Non-MSI-H
IRAK3,0.00023955559388445064,5.077096298220875,5.261951677068928,MSI-H
STUM,0.00023953101640601678,3.397965618301362,2.3420711662141187,Non-MSI-H
SMIM31,0.0002395292073427479,5.838311274614258,6.437339050565007,MSI-H
SCUBE3,0.00023951280917225177,4.5245547240414465,3.988767872939853,Non-MSI-H
BMPR1B,0.00023933728593421562,2.637322846566553,3.0101442086664076,MSI-H
NEFH,0.00023883256162500444,2.696888217823947,2.690992683882957,Non-MSI-H
PLCB1,0.0002386856233681906,6.257025758173998,5.606991758607038,Non-MSI-H
CST4,0.00023846021900945276,2.246313256951411,1.6526467046424804,Non-MSI-H
ZNF345,0.00023830711955018263,4.541154717695484,3.523631574485384,Non-MSI-H
SLC25A27,0.00023828422361674677,5.248864718735886,4.322185095249803,Non-MSI-H
FDCSP,0.00023795688446489403,2.522935389468881,2.5464056582781027,MSI-H
C3orf80,0.00023752846779393828,3.939320859759565,3.9098554638621428,Non-MSI-H
MUCL1,0.00023710694167198684,1.4423864913072626,0.9575286825109665,Non-MSI-H
EMX1,0.00023702589847733206,2.1211651724341283,3.0912388984392742,MSI-H
C11orf53,0.00023688577470235442,3.782588338647636,4.163179678810491,MSI-H
SLC11A1,0.00023677781045789939,5.282199571515128,5.968099855157086,MSI-H
IGKV1-17,0.00023637499603803276,4.576805115354732,4.578280375911603,MSI-H
TBX21,0.00023582235973286048,2.6358286144164573,3.377816543553342,MSI-H
DAPL1,0.00023572511959868864,2.6371477328061688,1.7101648966106533,Non-MSI-H
IGHV4-59,0.00023565709840219653,5.379142526299261,5.615383473842973,MSI-H
USP51,0.00023554448661184884,3.225826104380997,2.863255279251034,Non-MSI-H
HPN,0.00023541097779653685,3.5787724571617066,3.2715207080064266,Non-MSI-H
DNAH11,0.00023476328422949023,2.1974031094562645,2.512229889793538,MSI-H
CLDN10-AS1,0.0002347058290107074,1.734773355988339,0.5063590609173784,Non-MSI-H
LTK,0.00023461902053694466,4.6146802333293415,5.119121291960022,MSI-H
FAM124A,0.0002342633588680393,3.851101176687829,3.9348540775902823,MSI-H
ACHE,0.0002342633588680393,5.527711387339758,5.501903837119838,Non-MSI-H
LGI4,0.0002342496198874012,4.683003947548433,3.7972825041468017,Non-MSI-H
TREM2,0.0002336609897667107,4.69270433920994,5.224862280818531,MSI-H
SPOCK1,0.00023365844953872938,5.512420287181939,5.777121034734834,MSI-H
GVINP1,0.00023342278941680187,4.095004748761554,4.40705771709688,MSI-H
TAC3,0.00023315564080085156,3.119365102195165,2.7339030208519577,Non-MSI-H
TNR,0.00023304356155928646,1.5535956340452124,1.3121015250437034,Non-MSI-H
PTPN7,0.000233010613633451,5.494977454471492,5.973652395930091,MSI-H
IGHV1-12,0.0002329854437048922,1.6959875350668931,1.6008136828427515,Non-MSI-H
LOC442497,0.00023210462254679847,2.1783563563778086,1.2933926015536297,Non-MSI-H
LINC01996,0.000232099702701495,2.141178535055066,1.0981340544768188,Non-MSI-H
RNF150,0.00023208872026176714,4.068526848532685,3.8561791255681,Non-MSI-H
RAB26,0.0002319235753386566,4.258856487593304,5.208376835180144,MSI-H
MAB21L3,0.00023188332474310998,4.000252673110152,2.9695286486870565,Non-MSI-H
FCRLA,0.0002312022631679085,2.6702160801734993,2.71425002537707,MSI-H
FNDC11,0.0002304340539634658,3.476465295447772,3.0654001894002407,Non-MSI-H
DPEP1,0.00023042877857934078,8.736697966619708,6.628474554881351,Non-MSI-H
ADCYAP1R1,0.0002299714580878102,1.571165454910492,1.3630623629851568,Non-MSI-H
SHC4,0.00022987676802278874,2.944860561438683,2.719127976267573,Non-MSI-H
CAPN6,0.00022987571201471164,4.955312739049351,3.9474628843996697,Non-MSI-H
F13A1,0.00022935826472927594,5.447389655226462,5.550093209530452,MSI-H
CBARP,0.00022933712589581816,3.5159351835488573,3.9942608542574005,MSI-H
DRAIC,0.00022889106896506811,3.474072141053478,2.5193686356889398,Non-MSI-H
KCNV1,0.0002287777445010153,2.683018443462391,2.1183155668907325,Non-MSI-H
RBP1,0.0002287581699346406,6.052687446396386,4.970470501605134,Non-MSI-H
ATP1A2,0.0002287451730498082,3.0161892248284996,2.1149486966356457,Non-MSI-H
CD1A,0.00022862487247927407,2.7708172261885124,2.665711616506044,Non-MSI-H
WNT7B,0.00022825895323796107,2.8692852123540202,3.7290117014476967,MSI-H
CD7,0.00022824716149669048,4.968912489088877,5.758121197234905,MSI-H
FAM222A-AS1,0.00022814818465185773,3.499625830799499,3.0129682084760456,Non-MSI-H
SPDEF,0.00022796110314044334,5.674770280555701,6.869035915688431,MSI-H
TEX45,0.00022766884531590404,4.942585857025993,4.138606271152946,Non-MSI-H
CTHRC1,0.00022765057705972043,6.545521528819979,6.818829701740013,MSI-H
LINC00996,0.0002274143578202481,2.92804261510491,2.9348507484323787,MSI-H
IGHJ1,0.00022733731173628876,1.5840308403057077,1.3758456342276293,Non-MSI-H
ARHGAP6,0.00022691206835548643,4.910016859602013,4.787675454250991,Non-MSI-H
GJB5,0.00022668238201114962,3.2793851195418724,4.924619689593505,MSI-H
AKR1E2,0.00022665644652144156,4.2634208626645735,3.6863319859187142,Non-MSI-H
VWFP1,0.00022665287380905515,1.968197282737056,2.046992057284889,MSI-H
TM4SF20,0.00022623148982948047,4.917150334873448,4.627282750768443,Non-MSI-H
TCF4,0.00022592269342905805,6.698401066564667,6.5465856915684775,Non-MSI-H
HAND2-AS1,0.000225605499716528,2.519573984114892,2.046233118719582,Non-MSI-H
ZNF331,0.00022518194701318686,5.247036798899917,5.208051106168969,Non-MSI-H
HAR1B,0.00022480992133708588,1.7757761757755846,2.7340425637276575,MSI-H
FCGR3A,0.00022476409986064633,6.309456173396422,7.272046790513509,MSI-H
HLA-J,0.00022446162999204637,4.887948218428325,4.980171283401169,MSI-H
PCDHGA12,0.00022325372606887234,3.161537315953949,3.26345059926013,MSI-H
LAMP5,0.00022302075818420765,3.362091717566756,3.20921404265754,Non-MSI-H
NTN1,0.00022248805210265665,4.867312633057401,4.896489751845644,MSI-H
PDZD4,0.0002224608009587536,3.3326439190662027,2.805155003092175,Non-MSI-H
GZMA,0.0002220308047556979,4.70919257847543,5.770807549473866,MSI-H
GLDC,0.00022189945937222633,3.3771215272079647,2.903287477924362,Non-MSI-H
LCA5,0.0002214913410678513,4.321898450675823,4.201272374733846,Non-MSI-H
C1QTNF3,0.0002213529089796839,4.834922822946459,4.593755794397326,Non-MSI-H
ZNF879,0.00021939076063335147,3.672740252838651,3.067418574086946,Non-MSI-H
EN2,0.0002190487066705595,2.8452076166861375,1.399783449312272,Non-MSI-H
CHRM3,0.000218515051172252,6.177836806750662,5.270203345320649,Non-MSI-H
GBA3,0.00021815874023243831,2.551355565236716,2.6155473500842263,MSI-H
IGFBP2,0.00021770593427122874,8.395775632408137,7.959769779822599,Non-MSI-H
CHRM4,0.00021765035127975212,1.8081683872988257,2.0124495591302476,MSI-H
PADI3,0.00021762844743537826,2.8507684120077985,2.53345599264726,Non-MSI-H
MNDA,0.0002174057067566195,4.70855498188064,5.167837065119602,MSI-H
ZFP92,0.00021670914165843174,3.15295304765728,3.0386898425246556,Non-MSI-H
TFAP2C,0.0002159551165937267,4.29766118944943,4.683172730222718,MSI-H
AVPR1A,0.00021336486478098663,3.3658226025421127,3.9629415586501553,MSI-H
DSCAML1,0.00021292981798023424,2.461255981491694,2.170575221576704,Non-MSI-H
IGKV3-11,0.0002126894797402636,6.702090259063554,6.696903620812598,Non-MSI-H
SVEP1,0.00021043603570954105,5.61673052069192,5.262799530825603,Non-MSI-H
RNF224,0.00020308891294643235,2.5093791255752076,2.163139791842877,Non-MSI-H
RNF212,0.00020261958899155878,3.3005770496359608,2.8789117548779966,Non-MSI-H
HMCN2,0.00020258208789835218,5.802552501732011,5.163636901069543,Non-MSI-H
ABCA8,0.00020140441608574572,3.3198094601670984,2.7779637954086303,Non-MSI-H
ADCY5,0.00019862329230520967,4.714864989766977,3.803959200373817,Non-MSI-H
ERICH4,0.00019419474237154482,1.6160398578165716,1.2457388793836297,Non-MSI-H
GPC3,0.00019397674648644452,4.837999046743924,4.971141884116322,MSI-H
IL34,0.00019335660753634818,5.006948386535246,4.0362740455271675,Non-MSI-H
NPTX2,0.00019078822603721285,5.274053371163229,4.287577955955926,Non-MSI-H
ZDBF2,0.00018047704469274596,3.980966175854924,4.096094842909578,MSI-H
TPO,0.0001602716199231385,2.3702063754183955,3.3428056006488913,MSI-H
TFR2,0.00014826983424948942,4.860547364367095,5.136336923044766,MSI-H
TNS4,0.0001469622707770295,8.133793174624575,8.34728289278612,MSI-H
ERP27,0.00014002622959415642,4.911691429588072,3.4000306873460278,Non-MSI-H
CKM,0.00013893574995870402,2.290628106595494,1.5105405644916945,Non-MSI-H
QPCT,0.00013819278555997323,6.96994790222039,5.647715268468156,Non-MSI-H
M1AP,0.00013764280440957491,1.7133545616884136,2.269699100240083,MSI-H
SHF,0.00013686154942577544,5.716544103128301,6.324856067014807,MSI-H
RPL22L1,0.00013654533523948097,7.244243278382615,8.292299615915955,MSI-H
ZNF737,0.0001358885983568911,4.646468867987222,3.629966181877202,Non-MSI-H
TCF21,0.00013357144669898227,4.75814955831833,4.15429989441691,Non-MSI-H
CALHM3,0.0001301070568175155,1.3150040849980584,1.4487433914644074,MSI-H
VSTM2L,0.00012985802463052603,3.959656095495334,3.022399742526739,Non-MSI-H
TTR,0.00012922132938674637,2.2351331340544296,1.5720899496829248,Non-MSI-H
APOE,0.00012812380432279105,7.574451371919062,8.048184857114785,MSI-H
LRRTM1,0.00012746334047365743,2.129597556760909,0.8427388604313939,Non-MSI-H
MCIDAS,0.00012699433679475375,3.332474220263242,3.904435022935686,MSI-H
PLA2G2A,0.00012670225178429537,7.4064167478051655,8.858438251522779,MSI-H
SEMA6A,0.00012669328871096972,6.4572992625694665,5.757088888684273,Non-MSI-H
CCL8,0.00012571247669563695,3.106573996432526,4.089930410373423,MSI-H
ANKRD45,0.00012543958393326207,1.5337990189080113,2.452954664099032,MSI-H
TLR4,0.00012531513301910515,6.435532404940344,6.292911914020937,Non-MSI-H
BTK,0.00012501915616102495,4.506753552040683,4.815695765749618,MSI-H
GSTM1,0.00012490068503105407,3.6760564515410565,3.9734834857703976,MSI-H
SLC2A3,0.00012273969025143087,6.580441985676007,6.906767760980352,MSI-H
C5orf17,0.00012225098138827573,0.9833892489169755,0.7405408424206323,Non-MSI-H
LILRB1,0.00012096031810364353,4.670953745564691,5.183751731178908,MSI-H
RNF157,0.00012092042381275394,6.904466142596074,6.0249392421458206,Non-MSI-H
FOXD3,0.00012078914529130173,1.0139028906381953,0.8378137348163711,Non-MSI-H
RAB27B,0.00012050099425960237,5.377160968987515,6.90335756856113,MSI-H
MX1,0.00012016997881110947,7.343493738855757,7.773103825025699,MSI-H
TNFRSF13C,0.00011983874607272762,3.829373657324114,4.250725188936044,MSI-H
AGR2,0.00011978292844370074,9.786384973092389,11.05378639709277,MSI-H
CD22,0.00011957397338020158,3.8675746950284444,3.8069156066648735,Non-MSI-H
PLA2G2F,0.0001192433567836867,2.2387522649787264,1.8795072535056616,Non-MSI-H
LINC00654,0.00011862315795181861,5.110817357210531,3.74056677196577,Non-MSI-H
FZD3,0.00011832816729871246,6.1635797910248025,6.350905091783638,MSI-H
LOC107985688,0.00011744899710568295,2.39434276939833,2.0042662545880883,Non-MSI-H
BMP5,0.00011650270280792314,3.782154468346462,2.2312094816075505,Non-MSI-H
LOC100506497,0.0001162046220950717,2.050434896970997,2.0238755974799694,Non-MSI-H
IGF2BP3,0.00011513933512267555,3.1717782509056778,4.429765757808784,MSI-H
SCN8A,0.00011497272359233303,4.782529624425027,4.258280392811289,Non-MSI-H
HOXD4,0.00011290755428053989,1.8774538530083305,2.1417213462759594,MSI-H
IGKV1-5,0.00011267745059524004,6.66168649888642,6.749969830171967,MSI-H
FLNC,0.00011263018843030551,6.732027652569716,7.121233316667869,MSI-H
C2CD4B,0.00011204455335915852,4.895566582387952,4.822007565687216,Non-MSI-H
VGF,0.00011180447069955922,4.326086586749899,4.11561858209231,Non-MSI-H
LINC02345,0.0001105111932051404,1.9563208669384646,2.7696318785817837,MSI-H
TPSB2,0.00010867749999681301,4.794827383801588,4.7057864883901175,Non-MSI-H
STYXL2,0.00010364770834916842,5.059272642794561,3.5127413645640275,Non-MSI-H
PABPC4L,0.00010292409385563506,2.629757454686808,2.392948612411966,Non-MSI-H
SLFN11,0.00010058821243316014,5.718656450344765,6.05097941734339,MSI-H
COL9A2,8.944692385218732e-05,5.960615039766377,6.163825682093215,MSI-H
RASL10B,8.816420309212832e-05,4.209842976288002,3.1129492470562923,Non-MSI-H
ZNF675,8.611287810263554e-05,5.566147369078311,5.183524736467872,Non-MSI-H
SNORD12B,8.423999996688332e-05,2.0078177460280715,1.623199415011829,Non-MSI-H
LINC01213,8.380945813027532e-05,1.3641653477049702,0.31817649207588783,Non-MSI-H
IGSF1,8.110129021883403e-05,2.415765982864917,2.2294612004948955,Non-MSI-H
RPL18P13,8.043270521858935e-05,1.677510021106067,1.7036967024824294,MSI-H
KLK2,7.78489210758793e-05,1.1614685720162095,1.0518188876933605,Non-MSI-H
LCP1,7.747867487518035e-05,7.423860077766647,7.917132266420007,MSI-H
MS4A12,7.71057440348286e-05,3.935551173788861,2.589250680265006,Non-MSI-H
STMN2,7.663432585141281e-05,3.91090154810045,2.8490915818125457,Non-MSI-H
HMGA2-AS1,7.650774914202058e-05,2.6447997930214058,2.460926421275899,Non-MSI-H
CREG2,7.650162813034451e-05,2.8342606601781264,3.4372380539576812,MSI-H
BTNL8,7.630235085681954e-05,5.091889203101721,5.019829794969122,Non-MSI-H
LRRN1,7.373667886566262e-05,3.6321366133598647,2.3658075633864093,Non-MSI-H
SLC38A3,7.363228039172373e-05,2.867805674105517,1.3409578194721867,Non-MSI-H
CRB2,7.203284133391525e-05,5.270994155358162,4.122445005815512,Non-MSI-H
CHROMR,6.799224065974296e-05,4.402971700502579,4.138200263705017,Non-MSI-H
NAP1L3,6.560428619213782e-05,3.2547982998054454,2.923108407988054,Non-MSI-H
TFPI,6.533023406702915e-05,6.095375713394551,6.150066995509224,MSI-H
ANTXR1,6.263599197426027e-05,7.841484511851417,7.72358704745717,Non-MSI-H
IGHV2-70,6.14602541325633e-05,3.062008421007336,3.647806065174178,MSI-H
STAC2,5.8374112426927035e-05,1.4299745150529062,1.2820881111324924,Non-MSI-H
SIRPA,5.4986820444665234e-05,6.8479606512247955,7.017441609368109,MSI-H
UGT2B17,5.458764709733244e-05,5.018430800768616,4.547874920787871,Non-MSI-H
IGFL3,4.3933015522246365e-05,1.151336958571509,2.1520909616540065,MSI-H
KCNIP3,4.3424188578800914e-05,3.524404644104485,3.0635229322984454,Non-MSI-H
LINC00114,4.089701016405437e-05,3.402054077678951,3.000160702797041,Non-MSI-H
BCAS1,3.903647337401984e-05,6.852845330889277,6.620599616773273,Non-MSI-H
CCN3,3.8998510155617534e-05,4.734299454967354,4.768857411406313,MSI-H
KLK3,3.7560301356541744e-05,2.64526849188622,2.6395559832815874,Non-MSI-H
DDX3Y,0.0,4.054358329521111,3.7223310502005607,Non-MSI-H
GLIPR1,0.0,6.079930984935164,5.929003174844896,Non-MSI-H
IGHV1-46,0.0,5.147828233259256,5.22346957065428,MSI-H
MOGAT2,0.0,5.961371326709856,5.010784643272927,Non-MSI-H
ACSM3,0.0,6.276262106140926,5.847693210988913,Non-MSI-H
CPVL,0.0,6.085709351857816,6.240132221779989,MSI-H
UBXN10,0.0,6.213508816805098,6.3706263447656895,MSI-H
PODN,0.0,6.121331549259687,5.705162529237935,Non-MSI-H
HAS3,0.0,6.105139324799603,5.770974012716668,Non-MSI-H
HENMT1,0.0,6.5152187699769915,5.23599521508167,Non-MSI-H
ENPP2,0.0,6.064079536580578,6.0135978981189275,Non-MSI-H
ZEB1,0.0,6.094781587184823,5.8482944821818155,Non-MSI-H
FOSL1,0.0,6.014629634613723,6.295669602252231,MSI-H
HS6ST2,0.0,5.359087955326632,6.041655393841099,MSI-H
ACOX2,0.0,6.3159690629185,5.4060114453298045,Non-MSI-H
TMEM150B,0.0,6.337502447182896,5.355387450901326,Non-MSI-H
CD109,0.0,5.383133494725074,6.367112715446964,MSI-H
ZNF264,0.0,6.145951977808043,6.437175773778317,MSI-H
ITGAX,0.0,5.948891141702172,6.415805391421107,MSI-H
WDR72,0.0,5.526987534639818,5.259162299415015,Non-MSI-H
CBX2,0.0,6.189228317761682,6.08705276872127,Non-MSI-H
CNTNAP2,0.0,5.750330965202505,5.675366620571842,Non-MSI-H
KCNH2,0.0,6.166234004260779,5.59237167712213,Non-MSI-H
LIMCH1,0.0,6.03273740711281,6.296099832399869,MSI-H
RUNX3,0.0,6.046813178917702,6.126272746949691,MSI-H
RAMP1,0.0,5.26904550470474,6.719062088255916,MSI-H
NXPE1,0.0,5.465373741970603,5.098592178595987,Non-MSI-H
HMGB1P5,0.0,5.527442596523532,5.412727078757666,Non-MSI-H
NCKAP1L,0.0,6.0130846403443385,6.38143269229414,MSI-H
APOD,0.0,5.674425187482659,4.9878133359735015,Non-MSI-H
GABBR1,0.0,6.030435534222973,6.148719071728624,MSI-H
AMOTL1,0.0,5.935547580734193,5.8784276182671515,Non-MSI-H
MRC1,0.0,5.5507411500542085,6.212871670920133,MSI-H
XPNPEP2,0.0,5.645089503953838,3.4700866151493073,Non-MSI-H
BNIP3,0.0,5.894893777035193,5.68394831313825,Non-MSI-H
CACNA1C,0.0,6.1331401791827105,5.652107477409358,Non-MSI-H
DSC3,0.0,4.8099731422952425,4.596362209790279,Non-MSI-H
IGLV1-47,0.0,5.172179065987129,5.347173459966138,MSI-H
CKMT2,0.0,5.258415856276695,3.294808692451176,Non-MSI-H
RNU4-2,0.0,1.7477947898413957,1.4902297089560215,Non-MSI-H
SEMA3A,0.0,6.042311671539545,5.2336563396592055,Non-MSI-H
IGHV3-74,0.0,5.198721712602523,5.016189777254993,Non-MSI-H
OGFRL1,0.0,6.0443239544523895,6.445401270207972,MSI-H
CPM,0.0,6.080001997343577,6.000420318096163,Non-MSI-H
CHST15,0.0,5.965672147731038,6.364788963990338,MSI-H
PTGDS,0.0,5.85877345250995,5.642010410221838,Non-MSI-H
HLA-L,0.0,5.7508448550193245,5.837561722827662,MSI-H
HES2,0.0,6.143851861385351,5.947369648820908,Non-MSI-H
NXN,0.0,5.951288540225029,6.263356599285834,MSI-H
TXLNGY,0.0,3.745692420766341,3.3372970552701524,Non-MSI-H
LRRC15,0.0,5.795718506742293,5.5366241895679,Non-MSI-H
LINC00261,0.0,6.134978801435699,6.957062457285436,MSI-H
MFAP4,0.0,6.864431114042461,6.330857384281256,Non-MSI-H
CYBRD1,0.0,6.966946041856307,6.908026759352247,Non-MSI-H
GDPD5,0.0,7.078030679700879,6.326886938476828,Non-MSI-H
MATN2,0.0,6.887432827631869,7.17758663148306,MSI-H
GRIN2D,0.0,7.021855561923676,7.112949272668009,MSI-H
UNC13D,0.0,6.945233069180263,6.851639170288108,Non-MSI-H
HEG1,0.0,6.8808346760284,7.007088615307509,MSI-H
ST3GAL4,0.0,6.75765826188493,7.199317057556759,MSI-H
IYD,0.0,7.2480084121941335,6.037962097509837,Non-MSI-H
AKR1B10,0.0,5.562925438521854,5.23425047467638,Non-MSI-H
HEPACAM2,0.0,5.030102104280586,5.623041734297444,MSI-H
GPX8,0.0,6.081162208578366,6.302962457093193,MSI-H
ASRGL1,0.0,5.987665631219933,6.542429331479695,MSI-H
MSR1,0.0,5.633925745754717,6.330189399476364,MSI-H
EDNRA,0.0,5.932494297006432,5.701179815382638,Non-MSI-H
FRY,0.0,6.029318020568145,6.052148501801613,MSI-H
MAP1B,0.0,5.854276303129778,5.661776568288494,Non-MSI-H
MAFB,0.0,5.908585169036198,6.361923252438578,MSI-H
MPV17L,0.0,5.546866132714927,4.336984219259802,Non-MSI-H
PDZRN3,0.0,6.079993851303208,5.8887834594640385,Non-MSI-H
EPB41L3,0.0,5.776489036926431,5.8132346951632625,MSI-H
CCL21,0.0,5.378758926720439,5.391885352928689,MSI-H
NUDT12,0.0,6.150197924078536,5.494171028055012,Non-MSI-H
SIM2,0.0,6.101867059086371,5.874064090095805,Non-MSI-H
VCAM1,0.0,5.997414549968806,6.070858150047465,MSI-H
DHRS9,0.0,5.188584817390334,5.10044096173645,Non-MSI-H
GRM8,0.0,5.808508056936182,3.4813447734751883,Non-MSI-H
TMPRSS3,0.0,5.634352244730469,6.3238020998708295,MSI-H
SGO2,0.0,6.194068669242371,6.050165407537001,Non-MSI-H
MEG3,0.0,5.867590559197895,5.612187463514052,Non-MSI-H
LCK,0.0,5.782514561684929,6.494438715371955,MSI-H
KDM5D,0.0,3.936711778914844,3.6465903884269406,Non-MSI-H
CDA,0.0,5.925593758580169,5.618064516554939,Non-MSI-H
KRT5,0.0,2.48442527605577,2.469221265320811,Non-MSI-H
RETNLB,0.0,4.974127417570464,4.450367295749654,Non-MSI-H
CDKN2B,0.0,5.99720908074613,6.057464084805628,MSI-H
BASP1,0.0,5.9454280355465645,6.097975568236995,MSI-H
SDR16C5,0.0,5.181247248443141,6.670206922839061,MSI-H
DERL3,0.0,6.011553580923804,5.852807837744215,Non-MSI-H
IL10RA,0.0,5.859218569110407,6.337161611560487,MSI-H
MTCL1,0.0,5.7654829895554345,6.318612819994376,MSI-H
RPL10P9,0.0,5.255304970090557,4.930725784202601,Non-MSI-H
SLIT3,0.0,5.765653992700504,5.427721820948191,Non-MSI-H
RASAL1,0.0,5.721249500040034,6.151305036711544,MSI-H
TSPAN7,0.0,6.0397277276252765,5.488279565326126,Non-MSI-H
FIBCD1,0.0,4.900468484694036,5.598638543661446,MSI-H
NIBAN1,0.0,5.797807532174602,5.947268792089858,MSI-H
B3GNT6,0.0,4.376066987641851,4.843976703778814,MSI-H
GBP5,0.0,5.308428985019918,6.373983520766699,MSI-H
CD177,0.0,4.401092076281562,4.794347960382472,MSI-H
FRZB,0.0,6.009887325032136,5.20537218480629,Non-MSI-H
SCIN,0.0,5.793862625367943,5.820022866543721,MSI-H
KRT6A,0.0,3.2169873994118325,3.579086517178394,MSI-H
HLA-DOA,0.0,5.59200849536381,6.212748607383254,MSI-H
IGHV1-2,0.0,4.653986014365074,4.6423053123678635,Non-MSI-H
HBB,0.0,5.457230938168066,5.521619800946889,MSI-H
NR3C1,0.0,5.892234837625797,5.979512478137601,MSI-H
GUCA2A,0.0,5.399260773318607,3.8098441421354825,Non-MSI-H
LAMA2,0.0,5.729974849605462,5.540781994038779,Non-MSI-H
SHROOM2,0.0,6.072580144463475,4.743415185017618,Non-MSI-H
PRAC1,0.0,3.5527716081240945,1.8479988160465768,Non-MSI-H
FAP,0.0,5.5507503403991105,5.8455936662692,MSI-H
DSG3,0.0,4.531203238305815,4.759649609297105,MSI-H
MSX2,0.0,5.7108748418821875,5.482136060523991,Non-MSI-H
G0S2,0.0,5.802409551039308,5.993069542893729,MSI-H
PDE4B,0.0,5.8468054624347525,6.334789936282439,MSI-H
NR2F1,0.0,6.051176726767661,5.743509355793246,Non-MSI-H
SP5,0.0,5.788391293034852,5.328623088529524,Non-MSI-H
NCF2,0.0,5.716860129804497,6.452100118097942,MSI-H
CDIP1,0.0,6.030493314354118,5.5974760614332375,Non-MSI-H
IFI44L,0.0,5.203750539582525,5.622878110942523,MSI-H
ZNF117,0.0,5.995774559909045,5.441641689795256,Non-MSI-H
PITX2,0.0,6.162975916864058,5.3810812965720904,Non-MSI-H
SSC5D,0.0,5.559836215152248,5.404014544019769,Non-MSI-H
HSPA4L,0.0,5.589879103857745,6.620805030149648,MSI-H
HERC2P2,0.0,6.073448525123047,5.670655111386807,Non-MSI-H
SIDT1,0.0,5.904642192994411,6.383734137973356,MSI-H
ZNF618,0.0,5.774823224922747,6.707044053105082,MSI-H
SCAMP5,0.0,5.970536655914955,5.393287661914805,Non-MSI-H
FRMD6,0.0,5.738080874257257,5.950311421783738,MSI-H
HAAO,0.0,5.950901861635724,5.284908309166836,Non-MSI-H
CCL2,0.0,5.77542190816733,5.957055454516814,MSI-H
GLIS2,0.0,5.932705290417418,5.730285169486833,Non-MSI-H
NHS,0.0,5.883941619986712,5.806899328702502,Non-MSI-H
MTX3,0.0,5.987813272364365,6.0118118625998225,MSI-H
SLAMF7,0.0,5.602394417112074,6.176515284156436,MSI-H
STRA6,0.0,5.515342447263434,4.508060018352551,Non-MSI-H
IGHV3-11,0.0,4.931554513835744,5.044087885453263,MSI-H
SNRPN,0.0,5.8930403698823355,5.300580418558573,Non-MSI-H
PLXNC1,0.0,5.79868303604602,6.168970393513077,MSI-H
FAXDC2,0.0,6.065356961350989,5.221009697822604,Non-MSI-H
HSD17B2,0.0,5.568216891873827,6.033216867133699,MSI-H
GUCY1A1,0.0,5.65649404907467,5.646670057487552,Non-MSI-H
RASSF2,0.0,5.870698065997753,5.9779127401707814,MSI-H
SBSPON,0.0,5.2839951348302625,5.637885219457473,MSI-H
PKP1,0.0,5.600380154909943,4.505979901679493,Non-MSI-H
TSPAN18,0.0,5.919081884531665,5.658686283847719,Non-MSI-H
PTAFR,0.0,5.750677582665168,6.439133267930757,MSI-H
S100A2,0.0,5.420480460709793,4.94477548013611,Non-MSI-H
MGAT3,0.0,5.756956505373901,5.972184320071227,MSI-H
BAG2,0.0,5.6384095166525885,6.171281943877298,MSI-H
DMD,0.0,5.887112969735645,4.68787230708255,Non-MSI-H
GOLGA8A,0.0,5.680119436590745,5.507128449640884,Non-MSI-H
TPPP,0.0,5.700776973083779,5.825634352588944,MSI-H
KIF14,0.0,5.950789170325922,6.109100471294349,MSI-H
CRYBG3,0.0,5.831872929382373,6.0721220540880205,MSI-H
SPHK1,0.0,5.674890520176011,6.395743452564644,MSI-H
SULT1C2,0.0,5.4956272874688645,5.574847954413087,MSI-H
RPL17P6,0.0,5.266941357964726,5.463664460105609,MSI-H
MDFIC,0.0,5.8654195221781995,5.864418519076693,Non-MSI-H
GASK1B,0.0,7.016246537360032,6.747406991274382,Non-MSI-H
PROX1,0.0,7.153774105825331,6.414477635034448,Non-MSI-H
FBLN2,0.0,6.731327462333097,6.781716171826219,MSI-H
TACSTD2,0.0,6.284642215950458,5.930899362733006,Non-MSI-H
TCIM,0.0,7.0266102714610215,6.851324831593463,Non-MSI-H
CAMK1D,0.0,7.12391468382468,6.27627744117306,Non-MSI-H
IGLV2-14,0.0,6.148175077423832,6.421170972988106,MSI-H
IGLL5,0.0,6.15978666216925,6.228042978223509,MSI-H
STMN3,0.0,6.801867835151957,6.5517140037235695,Non-MSI-H
NRP1,0.0,6.9101145394716745,7.226359795956354,MSI-H
AMOT,0.0,7.190010133306693,6.71188741180071,Non-MSI-H
ITPR2,0.0,7.016246733130147,6.917695100368855,Non-MSI-H
COL7A1,0.0,6.8195046069294545,6.9401378220298815,MSI-H
MAP1A,0.0,5.840741970438572,5.67813277543039,Non-MSI-H
IGHV3-21,0.0,4.913949718183798,5.244569973058594,MSI-H
CEP290,0.0,6.018040464025713,5.675375489753315,Non-MSI-H
BCAT1,0.0,5.486987684487488,5.991603666514295,MSI-H
MZB1,0.0,5.443535394755437,5.3273501496151505,Non-MSI-H
IL2RB,0.0,5.7092642380660354,6.417183490880903,MSI-H
IFI44,0.0,5.644975266472849,5.992779522794057,MSI-H
LPL,0.0,5.619022153314864,4.883368249388659,Non-MSI-H
MAP7D2,0.0,5.052323479084347,3.077247882208333,Non-MSI-H
ADRA2A,0.0,5.703546670333637,5.1548353576335115,Non-MSI-H
CSF2RB,0.0,5.637941975927606,5.969795344332276,MSI-H
ALDH1A3,0.0,5.911684533742772,5.48665758455538,Non-MSI-H
SMAD9,0.0,5.686155721600059,5.554185693806744,Non-MSI-H
UGT2A3,0.0,5.0263877575110385,3.0035949879933295,Non-MSI-H
NRN1,0.0,5.089683498143306,5.752574444893508,MSI-H
MAB21L4,0.0,5.9052956238157215,3.995631896499119,Non-MSI-H
SACS,0.0,5.742801205104242,6.046065777056299,MSI-H
PPARGC1A,0.0,5.743704161963885,5.619056473311706,Non-MSI-H
CALCRL,0.0,5.785272027544316,5.6544181670892195,Non-MSI-H
DACT1,0.0,5.790288144607331,5.735206786503167,Non-MSI-H
CD40,0.0,5.725113878968557,6.061003027165934,MSI-H
PDGFC,0.0,5.798169495284801,5.699901720504063,Non-MSI-H
SRCIN1,0.0,5.964510470573028,5.193981526254042,Non-MSI-H
AKT3,0.0,5.75250737677825,5.645880371889396,Non-MSI-H
SLC3A1,0.0,5.9359378183303715,4.382330547599133,Non-MSI-H
ITGAL,0.0,5.695543778028807,6.107622410991235,MSI-H
PGM5,0.0,5.446847676992275,4.967573474258605,Non-MSI-H
GPD1,0.0,5.619280567600975,4.909529734959543,Non-MSI-H
TGFB3,0.0,5.4190371943975695,5.714326810498671,MSI-H
PHLDB2,0.0,5.586408818704705,5.6615812331479685,MSI-H
CHGA,0.0,4.212245057954556,3.484322859111914,Non-MSI-H
BTNL3,0.0,5.59461282038069,4.886205834289529,Non-MSI-H
IGLV4-69,0.0,4.661573815139211,4.8397602810452875,MSI-H
CEP170,0.0,5.738021930355894,6.083790862777885,MSI-H
LRRC31,0.0,5.967723789415259,5.03885966626213,Non-MSI-H
DOCK2,0.0,5.606858596880973,6.0493408111044635,MSI-H
DIO2,0.0,5.749202499244295,5.373260000743122,Non-MSI-H
GNB4,0.0,5.708566856555784,5.910443280699917,MSI-H
NTRK2,0.0,4.693369282205253,3.918876168591378,Non-MSI-H
PCSK5,0.0,5.767845639356017,6.026229012539909,MSI-H
CA4,0.0,4.417959048118076,3.1662529539294746,Non-MSI-H
CCDC68,0.0,5.666184624968359,6.425101328404359,MSI-H
C5AR1,0.0,5.643115874539111,6.085369410533021,MSI-H
NFASC,0.0,5.882351226266802,4.957770274314272,Non-MSI-H
CYP4F11,0.0,5.856185018408543,4.981250352929307,Non-MSI-H
P3H2,0.0,5.71015315334037,5.3474924257376975,Non-MSI-H
IL17RD,0.0,5.744654190705286,5.302326768300407,Non-MSI-H
NEURL1,0.0,5.2760568460662105,5.805118561768269,MSI-H
LILRB4,0.0,5.42028668950767,6.1351415113161245,MSI-H
RNF217,0.0,5.624430261483959,4.96975431018228,Non-MSI-H
MYRIP,0.0,5.824526119383851,4.683752451815801,Non-MSI-H
IGHV4-34,0.0,4.876781301442062,5.118549449618394,MSI-H
IGHV3-33,0.0,4.765071238261243,4.824439680106632,MSI-H
SKAP1,0.0,5.838013773572908,5.661326219058322,Non-MSI-H
PDE4C,0.0,5.51674465018152,5.591415882733987,MSI-H
SLITRK6,0.0,4.184314287486023,4.564098871201315,MSI-H
FYB1,0.0,5.509197168814504,5.8742748544551615,MSI-H
IFIT1,0.0,5.451233179367404,5.53790627282869,MSI-H
IGHV3-49,0.0,4.636523382250357,4.826363085366841,MSI-H
TMPRSS13,0.0,5.653157201764638,4.563679205058685,Non-MSI-H
CYP4X1,0.0,5.107395324575132,5.002773805231372,Non-MSI-H
SH3TC2,0.0,5.855670007122827,5.38272804995298,Non-MSI-H
CLMP,0.0,5.5560420709478855,5.693532552535096,MSI-H
MEF2C,0.0,5.771148375459618,5.510960049484258,Non-MSI-H
CRACD,0.0,5.655509751037069,6.2848160426449855,MSI-H
MPP6,0.0,5.734171212850861,5.615228186387058,Non-MSI-H
MFSD4A,0.0,5.787027007892193,5.596329339703359,Non-MSI-H
CHST3,0.0,5.748938864765962,5.741724861032876,Non-MSI-H
SMOC1,0.0,4.611632372644716,4.241290470870247,Non-MSI-H
THBS4,0.0,4.445843163505571,3.99506091145259,Non-MSI-H
GAU1,0.0,5.6178095409751325,5.163819135196905,Non-MSI-H
B4GALNT4,0.0,5.100924332932203,4.307652473489228,Non-MSI-H
SMO,0.0,5.802006017587459,5.240708159508291,Non-MSI-H
ZNF525,0.0,5.781899909731607,5.271307137437797,Non-MSI-H
RASD1,0.0,5.347102292718153,5.698177027301375,MSI-H
HOPX,0.0,5.504006070434172,5.648360759197142,MSI-H
IGLV2-8,0.0,4.796045648707255,4.77632845196725,Non-MSI-H
TG,0.0,5.557104975685174,3.937829498460244,Non-MSI-H
IGHV1-69D,0.0,4.5650689576874734,4.516702012634684,Non-MSI-H
ANKRD40CL,0.0,5.968869712961483,4.807915300740337,Non-MSI-H
FGFBP1,0.0,5.407243654953303,5.679701814049335,MSI-H
SLAMF8,0.0,5.480102288453875,6.143364348126004,MSI-H
VSIG4,0.0,5.301159247896138,6.06799284064515,MSI-H
ERV3-1,0.0,5.765007640244943,5.177939336808981,Non-MSI-H
CCDC88A,0.0,5.4554110381577035,5.787634881152986,MSI-H
SLCO4A1-AS1,0.0,5.400340250061408,5.009096728623786,Non-MSI-H
FAT4,0.0,5.62977418364767,5.102584856901689,Non-MSI-H
AFAP1-AS1,0.0,2.894862972763032,5.086584336167761,MSI-H
KIF26A,0.0,5.264942551160415,5.184953328210111,Non-MSI-H
ACAN,0.0,5.736116996132044,5.47538916931104,Non-MSI-H
N4BP2,0.0,5.748047095228152,5.986194442490118,MSI-H
CRYAB,0.0,5.60328008238216,5.142940816398315,Non-MSI-H
CHRDL2,0.0,4.487060723912683,4.000757164483274,Non-MSI-H
EIF1AY,0.0,3.4905896363103586,3.259887176476066,Non-MSI-H
TTC9,0.0,5.573599001901639,5.668346269774571,MSI-H
SLC24A3,0.0,5.636085452563671,5.388473362608256,Non-MSI-H
MOXD1,0.0,5.554655515824935,5.265548830162785,Non-MSI-H
SLC19A3,0.0,5.541871906177082,3.672536612217839,Non-MSI-H
PTGIS,0.0,5.0537537033380815,4.6959509290426915,Non-MSI-H
OAS2,0.0,6.756601317985453,7.567058813908165,MSI-H
MBOAT2,0.0,7.112946112341636,7.501587928583655,MSI-H
KLK1,0.0,6.973213685565404,6.990378086235681,MSI-H
IFI16,0.0,7.055470447763514,7.472285536023985,MSI-H
FNDC1,0.0,6.467596498073414,6.489124685398728,MSI-H
SPON1,0.0,6.539482827749538,7.045183504729344,MSI-H
WFDC2,0.0,6.5447998014124495,6.009881416100836,Non-MSI-H
PRSS2,0.0,3.8085655311775217,3.9715940088272976,MSI-H
PLXDC2,0.0,6.7947825539934215,7.1729712341499035,MSI-H
AK4,0.0,7.082558810148397,6.290377054865333,Non-MSI-H
BIRC3,0.0,6.884905565176919,7.439141574195717,MSI-H
LARGE2,0.0,7.087155341709909,6.527045692429113,Non-MSI-H
CRISPLD2,0.0,7.006911888686087,7.021490503313378,MSI-H
COL14A1,0.0,6.809878191608946,6.521378457216782,Non-MSI-H
IQGAP2,0.0,6.959230655404662,7.564562778621823,MSI-H
CA1,0.0,3.5242732312845537,2.7829169877930786,Non-MSI-H
CYP39A1,0.0,5.880143918823575,5.05938831103435,Non-MSI-H
GAL,0.0,5.267970045439338,4.341419113309255,Non-MSI-H
INHBB,0.0,5.340128375641139,4.521629195395612,Non-MSI-H
MYEF2,0.0,5.47771593808968,3.7268140842624256,Non-MSI-H
NEXN,0.0,5.310694344036543,5.358559744493269,MSI-H
ITGA4,0.0,5.575494151978333,5.681959191394503,MSI-H
ZNF844,0.0,5.710987370267273,5.553255545076236,Non-MSI-H
AKAP7,0.0,5.683148892285191,5.34854291943509,Non-MSI-H
LY6G6F-LY6G6D,0.0,5.023289733589069,0.9824279295630803,Non-MSI-H
PELI2,0.0,5.721263137956883,5.558115717742697,Non-MSI-H
BICC1,0.0,5.5855136460908685,5.443713667499619,Non-MSI-H
COL8A2,0.0,5.470383476709392,5.330206297808334,Non-MSI-H
HYAL1,0.0,5.038976472613979,5.803368893873122,MSI-H
FNDC10,0.0,5.694182094074032,5.276096080420726,Non-MSI-H
C7,0.0,4.755781957613865,4.2449657795607845,Non-MSI-H
GPR155,0.0,5.46790545184244,5.292996564501492,Non-MSI-H
SSPN,0.0,5.603684941098066,5.409594067182346,Non-MSI-H
MS4A7,0.0,5.3970168777325425,5.872634960277345,MSI-H
NTM,0.0,5.276918191375065,5.449805013133381,MSI-H
ADAMTSL2,0.0,5.752602162810831,4.791342336010138,Non-MSI-H
GALNT8,0.0,4.9956829703718935,5.193713206809211,MSI-H
WWC2,0.0,5.582711088321288,5.350389845649161,Non-MSI-H
FBXO2,0.0,5.015039360272344,4.4923288239166626,Non-MSI-H
PCDH7,0.0,5.390784270055504,5.38284847143712,Non-MSI-H
ZNF469,0.0,5.381091994013335,5.6755329820615,MSI-H
CPXM2,0.0,5.234102130210744,5.109871377441169,Non-MSI-H
RSAD2,0.0,5.344218060400538,5.672223883866405,MSI-H
CD200,0.0,5.480050882162355,5.897500274677087,MSI-H
RPL7P9,0.0,5.594739278911905,5.204441751217812,Non-MSI-H
CD37,0.0,5.457395085976774,5.765156408723416,MSI-H
EGR3,0.0,5.309629363736188,5.527511559761574,MSI-H
DQX1,0.0,5.511294048730907,5.83886129568905,MSI-H
COLCA1,0.0,4.899630293274628,4.987629505647413,MSI-H
ARSJ,0.0,5.326524486214172,6.060088446245166,MSI-H
GPC6,0.0,5.406078356902269,5.5077450187765935,MSI-H
SNX16,0.0,5.797743199182623,5.526664921520567,Non-MSI-H
IGLV3-10,0.0,4.40384278561303,4.702600320600275,MSI-H
KLF12,0.0,5.51505067920045,5.40419948488801,Non-MSI-H
GPT,0.0,5.411543783870871,5.0532624463979205,Non-MSI-H
B4GALNT2,0.0,3.7184426062301283,4.083504846957901,MSI-H
NLRP2,0.0,3.985851721665162,3.7299254680234135,Non-MSI-H
F5,0.0,4.564659864529215,5.026216981393685,MSI-H
ANOS1,0.0,5.262334831401624,5.506704534771649,MSI-H
CYP4F2,0.0,5.257108264983591,3.1474246562963546,Non-MSI-H
C3orf70,0.0,5.557660286505213,5.730164125721405,MSI-H
ENPP1,0.0,5.650912275321522,5.402672953474411,Non-MSI-H
LDHD,0.0,5.445396952770824,5.747790527905624,MSI-H
CSF3R,0.0,5.151861141511078,5.72397302027648,MSI-H
FABP6,0.0,5.5855809184326946,4.1549667352254485,Non-MSI-H
SPIRE1,0.0,5.548631472089778,5.842456919736233,MSI-H
ID4,0.0,5.604733682738797,4.850133535889456,Non-MSI-H
ATF7IP2,0.0,5.594269582282904,5.567855387317265,Non-MSI-H
LOC730101,0.0,5.723051862490305,5.165924468988712,Non-MSI-H
OSER1-DT,0.0,5.831991764433185,4.589579864369298,Non-MSI-H
HTR1D,0.0,5.266590490151622,5.719883753341644,MSI-H
GULP1,0.0,5.369736126339317,5.265273685363973,Non-MSI-H
DOC2B,0.0,5.113917805775157,5.4478623042432766,MSI-H
IFIT2,0.0,5.437315933678227,5.9398962968645455,MSI-H
HMCN1,0.0,5.2633956057277365,4.7911785543486785,Non-MSI-H
WNT2,0.0,5.557152600768493,5.527326457903039,Non-MSI-H
SYNE4,0.0,5.32609465352377,4.364082450941613,Non-MSI-H
IGLV7-46,0.0,4.290829851352462,4.143785610251002,Non-MSI-H
ASPHD1,0.0,5.5989018011588145,5.511385816787967,Non-MSI-H
SLC13A3,0.0,4.802918658237538,2.981886830189509,Non-MSI-H
IKZF3,0.0,5.307555983713671,5.825672752111635,MSI-H
PRR36,0.0,5.416224845891518,5.0412344120729395,Non-MSI-H
CAPN9,0.0,4.938299512876881,5.309367327340559,MSI-H
GOLGA7B,0.0,5.6099916952171665,4.998972525219235,Non-MSI-H
SCD5,0.0,5.392645976518234,5.891742007951909,MSI-H
CD36,0.0,5.104315820791016,5.167261521651051,MSI-H
TSPAN2,0.0,5.3627451914284,4.9982934870278335,Non-MSI-H
ZNF486,0.0,5.450655831995295,4.943565616503389,Non-MSI-H
ALDH1L2,0.0,5.366238029234953,5.150995152344799,Non-MSI-H
MCOLN2,0.0,5.407245686748079,4.908983945614238,Non-MSI-H
FRAS1,0.0,5.0210780080813855,5.760269647725705,MSI-H
POU2AF1,0.0,5.024342816383362,5.514760787630541,MSI-H
EVA1A,0.0,5.62077217543271,5.060942014277614,Non-MSI-H
ROR2,0.0,5.330247555913356,5.575792143646545,MSI-H
PEG10,0.0,3.832209773453306,4.158471906824769,MSI-H
FAM133B,0.0,5.720163852759487,5.548179301619186,Non-MSI-H
HOXB-AS3,0.0,5.3529192898331,5.103115728757207,Non-MSI-H
BCL2,0.0,5.512002829524563,6.005271546391194,MSI-H
ANGPTL4,0.0,5.307481160452213,5.803080026807754,MSI-H
ELAPOR2,0.0,5.090748390391078,4.497637762426093,Non-MSI-H
XAF1,0.0,5.336572526632,5.830857025747926,MSI-H
SLC14A1,0.0,3.9399178981490355,2.858650090964564,Non-MSI-H
FAM126A,0.0,5.397632657206601,5.3672788853811015,Non-MSI-H
LINC01819,0.0,3.7858879302740696,2.541442514288149,Non-MSI-H
SLC28A2,0.0,4.009145582523643,4.11143584031443,MSI-H
CRABP2,0.0,5.015259441170546,4.770540167716621,Non-MSI-H
ETV1,0.0,5.403994607379522,5.831365828189171,MSI-H
HSPB8,0.0,5.145448002049482,4.871025737659137,Non-MSI-H
ELFN1-AS1,0.0,5.3763892120506585,5.150074337118862,Non-MSI-H
IGKV1-16,0.0,4.63189919222433,4.671710354363237,MSI-H
HAS2,0.0,5.531206866050308,5.019144915973736,Non-MSI-H
CHRDL1,0.0,4.465521866273767,3.8237295534308195,Non-MSI-H
MRGPRF,0.0,5.370879366476051,5.141324875834377,Non-MSI-H
TMEM150C,0.0,5.527412271531614,4.278594080641522,Non-MSI-H
RNF125,0.0,5.4040760543528705,6.280931943550354,MSI-H
ZNF529,0.0,5.687651983245757,4.757114240060081,Non-MSI-H
SPART,0.0,5.447084302451479,5.443786832920202,Non-MSI-H
C4BPB,0.0,5.328969620937922,5.827713622817288,MSI-H
ZNF680,0.0,5.641639448311673,5.269584793910635,Non-MSI-H
PRSS33,0.0,4.411092680679841,3.2177407385466594,Non-MSI-H
EFNA2,0.0,5.555281747891928,5.359199106802277,Non-MSI-H
PER3,0.0,5.461637242153518,5.516596569044604,MSI-H
PRKG1,0.0,5.552352651705337,5.091393326761952,Non-MSI-H
SLFN13,0.0,4.805390738453744,5.144759598499796,MSI-H
IGHV1-24,0.0,4.192403828716832,4.5898159331150135,MSI-H
CCN4,0.0,5.3032660455645075,5.602643752289512,MSI-H
ANO7,0.0,5.146910830816153,5.503579744440599,MSI-H
SLC4A11,0.0,5.191125428393705,5.732722243286318,MSI-H
APOBR,0.0,7.223779829385409,6.823710277090196,Non-MSI-H
SRGN,0.0,6.981419233660672,7.602168241959393,MSI-H
PRUNE2,0.0,7.044631954770105,6.675541826508248,Non-MSI-H
WNK4,0.0,7.392140792667608,6.398896232249444,Non-MSI-H
IGHV3-23,0.0,6.304472617438807,6.320752460770205,MSI-H
IL33,0.0,6.733294254855124,6.272100318367475,Non-MSI-H
MYRF,0.0,6.7995271421546795,7.8247654319291975,MSI-H
PLEKHB1,0.0,7.18750904213385,6.579810996523444,Non-MSI-H
MLXIPL,0.0,7.218132140053859,6.3781395633928595,Non-MSI-H
PFN2,0.0,7.009127883612584,6.802385268123716,Non-MSI-H
IGLV8-61,0.0,4.244133586186881,4.075752001517535,Non-MSI-H
PAPLN,0.0,5.570333663300907,4.971433509676693,Non-MSI-H
MAB21L2,0.0,5.17079026104551,4.628615937027993,Non-MSI-H
TMOD2,0.0,5.41645326653489,5.516362754776852,MSI-H
IKZF1,0.0,5.2766065684179795,5.655324474278119,MSI-H
TNFSF9,0.0,4.9585476213611575,6.032873302785158,MSI-H
CD79A,0.0,4.976069041440265,4.696672692738338,Non-MSI-H
DOCK10,0.0,5.357373748863774,5.575378093554282,MSI-H
VSTM4,0.0,5.46866031833415,5.249588070867541,Non-MSI-H
SLC28A3,0.0,4.820128382963071,5.614597347656114,MSI-H
HOXA5,0.0,5.443480141054858,5.2226511275165475,Non-MSI-H
CNTNAP1,0.0,5.404518648493708,5.316020002258629,Non-MSI-H
MRAS,0.0,5.402628308650245,5.6887489062215835,MSI-H
MLF1,0.0,5.333089583903403,4.58983048515773,Non-MSI-H
CDKN2A,0.0,5.157146069874601,4.940455541675079,Non-MSI-H
SPAG16,0.0,5.5268307050926895,4.703948107461182,Non-MSI-H
SNX20,0.0,5.428361837600634,5.346570842716493,Non-MSI-H
BTNL9,0.0,5.250424900201151,5.644624085701563,MSI-H
NINL,0.0,5.239007980570266,4.082044536225629,Non-MSI-H
CD2,0.0,5.368435408684524,5.846269213966894,MSI-H
MMP19,0.0,5.393006460038857,5.514433152434491,MSI-H
GOLGA8B,0.0,5.333158674044258,5.05959853254376,Non-MSI-H
PKIB,0.0,5.25292090669761,5.2614096384919185,MSI-H
APOL4,0.0,5.334447944649348,5.945487510829626,MSI-H
ABLIM3,0.0,5.275324348601584,5.52173092991285,MSI-H
MAOB,0.0,4.939209127096512,5.013424140054782,MSI-H
PRF1,0.0,5.158305116507106,6.045170712056275,MSI-H
TMEM236,0.0,5.302221727792256,4.251125964944603,Non-MSI-H
RHBDL2,0.0,5.358108073893471,5.3486975498622975,Non-MSI-H
SPN,0.0,5.39979152599843,5.602112027871214,MSI-H
ASB9,0.0,5.52791910020524,5.150900307667169,Non-MSI-H
C3AR1,0.0,5.279745729221298,5.791041470551394,MSI-H
TNXB,0.0,4.996335388892296,4.784803061345433,Non-MSI-H
SLC13A2,0.0,4.771404478122509,2.4803572694075626,Non-MSI-H
SYTL5,0.0,5.145618626622217,4.339076613835495,Non-MSI-H
FABP3,0.0,4.9537020806584,4.459418164884067,Non-MSI-H
MTCO1P40,0.0,3.8116659250244203,3.6737439706875827,Non-MSI-H
CGNL1,0.0,5.4464049301301225,5.001805746607064,Non-MSI-H
PAX8,0.0,5.391719844980163,5.119949284227597,Non-MSI-H
MRAP2,0.0,5.257449061587762,5.909799396454665,MSI-H
TMEM63C,0.0,5.283626684371065,3.8390171790814307,Non-MSI-H
HMGN5,0.0,5.4592763881310065,5.143578195282423,Non-MSI-H
RASD2,0.0,5.439177933269272,5.090298509848018,Non-MSI-H
ARMCX2,0.0,5.455815674674725,5.139362555027671,Non-MSI-H
ZC2HC1A,0.0,5.5318121343972075,5.410816943094068,Non-MSI-H
AQP8,0.0,3.9194075337042253,2.364103805199651,Non-MSI-H
CYTIP,0.0,5.385506338506779,5.87722190161939,MSI-H
KIT,0.0,5.282818172403721,4.741947446572762,Non-MSI-H
L3MBTL1,0.0,5.496985454558997,4.331305288731675,Non-MSI-H
ADH6,0.0,5.185006154321055,5.004610883669988,Non-MSI-H
CMKLR1,0.0,5.249660745805674,5.694031256704719,MSI-H
CACHD1,0.0,5.433954771240166,5.080448019005924,Non-MSI-H
METTL27,0.0,5.3255133429621235,5.2380500306638345,Non-MSI-H
CPED1,0.0,5.3848546923852,4.977732408683073,Non-MSI-H
GAL3ST2,0.0,5.40942794106756,4.661580607510164,Non-MSI-H
ZSCAN18,0.0,5.375880224457485,4.443215564228414,Non-MSI-H
MTCO2P12,0.0,4.770791770699411,4.373232893061848,Non-MSI-H
ADAMTS15,0.0,4.754624828797751,5.323602452247423,MSI-H
HAVCR2,0.0,5.265055441577863,5.953454143111316,MSI-H
CD5,0.0,5.349769722927589,5.258631390276391,Non-MSI-H
SGCD,0.0,5.120000177644744,4.922620665759044,Non-MSI-H
REEP1,0.0,5.07391778569228,3.436645207143596,Non-MSI-H
ARL14,0.0,5.517561791729667,4.981575424248889,Non-MSI-H
CAPN13,0.0,5.356336259326878,4.042111540308679,Non-MSI-H
FZD10,0.0,3.8508802009396077,3.6612931842517633,Non-MSI-H
CPLANE1,0.0,5.3543365576099085,5.136706505009715,Non-MSI-H
SPATC1L,0.0,5.4176451493503865,4.421142299509892,Non-MSI-H
ESM1,0.0,5.497587712160514,5.194685911299021,Non-MSI-H
SBK1,0.0,5.118675573336518,5.295908879163526,MSI-H
APOBEC3B,0.0,5.513052706732907,5.378587084881055,Non-MSI-H
EVI2B,0.0,5.1818457202367965,5.671511661714836,MSI-H
NNAT,0.0,3.8867189007559273,3.1608300547430708,Non-MSI-H
PLA2G7,0.0,5.332828395033528,5.653109136269308,MSI-H
GRAMD2A,0.0,5.435359303463933,5.076051818331564,Non-MSI-H
GRIN2B,0.0,5.356324911018154,4.1285227532501,Non-MSI-H
FBXL16,0.0,4.945248604378692,5.961428504242202,MSI-H
NRXN3,0.0,4.968802512681745,3.848188770242356,Non-MSI-H
MFAP5,0.0,4.637278872532721,4.73928380578878,MSI-H
EPHA4,0.0,4.971631838907926,5.779796497410888,MSI-H
IGKV1-6,0.0,4.533638597706705,4.344991472091889,Non-MSI-H
SPTBN5,0.0,5.220644170365398,4.545917484656155,Non-MSI-H
SIGLEC1,0.0,4.990684501791968,5.5535134643430455,MSI-H
SCARA3,0.0,5.354806045424152,5.063508482264176,Non-MSI-H
ADGRF4,0.0,5.416235811562644,4.303582060794215,Non-MSI-H
ZNF649,0.0,5.520181785217653,5.017413329947921,Non-MSI-H
TLR2,0.0,5.233956140281508,5.701778308139425,MSI-H
HCG11,0.0,5.498674675612287,4.213525806041048,Non-MSI-H
IGHV4-30-2,0.0,4.34322650888315,4.421874013010468,MSI-H
EPHB6,0.0,4.083071648333585,4.283441319677637,MSI-H
MSX1,0.0,5.241381304472722,5.051432187368412,Non-MSI-H
EPHX4,0.0,5.432930506257671,5.443241758692381,MSI-H
PILRB,0.0,5.345098730651869,4.728484157847205,Non-MSI-H
CHGB,0.0,3.373876059015846,2.572021232310173,Non-MSI-H
CADM1,0.0,5.198691956259443,5.187395764612195,Non-MSI-H
PAEP,0.0,1.7013053124366249,2.45192072961283,MSI-H
MTERF1,0.0,5.548137095930738,4.4320551644922475,Non-MSI-H
CCR1,0.0,5.226206067539407,5.571946004107082,MSI-H
ADGRG7,0.0,4.7177057381561704,4.719712338555374,MSI-H
HOXD9,0.0,5.114002501310986,4.718872419852786,Non-MSI-H
MEIS1,0.0,5.238134340930483,5.102859924931708,Non-MSI-H
CAVIN2,0.0,5.196958727398901,4.802106027516253,Non-MSI-H
ADAM28,0.0,5.115320027122037,5.638216555736108,MSI-H
EVC,0.0,5.092145746226221,5.050044577988491,Non-MSI-H
C4BPA,0.0,4.898548270916677,4.409330181728601,Non-MSI-H
RHOV,0.0,5.082662022728061,5.6339657277804225,MSI-H
BEX4,0.0,5.261465462142856,4.903474484865812,Non-MSI-H
P2RY1,0.0,5.206742679008875,5.657244819940142,MSI-H
F2RL2,0.0,5.321163408827103,4.560316957841913,Non-MSI-H
GABRA2,0.0,4.581411476991044,4.023279919315777,Non-MSI-H
ENPP5,0.0,5.508470759674215,4.824874803572294,Non-MSI-H
CDK14,0.0,5.109614471193883,5.307212664055336,MSI-H
PPP1R16B,0.0,5.224678666447827,5.547629567587592,MSI-H
DPT,0.0,4.822140334705863,4.631791830787938,Non-MSI-H
RORA,0.0,5.225658022145897,5.049424864480943,Non-MSI-H
PLN,0.0,4.637961521318449,4.548281000041376,Non-MSI-H
CPA3,0.0,4.906072740862506,4.865139730084992,Non-MSI-H
ALG10B,0.0,5.338248244708111,4.650933752241655,Non-MSI-H
CYP1B1,0.0,4.3337968822374435,4.865320219303449,MSI-H
TMEM74B,0.0,5.116876971902683,4.938630545071204,Non-MSI-H
FABP2,0.0,4.656878623349993,4.790615340800091,MSI-H
CCDC170,0.0,5.360391564607348,4.188742042485366,Non-MSI-H
PDZD3,0.0,5.484933862241991,4.158078578814383,Non-MSI-H
CD48,0.0,5.223857397134515,5.606738498712674,MSI-H
MAN1C1,0.0,5.37542398811191,5.062385757208401,Non-MSI-H
MS4A8,0.0,4.841974822554445,5.393719658551529,MSI-H
GLT8D2,0.0,5.316657124627124,5.175495988504536,Non-MSI-H
STX19,0.0,5.457268226016914,4.867203893953515,Non-MSI-H
MAP7D3,0.0,5.233482965022905,5.3861245569983485,MSI-H
CARD6,0.0,5.360638997231209,5.354957369517371,Non-MSI-H
RPS6KA6,0.0,5.245592954926123,2.6932676349526057,Non-MSI-H
DNAJC12,0.0,5.031179380658329,5.1693503098266005,MSI-H
THRB,0.0,5.154679444593449,3.915811957545932,Non-MSI-H
RGMA,0.0,5.0874270643114174,4.4255171778203435,Non-MSI-H
TRIL,0.0,5.083024348902492,4.941810761835501,Non-MSI-H
FGR,0.0,5.127712407400392,5.618942145308384,MSI-H
RAI2,0.0,5.324735065546179,4.404213376625647,Non-MSI-H
MAPK15,0.0,5.118619630784969,4.63249426223326,Non-MSI-H
PIWIL1,0.0,3.9475910418613784,4.650561581058373,MSI-H
HOXA7,0.0,5.255648898920762,4.733583836224293,Non-MSI-H
VLDLR,0.0,5.277373302560041,4.8401565104271995,Non-MSI-H
ZNF550,0.0,5.407667329685248,4.71206643308402,Non-MSI-H
SCNN1B,0.0,4.794081428469742,2.9045207443889605,Non-MSI-H
DEPDC7,0.0,5.376351399126961,4.693773103335895,Non-MSI-H
GAS1,0.0,4.465505067660219,5.047950713687429,MSI-H
IGKV1-27,0.0,4.369535666598406,4.451071739194458,MSI-H
RASSF8,0.0,5.034199262480229,4.9458532950220935,Non-MSI-H
TIMP3,0.0,5.185890491278987,4.815731249568539,Non-MSI-H
SLC16A2,0.0,5.083223099730915,5.3197310648547225,MSI-H
FOXJ1,0.0,4.173670205227667,3.202384900587576,Non-MSI-H
SUSD3,0.0,5.306339267596851,4.51028185225164,Non-MSI-H
PIPOX,0.0,4.813744580937215,3.526169634922202,Non-MSI-H
WDFY4,0.0,5.101783342527219,5.320500664156878,MSI-H
COLEC12,0.0,4.803140298401767,5.1074791631729495,MSI-H
TM4SF4,0.0,3.2931179915978093,4.3610114889028075,MSI-H
ZIC2,0.0,3.502114633218869,4.950811557320343,MSI-H
CACNA2D2,0.0,4.906445914265096,4.525411456012123,Non-MSI-H
TRIM7,0.0,4.173717138002639,6.341203998675767,MSI-H
NXPH4,0.0,3.6153855096410163,5.2543471160591615,MSI-H
DAPP1,0.0,5.017338293443862,5.618762778655886,MSI-H
KCNMB4,0.0,5.1463925970954305,4.117550485089264,Non-MSI-H
GBP3,0.0,7.177055918668527,7.364270573449869,MSI-H
HTRA3,0.0,7.198289310751702,7.001185899209197,Non-MSI-H
APOLD1,0.0,7.0132651579818015,6.042101808520831,Non-MSI-H
SERPINE1,0.0,6.889943872682398,7.214016559062959,MSI-H
ADAMTS2,0.0,6.966968651701249,7.408982235699284,MSI-H
PM20D2,0.0,7.293892743797141,6.529950405224113,Non-MSI-H
CA2,0.0,6.614342600012951,7.1677196058527395,MSI-H
CXCL3,0.0,6.995911435668989,7.127097432810866,MSI-H
RAP1GAP,0.0,6.965361517813895,7.775536957449887,MSI-H
PRKACB,0.0,7.25890836331414,6.463743729185289,Non-MSI-H
COL8A1,0.0,6.750319185016588,6.7853550687307,MSI-H
CAPN8,0.0,7.141450250624416,7.017625305275318,Non-MSI-H
PCK1,0.0,6.8868016333374324,6.049891671247952,Non-MSI-H
COL11A1,0.0,6.467220237030182,6.859612354194882,MSI-H
GBP1,0.0,7.024006386900041,7.752795993194807,MSI-H
CD8A,0.0,4.947609825122997,5.766518610120308,MSI-H
TMTC1,0.0,5.135318970664218,5.288911567501313,MSI-H
XKRX,0.0,5.306608584622241,4.748732948558666,Non-MSI-H
SEMA6D,0.0,5.254072131094428,4.5460349761932894,Non-MSI-H
AGPAT4,0.0,5.123832953716878,5.718318442495949,MSI-H
SSTR1,0.0,5.036213592321569,5.350325962586685,MSI-H
MPDZ,0.0,5.081637530118682,4.856693467598718,Non-MSI-H
CASC9,0.0,5.062486528481906,4.260998844591485,Non-MSI-H
EDA,0.0,4.788297406207484,4.431701199347765,Non-MSI-H
ITM2A,0.0,5.113223930913678,5.418639134157439,MSI-H
SNCAIP,0.0,4.975082414222476,3.8302673436654984,Non-MSI-H
TSHZ2,0.0,4.773578016216964,5.086470388750805,MSI-H
RGL3,0.0,4.829030991846056,5.048558905589074,MSI-H
ZNF134,0.0,5.293606401055293,4.7138216443793155,Non-MSI-H
ADH1B,0.0,3.8163995456067084,3.249383882592765,Non-MSI-H
NFATC1,0.0,5.061335712712959,5.737682645114363,MSI-H
STAG3L5P,0.0,5.27641847460927,4.766073918118216,Non-MSI-H
WNT4,0.0,5.2389776875811025,5.1101786532637,Non-MSI-H
SPATA18,0.0,5.094398371374778,5.721472516048438,MSI-H
UGT2B7,0.0,4.284674306097066,3.853829064448421,Non-MSI-H
UBASH3B,0.0,5.014400050353539,5.778491651440306,MSI-H
LINC02535,0.0,5.245910067879103,4.776024737980265,Non-MSI-H
ARNT2,0.0,4.864063649759217,5.551646346935888,MSI-H
KRT8P36,0.0,3.651610607323221,3.9593793724192166,MSI-H
MTTP,0.0,3.4210065294244427,2.606391285576328,Non-MSI-H
ZNF43,0.0,4.919671385887325,3.9925095469972067,Non-MSI-H
ADGRE2,0.0,5.118054575282235,5.6343337171522805,MSI-H
ABI3BP,0.0,4.918826797675091,4.822457442422708,Non-MSI-H
KLK7,0.0,3.6796522318575224,3.49613152911521,Non-MSI-H
VGLL3,0.0,4.609052901533668,4.768591740368537,MSI-H
ACKR1,0.0,4.63487931476532,4.253374648282585,Non-MSI-H
MCTP1,0.0,4.991269070836623,5.363102966207927,MSI-H
IGF2BP1,0.0,3.2238064457452977,1.8727107034248303,Non-MSI-H
IGKV2-24,0.0,4.14832926066164,4.063093445582609,Non-MSI-H
UTY,0.0,3.2637329397558807,2.802624668374105,Non-MSI-H
GPR183,0.0,5.0852640418004444,5.282284439839798,MSI-H
TNFRSF19,0.0,4.620402780003594,3.8044101518790563,Non-MSI-H
GRAMD1B,0.0,4.79423455746185,5.608072496371491,MSI-H
LRRC66,0.0,5.288929561267611,5.115035308563922,Non-MSI-H
EDN3,0.0,4.888653640140509,4.573116389631008,Non-MSI-H
MFAP3L,0.0,5.1523788037932965,4.485621024641492,Non-MSI-H
GNLY,0.0,4.643243129218742,6.0294303370256195,MSI-H
MCC,0.0,5.127088295229348,5.028378596333958,Non-MSI-H
SERPINF2,0.0,5.244241958488044,4.739519974410732,Non-MSI-H
BRSK2,0.0,4.993424437844391,3.477996793242252,Non-MSI-H
MIAT,0.0,4.784699673565049,5.118086771387611,MSI-H
SCG5,0.0,4.950840822198873,5.258459902554818,MSI-H
CCL4,0.0,4.932554385858618,5.84747001857354,MSI-H
FRMD3,0.0,5.031676293930705,5.362247841100321,MSI-H
PRKAR2B,0.0,4.9967145864036,5.598834503457269,MSI-H
IGHV3-73,0.0,4.141947851286279,4.101039125270261,Non-MSI-H
TMEM45A,0.0,4.997459886277904,5.569926522679192,MSI-H
CLIC3,0.0,5.041758976641457,5.064656337508518,MSI-H
MS4A4A,0.0,4.924233731223985,5.491151302941758,MSI-H
TCEAL3,0.0,5.234012531865153,5.2372748938661,MSI-H
RRAGD,0.0,5.05011351525446,4.911530484980737,Non-MSI-H
ZNF350,0.0,5.353373557603875,4.766834469983609,Non-MSI-H
ARMCX4,0.0,5.31431895339089,4.5530847005845985,Non-MSI-H
KLK10,0.0,6.380211856507896,6.9573657796481445,MSI-H
TESC,0.0,7.19996959237898,7.033616092553793,Non-MSI-H
ELN,0.0,7.268297917640266,6.414949678731068,Non-MSI-H
TCEA3,0.0,7.358461683492594,7.378896731699723,MSI-H
SFRP4,0.0,6.359361948690428,5.990208324175355,Non-MSI-H
CA9,0.0,6.174020720635738,6.8862458990906275,MSI-H
ANGPTL2,0.0,7.071713011664499,7.138953374382965,MSI-H
NES,0.0,7.275837047051198,6.502495939064129,Non-MSI-H
CNN1,0.0,6.522172835355338,6.195119008844469,Non-MSI-H
COL16A1,0.0,7.195054029601425,7.276040908170088,MSI-H
MMP3,0.0,6.413581929154276,6.792453104171537,MSI-H
CYP3A5,0.0,7.308774499268524,6.905837105611471,Non-MSI-H
EGR2,0.0,5.000634985027673,5.065054259526848,MSI-H
LILRB2,0.0,4.983723951452548,5.623996257959244,MSI-H
MITF,0.0,5.000816494351398,5.290941522158314,MSI-H
CAPN12,0.0,5.135685177579744,4.8303477996568756,Non-MSI-H
CREB5,0.0,4.988846432559782,4.6904696820764755,Non-MSI-H
ACP3,0.0,4.9814358790887105,5.491830841988248,MSI-H
OLR1,0.0,4.44808688661755,5.032108999125232,MSI-H
WASF1,0.0,5.064415895159074,5.528464442329172,MSI-H
LGALS2,0.0,4.717091337849333,4.892006686145441,MSI-H
SPEG,0.0,4.732209813644582,4.289498030003975,Non-MSI-H
LINC00649,0.0,4.910385908820509,4.83336976498969,Non-MSI-H
KLHL13,0.0,4.456631942126632,4.637635233074739,MSI-H
SRMS,0.0,5.101062960413687,4.750286453710677,Non-MSI-H
TMEM178B,0.0,4.311683126806793,4.238574529475474,Non-MSI-H
DIO3,0.0,4.657425139874624,3.478444349857994,Non-MSI-H
SELL,0.0,4.856366182892518,5.272486080978333,MSI-H
SDK1,0.0,4.901927600289534,5.010124772392083,MSI-H
TDO2,0.0,4.711451481060289,4.871907513645819,MSI-H
BARX2,0.0,4.5381648979558165,5.4736176341278755,MSI-H
ZNF470,0.0,5.2195317998272985,3.745490039306297,Non-MSI-H
HSPA6,0.0,4.6742794999060875,5.09711676617238,MSI-H
HSPB7,0.0,4.508495361790123,3.852214702096216,Non-MSI-H
LZTS1,0.0,5.128297612405982,5.051170543292604,Non-MSI-H
ROBO2,0.0,4.889550991884096,3.8426930988216186,Non-MSI-H
CXCL13,0.0,4.222577735591481,5.446144011552304,MSI-H
NPC1L1,0.0,4.035733029936368,3.555626969572255,Non-MSI-H
PRSS56,0.0,1.995657896990538,0.6107900778782688,Non-MSI-H
FUZ,0.0,5.3240886040212825,4.433025555318032,Non-MSI-H
ZNF577,0.0,5.28045196272781,4.55040893718016,Non-MSI-H
STOX1,0.0,5.101971007385046,4.832079483215922,Non-MSI-H
ATG9B,0.0,5.179743860439005,4.199221604942132,Non-MSI-H
SUSD2,0.0,4.89462315594674,5.1587187115317485,MSI-H
UBE2E2,0.0,5.089834183454001,5.097398757491342,MSI-H
CLSTN2,0.0,4.305168178936639,3.3438557982883284,Non-MSI-H
NPTXR,0.0,4.7512338821152325,4.384321093524236,Non-MSI-H
SEMA3G,0.0,5.020490441741107,4.894240673476538,Non-MSI-H
DKK4,0.0,3.257344239175395,3.0236099770536047,Non-MSI-H
ARHGEF25,0.0,5.110780582460173,4.8175790976129935,Non-MSI-H
ITGBL1,0.0,4.476352593971121,4.201284240667926,Non-MSI-H
FABP4,0.0,2.950409711619584,2.9211871572074855,Non-MSI-H
FAM149A,0.0,4.997169064961985,5.450830406081232,MSI-H
ATP10A,0.0,5.04809360909444,5.097349939632061,MSI-H
PRICKLE2,0.0,5.082867913215684,4.736062791057471,Non-MSI-H
ZNF423,0.0,5.186336417040812,4.217151228451162,Non-MSI-H
FGF7,0.0,4.652232110036716,4.633058737910247,Non-MSI-H
FOXC1,0.0,4.8267846029109265,5.085158074990501,MSI-H
IRX2,0.0,3.463594295581775,4.575020857642133,MSI-H
AQP9,0.0,4.233455108768879,5.166128140155793,MSI-H
LEPR,0.0,5.126744523488589,5.01549107946733,Non-MSI-H
ACVR1C,0.0,5.053951798292137,5.185595223907221,MSI-H
WSCD1,0.0,5.071502829683871,4.050368159092426,Non-MSI-H
RPL21P16,0.0,5.131157918285407,4.5326159891816085,Non-MSI-H
ZNF681,0.0,5.075616164347071,3.9043813362385245,Non-MSI-H
MN1,0.0,4.993763781208114,4.586072489370583,Non-MSI-H
LRRC2,0.0,5.182138321637321,3.4971740417658213,Non-MSI-H
IGHV3-53,0.0,4.001723280472532,4.170785300575527,MSI-H
FHOD3,0.0,5.094270012572728,4.018510970406354,Non-MSI-H
SLIT2,0.0,4.637350833567398,4.431119902060719,Non-MSI-H
OXGR1,0.0,4.872718253094714,3.2328020298955153,Non-MSI-H
FOLR1,0.0,4.179917113146048,2.5275700733918325,Non-MSI-H
ZNF14,0.0,5.215198667505317,5.237466917267092,MSI-H
KCNMB1,0.0,4.711970267249461,4.4571800685816125,Non-MSI-H
NTS,0.0,2.4040266358363946,1.8965241464706646,Non-MSI-H
ADAMTS5,0.0,5.052656773478201,4.888714262772295,Non-MSI-H
PCDHGA10,0.0,4.593854249753973,4.5128513161679376,Non-MSI-H
CCDC18,0.0,5.192836408505271,5.092172644377576,Non-MSI-H
ABHD12B,0.0,3.557350249931117,2.33627101660789,Non-MSI-H
WASF3,0.0,4.571672509729943,3.7018309217032646,Non-MSI-H
SAMSN1,0.0,4.880964468185729,5.46997991569521,MSI-H
PNMA5,0.0,1.1197542439496462,0.5908865294834822,Non-MSI-H
CD209,0.0,4.766120234548271,5.3825943339649465,MSI-H
RANBP17,0.0,5.075594848809626,5.06075240765238,Non-MSI-H
EPHB1,0.0,4.807094442492912,4.079877600973858,Non-MSI-H
CELP,0.0,4.881259800793574,1.655576794182426,Non-MSI-H
FLRT3,0.0,4.751443865027543,5.039657020802898,MSI-H
HRCT1,0.0,5.150516828872983,4.195144164483726,Non-MSI-H
CILP,0.0,3.923965153999174,3.939272293822589,MSI-H
COLCA2,0.0,4.81069835989488,5.248048369953824,MSI-H
CERS4,0.0,4.8816057491512375,4.334025936870572,Non-MSI-H
SLC16A10,0.0,4.945362708796661,5.285815702931805,MSI-H
C6orf141,0.0,5.052058343581481,4.423187788815272,Non-MSI-H
OLFM2,0.0,4.981778538056697,4.653771093089436,Non-MSI-H
NRXN2,0.0,4.889912276501383,3.7920760121092356,Non-MSI-H
TRPS1,0.0,4.725809851994089,4.921839737690011,MSI-H
CASP5,0.0,4.898734266262799,4.998553079336837,MSI-H
KRT14,0.0,1.1037734047023169,1.456207267424304,MSI-H
PLCH2,0.0,4.782792151981408,5.04925892222238,MSI-H
SLC17A9,0.0,7.3131483022209265,6.973621344764288,Non-MSI-H
CDH11,0.0,7.252404801681561,7.294368557141992,MSI-H
H19,0.0,6.053882874985156,6.2702613212649005,MSI-H
AQP1,0.0,7.410160262102491,7.062517256716105,Non-MSI-H
ERAP2,0.0,6.960724032721957,6.9208071694441635,Non-MSI-H
TLE2,0.0,7.400481214548283,6.390648586486657,Non-MSI-H
ZG16,0.0,5.196046671027361,4.120556487587539,Non-MSI-H
LCN15,0.0,4.288401143118753,2.7221217022159694,Non-MSI-H
IGLV3-21,0.0,6.040338084221325,6.36845997856183,MSI-H
SLPI,0.0,7.2250339549710985,7.148843580772386,Non-MSI-H
FADS2,0.0,6.9912188991722415,7.125821047841788,MSI-H
LTBP2,0.0,7.194958316725737,7.009162233631613,Non-MSI-H
CCDC122,0.0,5.22356228715192,4.451560025610641,Non-MSI-H
STEAP4,0.0,4.549337586400929,4.970129195322802,MSI-H
NPSR1,0.0,2.5832108415302466,3.9839208956143586,MSI-H
PCSK1N,0.0,3.6787858985432322,2.150736853385627,Non-MSI-H
URAD,0.0,4.152710218348207,2.528264236952313,Non-MSI-H
BNC2,0.0,4.643277179481804,4.630063877282358,Non-MSI-H
LARP6,0.0,5.1849111397320575,4.297250717959194,Non-MSI-H
APBB1IP,0.0,4.93784861612101,5.328929124701089,MSI-H
DNAJC6,0.0,5.034734378906676,4.5755407148025435,Non-MSI-H
SPTLC3,0.0,4.86473542993155,5.380133423693643,MSI-H
LRRC26,0.0,3.851432164606214,4.734445966935669,MSI-H
KLK12,0.0,3.9024402424652647,4.316176414080245,MSI-H
ZBP1,0.0,5.060629836804773,4.786668537477367,Non-MSI-H
IGHV1-69,0.0,3.70899274788674,4.070717553449029,MSI-H
SYT1,0.0,4.7537374035847,3.8563886772079745,Non-MSI-H
LOC101928881,0.0,5.307912754388488,3.866773720229265,Non-MSI-H
C14orf132,0.0,4.851345964546559,4.670017614808903,Non-MSI-H
CD163L1,0.0,4.950244359958809,5.030388303637558,MSI-H
CCR5,0.0,4.853962596214387,5.34755864830719,MSI-H
RPS2P40,0.0,4.7519923119245195,4.610121095157551,Non-MSI-H
ZNF702P,0.0,4.997008640435623,5.056439138723022,MSI-H
IGHV3-72,0.0,4.157172233930514,3.6075243124022873,Non-MSI-H
CLEC7A,0.0,4.751660424247359,5.3193682891849345,MSI-H
FLRT2,0.0,4.746362699173289,4.524276172753387,Non-MSI-H
NDNF,0.0,4.871475749238346,4.423478088650614,Non-MSI-H
KCNH8,0.0,5.015509603994609,4.616786994039665,Non-MSI-H
TNFSF13B,0.0,4.781223855949354,5.40170164580928,MSI-H
TTPA,0.0,5.005280219848895,3.8875632010770977,Non-MSI-H
CLIC2,0.0,4.935533744272638,5.201962978981391,MSI-H
AGAP2,0.0,4.755876362584006,5.5278517580335205,MSI-H
PRDM5,0.0,5.088516637071745,4.942260475904176,Non-MSI-H
SLC7A2,0.0,4.370610685148947,5.058602027912431,MSI-H
CPNE8,0.0,4.993224516170776,4.809170228209451,Non-MSI-H
LTF,0.0,4.759390817889316,4.264517949350156,Non-MSI-H
STON1,0.0,4.853925573572629,4.656780683830043,Non-MSI-H
TPSG1,0.0,4.3663149316777,4.2546843421000275,Non-MSI-H
FAM166C,0.0,5.058664710650303,4.952806976852932,Non-MSI-H
WIF1,0.0,2.774357721978908,0.8019923157469575,Non-MSI-H
CD38,0.0,4.634417937669606,4.874148054421954,MSI-H
DLEU2,0.0,4.933744115761651,4.878246538007862,Non-MSI-H
KCNE4,0.0,4.878949424585826,4.995291085203348,MSI-H
SYT17,0.0,4.916000784994015,5.362227944445911,MSI-H
PPP2R2C,0.0,4.303142267664382,3.148992119918682,Non-MSI-H
HK3,0.0,4.638732220173438,5.316746054478383,MSI-H
KCND3,0.0,4.5770185558741385,5.214661425098402,MSI-H
ST6GALNAC2,0.0,4.796881791900431,5.502559617942748,MSI-H
FER1L6,0.0,3.709969587204389,4.992653800015079,MSI-H
C20orf194,0.0,4.877233812167928,4.898211717076803,MSI-H
NRCAM,0.0,4.499638424769906,4.138403505348257,Non-MSI-H
PIK3R5,0.0,4.848392613037577,5.247705701191805,MSI-H
CNTLN,0.0,4.838931980732262,5.160967135947651,MSI-H
HOXD8,0.0,4.794069701849757,5.257122926827976,MSI-H
RNF183,0.0,4.893771597593966,4.894843254272545,MSI-H
CCL3,0.0,4.633302805338543,5.44869723233756,MSI-H
TENM4,0.0,4.663672907835535,4.7458566759210985,MSI-H
NMU,0.0,4.544643689478264,4.618766937691395,MSI-H
NR4A3,0.0,4.595864134439271,4.827235026167071,MSI-H
FOLR2,0.0,4.74891407396986,4.949071622235842,MSI-H
ZNF391,0.0,5.074376045813891,4.796893687314479,Non-MSI-H
CYRIA,0.0,4.828124616052142,5.190285042466975,MSI-H
JPH2,0.0,4.574084650115356,4.354326819855395,Non-MSI-H
TAGAP,0.0,4.807006615309036,5.174007376770595,MSI-H
VIP,0.0,4.107944127107703,3.3294235334451217,Non-MSI-H
USP9Y,0.0,3.1113978948416117,2.735101788719816,Non-MSI-H
PLA1A,0.0,4.860126437409561,4.501950665644563,Non-MSI-H
PRKY,0.0,3.2993004967958757,3.0343668649062487,Non-MSI-H
EMCN,0.0,4.987890855844235,4.645762648613321,Non-MSI-H
ZDHHC11B,0.0,4.5223733888188855,4.216782863772388,Non-MSI-H
ARL11,0.0,4.747628089297882,3.993162313333713,Non-MSI-H
ZNF347,0.0,4.970598053358452,4.260072029710369,Non-MSI-H
RBP2,0.0,4.403339944646504,2.317055040505133,Non-MSI-H
LYPD3,0.0,4.5214727193677815,4.526936061216088,MSI-H
RNU4-1,0.0,1.181901369665177,1.127442616217132,Non-MSI-H
SETBP1,0.0,4.850037154573095,4.89055293020052,MSI-H
ZNF215,0.0,5.036542166476695,4.929658648586995,Non-MSI-H
CALHM5,0.0,4.86044751988812,4.811193791272439,Non-MSI-H
SLC7A4,0.0,4.944841791217579,3.635158183742073,Non-MSI-H
RIPOR2,0.0,4.763711980877805,4.886995178758331,MSI-H
ZNF813,0.0,4.641945758924329,3.9036160618825835,Non-MSI-H
GLIS3,0.0,4.653665906563474,4.960390877362167,MSI-H
SELE,0.0,4.357908139309876,4.460937205824238,MSI-H
TP73,0.0,4.724357824387616,5.420099258901667,MSI-H
SNPH,0.0,4.648238048739759,5.457732631435496,MSI-H
CPLX2,0.0,4.144610933371629,2.4096929189282443,Non-MSI-H
CSF2RA,0.0,4.9163904554630085,4.92234961596534,MSI-H
MYH7B,0.0,4.733432956476137,3.6825773666598427,Non-MSI-H
TNFSF4,0.0,4.758924084023269,4.970109060594004,MSI-H
ADRA2C,0.0,4.53711798082727,4.1360307825617015,Non-MSI-H
ZNF521,0.0,4.828761294497871,4.733731830204026,Non-MSI-H
GLI3,0.0,4.542259839259923,4.705900733227939,MSI-H
CRNDE,0.0,4.7871461610524575,4.72735350715882,Non-MSI-H
SPINK5,0.0,4.665378471284559,4.31485326391247,Non-MSI-H
ZFY,0.0,3.064917443978517,2.8412953886500687,Non-MSI-H
PSCA,0.0,2.6086658486159653,2.9666146772587765,MSI-H
SIK1B,0.0,4.806421179661233,4.98694155448798,MSI-H
CLIC6,0.0,4.603780773846684,4.470974759930958,Non-MSI-H
RN7SL3,0.0,2.429649688387366,2.9237360774278307,MSI-H
COL2A1,0.0,2.8082040297350517,1.34184617161336,Non-MSI-H
SLC29A4,0.0,4.780197447184734,4.615232910554644,Non-MSI-H
PRKCQ-AS1,0.0,5.0193133117516595,4.7445026059178765,Non-MSI-H
EIF3FP3,0.0,4.976794179795676,4.910457790814196,Non-MSI-H
ZNF93,0.0,4.958807581850577,4.370533621404634,Non-MSI-H
IL6,0.0,4.213476114175945,4.672162734036095,MSI-H
FEZF1-AS1,0.0,3.9162343502723966,4.424644780422494,MSI-H
JAM2,0.0,4.79733168756007,4.596633337653116,Non-MSI-H
UCHL1,0.0,4.42928920983961,4.348394604213692,Non-MSI-H
SFMBT2,0.0,4.715256837584981,5.010829177714696,MSI-H
MAGI2-AS3,0.0,4.711602152467804,4.551017749566155,Non-MSI-H
APOBEC1,0.0,4.8840666139992015,4.289750966528616,Non-MSI-H
CST7,0.0,4.741450824013071,4.967927307700448,MSI-H
NAT2,0.0,4.965302434311455,3.9696094681952117,Non-MSI-H
MYOCD,0.0,4.570321001047692,3.786467302315434,Non-MSI-H
SRPX,0.0,4.674110659251619,5.08470954646389,MSI-H
TSPY26P,0.0,5.0828664515742386,3.9274743764326634,Non-MSI-H
POU2F2,0.0,4.8249352705047,4.963865306010514,MSI-H
LIN7A,0.0,4.3762374347070505,3.664102054355999,Non-MSI-H
VENTX,0.0,3.9097958661476953,2.7943591848499043,Non-MSI-H
RIMKLB,0.0,4.7661594386772785,4.531857346745854,Non-MSI-H
CCNP,0.0,4.6297265767059,5.188295784246967,MSI-H
BATF,0.0,4.778885254796723,4.894440835288321,MSI-H
CCL22,0.0,4.696485169517388,4.756651078863628,MSI-H
IGLV3-9,0.0,3.661005373567667,3.5763204621691944,Non-MSI-H
MSI1,0.0,4.551972056066612,3.7757156424698706,Non-MSI-H
BEX2,0.0,4.301845789933067,2.7227201345681347,Non-MSI-H
HDAC9,0.0,4.7135387239567486,4.193018899530466,Non-MSI-H
CMAHP,0.0,4.65746943904649,4.701170366903702,MSI-H
SHC3,0.0,4.619102875629915,4.183850471899424,Non-MSI-H
OLFM1,0.0,4.662417918314453,4.579167240896419,Non-MSI-H
EIF5AL1,0.0,4.4680482368242105,5.233617458036652,MSI-H
FCMR,0.0,4.78611017880729,5.01569288613346,MSI-H
SLC17A4,0.0,4.68017001310915,3.7455506476326534,Non-MSI-H
GGT6,0.0,7.538055520478236,6.854339372440292,Non-MSI-H
MLPH,0.0,7.069377749556032,7.9761063346007885,MSI-H
MRC2,0.0,7.335229414443698,7.416213824626317,MSI-H
ISLR,0.0,7.329217914941784,7.164124302035945,Non-MSI-H
XIST,0.0,4.222252496567764,3.7269216869991633,Non-MSI-H
SMC4,0.0,7.435823401592655,7.4045937293718955,Non-MSI-H
EPSTI1,0.0,7.366743573981858,7.217038923896835,Non-MSI-H
KCTD12,0.0,7.10828838209241,7.7110180498895655,MSI-H
RAB31,0.0,7.151566617224408,7.387392983203564,MSI-H
SORBS1,0.0,7.328347298049781,6.732717540429501,Non-MSI-H
MMP9,0.0,6.900944700635075,7.238293844763718,MSI-H
PCDH19,0.0,4.173426776172393,2.6595388975178174,Non-MSI-H
BCL2A1,0.0,4.499865396587462,5.335321528629239,MSI-H
IRF4,0.0,4.486392035788876,4.670905591160926,MSI-H
C4B,0.0,4.676650405675695,4.32194786168359,Non-MSI-H
JSRP1,0.0,4.450611576703343,4.867498977330714,MSI-H
TREM1,0.0,4.198115230276568,5.124394750471968,MSI-H
NAMPTP1,0.0,4.7421947361985035,4.804777422522892,MSI-H
CCL11,0.0,4.513490783867163,4.181216223499106,Non-MSI-H
SLC6A4,0.0,4.357627727628793,2.147603883030756,Non-MSI-H
SH3PXD2A-AS1,0.0,4.669992603967749,4.371109538606937,Non-MSI-H
CACNA2D1,0.0,4.613401761902061,4.474142405057301,Non-MSI-H
SLC1A3,0.0,4.348881646536956,5.16370469083122,MSI-H
NOMO3,0.0,4.867530123424465,4.765868868242812,Non-MSI-H
ALPG,0.0,2.850135102191511,3.4223393792488084,MSI-H
CR2,0.0,3.650300644871046,3.5396232583909235,Non-MSI-H
GTF2IP4,0.0,4.885256038992958,4.708267764237989,Non-MSI-H
MMP10,0.0,4.227244796383115,4.090490441646514,Non-MSI-H
LOC105371267,0.0,4.52378552319568,3.7270586326824073,Non-MSI-H
ANK2,0.0,4.543341187932433,4.321834645679805,Non-MSI-H
ST6GAL2,0.0,4.069381236469165,3.0020992976440537,Non-MSI-H
MIPOL1,0.0,4.742567945675371,4.660834402926122,Non-MSI-H
GLI2,0.0,4.732488858535879,4.715665970158471,Non-MSI-H
TAFA5,0.0,4.8725226371995225,4.478920510670045,Non-MSI-H
CHIT1,0.0,3.5849093469977142,4.090912992464923,MSI-H
MAPK8IP2,0.0,4.3669413447066985,4.585567260075696,MSI-H
SLCO5A1,0.0,4.776695549145187,4.655255877645086,Non-MSI-H
C4A,0.0,4.596113024196986,4.299810736327273,Non-MSI-H
NELL2,0.0,4.003887913397147,3.9753696400408174,Non-MSI-H
PALMD,0.0,4.610170471690819,4.709277289619936,MSI-H
ARHGAP27P1-BPTFP1-KPNA2P3,0.0,4.85497483040152,4.611219931659411,Non-MSI-H
TNFAIP6,0.0,4.381867554918616,4.9237178479994865,MSI-H
ECM2,0.0,4.542836260742476,4.450866999983959,Non-MSI-H
B3GALNT1,0.0,4.629840403353642,5.036552387950804,MSI-H
MIR100HG,0.0,4.481522587448867,4.346638099967187,Non-MSI-H
LINC01234,0.0,3.57066291052602,2.5052929109328024,Non-MSI-H
HAVCR1,0.0,3.5195686217387325,2.545349876530713,Non-MSI-H
HOXD13,0.0,3.8556753900613576,2.9579774532309298,Non-MSI-H
LHFPL3-AS2,0.0,4.3805616007249935,3.4024563278316586,Non-MSI-H
LCN12,0.0,4.890783352739037,3.6336807528054096,Non-MSI-H
CD302,0.0,4.842672874302991,4.702517335996007,Non-MSI-H
ARHGEF4,0.0,4.331849933956689,4.863958694695905,MSI-H
CH25H,0.0,4.888386917840762,4.10384741345838,Non-MSI-H
LYPD6B,0.0,4.682121333800512,4.801955167119123,MSI-H
PRKCQ,0.0,4.727965337709972,4.861538524405062,MSI-H
PILRA,0.0,4.661283807399019,5.1625053659183475,MSI-H
PLA2G12B,0.0,4.133565278784415,1.4847127803985056,Non-MSI-H
DRD2,0.0,4.075868912450581,1.807599737974612,Non-MSI-H
BST1,0.0,4.817526506492712,4.617002138021434,Non-MSI-H
COL4A5,0.0,4.6515919714622145,3.9182246013334643,Non-MSI-H
CAP2,0.0,4.829451893895455,4.832013585872329,MSI-H
RAPGEF4,0.0,4.850345002713303,4.311100890998597,Non-MSI-H
H1-4,0.0,2.2651209720227468,2.543787653445265,MSI-H
MIR4458HG,0.0,4.708889322226606,4.688369991312159,Non-MSI-H
CHST5,0.0,3.8998802636719425,4.752471228887709,MSI-H
CFAP20DC,0.0,4.690034396879684,3.783271967774069,Non-MSI-H
COCH,0.0,4.543084322054256,3.7042057044554664,Non-MSI-H
IGHV2-26,0.0,3.445022468343648,3.6698141510484463,MSI-H
MEDAG,0.0,4.456208611514578,4.529170435547623,MSI-H
PDE10A,0.0,4.2720040260527,5.1042640868834255,MSI-H
SERTAD4,0.0,4.617358162688834,4.780873252679587,MSI-H
ODAM,0.0,4.045088670723964,3.0981375465571745,Non-MSI-H
PRKD1,0.0,4.65433203731096,4.492225513140878,Non-MSI-H
GJB4,0.0,4.499953136743443,4.576374676368463,MSI-H
FAM189A1,0.0,4.205833332496438,2.712213717369923,Non-MSI-H
PRSS21,0.0,2.33646312495452,2.8833905816031487,MSI-H
SCML2,0.0,4.726630366853776,4.303780941780087,Non-MSI-H
FAM169A,0.0,4.418011964819247,5.256813867077159,MSI-H
TAS1R3,0.0,4.594850611584447,3.475327551628475,Non-MSI-H
ALDH1A2,0.0,3.163375187781088,3.3610134202839492,MSI-H
EFNA5,0.0,4.261639487523237,5.123684484908048,MSI-H
SLC38A4,0.0,4.324628743835033,2.6723276861839187,Non-MSI-H
SLCO1B3,0.0,3.547620763802438,3.471936424001584,Non-MSI-H
GALNT4,0.0,4.879735867010059,4.4305488149839904,Non-MSI-H
GLI1,0.0,4.781470353167541,4.4858939930670125,Non-MSI-H
SORCS2,0.0,4.639060759854925,4.441612781594563,Non-MSI-H
RPS3AP5,0.0,3.8405347556769946,3.6897034276201324,Non-MSI-H
TIAM1,0.0,4.445086175072491,5.056642351199024,MSI-H
RHOH,0.0,4.621960939563841,5.147697355699497,MSI-H
IKZF2,0.0,4.60774999805711,4.965102853753276,MSI-H
PALM3,0.0,4.477000820929681,3.2719240899606765,Non-MSI-H
FAM20A,0.0,4.508265870860504,4.904857146457281,MSI-H
LOC102724159,0.0,4.790442867475094,4.658950274134563,Non-MSI-H
HOXD10,0.0,4.205283530677081,3.042106872491735,Non-MSI-H
ZNF790,0.0,4.77046865838692,3.699015155757943,Non-MSI-H
PLAC4,0.0,3.308281160277291,3.312140488391905,MSI-H
CRIP1,0.0,4.551710983563589,5.386390121299364,MSI-H
SHISA2,0.0,4.620081233642749,4.199365788888013,Non-MSI-H
NCMAP,0.0,4.843921570839656,4.122931350959052,Non-MSI-H
PMFBP1,0.0,4.77426173851807,3.714686701797433,Non-MSI-H
FAM50B,0.0,4.532498934143259,4.209743384179066,Non-MSI-H
NTSR1,0.0,3.2309794224911887,3.627484055170027,MSI-H
PLEKHH2,0.0,4.627293735530358,3.992102575857005,Non-MSI-H
DACT3,0.0,4.61789842258726,4.229609613667869,Non-MSI-H
PHGDH,0.0,7.3597876832016675,7.217161941032829,Non-MSI-H
NPNT,0.0,7.484964347687605,7.550359473249644,MSI-H
TFCP2L1,0.0,7.694393183307692,6.196834847893142,Non-MSI-H
DDC,0.0,7.748393287077983,6.320936558989279,Non-MSI-H
NOS2,0.0,6.769529124732575,7.316103763021976,MSI-H
PPP1R12B,0.0,7.293522621317374,7.049387481333467,Non-MSI-H
MGP,0.0,7.045964245466278,6.6540736989833515,Non-MSI-H
SEMA5A,0.0,7.655307918842325,6.320248672426627,Non-MSI-H
ITGB2,0.0,7.171616751739467,7.76601450476965,MSI-H
NUPR1,0.0,7.281496081722637,7.125652004569962,Non-MSI-H
DEFA5,0.0,4.325351191610289,3.328349519631429,Non-MSI-H
NT5E,0.0,7.384207365352683,7.516422437598262,MSI-H
CCL20,0.0,7.2807184221766885,6.855096413325985,Non-MSI-H
SCRN1,0.0,7.427248837576774,7.011318413518765,Non-MSI-H
IGLV7-43,0.0,3.8125000119661068,3.4982681998801683,Non-MSI-H
SLC16A7,0.0,4.028594121092333,4.785986520725274,MSI-H
TMEM25,0.0,4.71509455140561,4.64134895949694,Non-MSI-H
HERC5,0.0,4.719831202646646,4.313282626944118,Non-MSI-H
CARMIL2,0.0,4.628121300862428,4.494905340674606,Non-MSI-H
SSUH2,0.0,4.617203394921523,3.3063178168092118,Non-MSI-H
PLXNA4,0.0,4.3589285467552,4.016171217031255,Non-MSI-H
MARK1,0.0,4.524894485965319,3.814805131551175,Non-MSI-H
RYR2,0.0,4.284389222035513,3.9534217783962227,Non-MSI-H
ZNF528,0.0,4.6043853567214965,3.985404924994769,Non-MSI-H
ADAMTSL1,0.0,4.683383879865315,4.158978692554526,Non-MSI-H
UGT1A10,0.0,4.502237099990415,3.527666244562486,Non-MSI-H
EVI2A,0.0,4.455711562651173,4.917209557649179,MSI-H
NCAM1,0.0,4.601387238715929,4.073761387129211,Non-MSI-H
SCUBE2,0.0,4.6912265726303515,4.090443899289456,Non-MSI-H
CD96,0.0,4.5357904384313485,5.118433315676586,MSI-H
SHISA6,0.0,3.3981087327903094,2.165236417213584,Non-MSI-H
CCDC162P,0.0,4.782663602249764,3.882987272688257,Non-MSI-H
ASB2,0.0,4.566847072286735,4.313889946834051,Non-MSI-H
PTGER3,0.0,4.369341545340785,4.059282276193719,Non-MSI-H
SLC5A9,0.0,4.470725912856436,3.506518874242067,Non-MSI-H
CLIP4,0.0,4.4268841904945555,4.600547340090668,MSI-H
PRODH,0.0,4.068892190845257,4.453828738488014,MSI-H
SELP,0.0,4.255127017824946,3.961045966367752,Non-MSI-H
SGIP1,0.0,4.6069167353531615,4.412363736183739,Non-MSI-H
HGF,0.0,4.612565289327823,4.185784747320957,Non-MSI-H
ONECUT3,0.0,1.9663151319480148,3.250085279956674,MSI-H
LRRK2,0.0,4.189942708228886,4.322260133539504,MSI-H
RASGEF1A,0.0,3.7839292811875995,4.231789005714968,MSI-H
MIR17HG,0.0,4.604027519542318,3.8215443627173444,Non-MSI-H
CLEC2B,0.0,4.584186969639495,5.1332690960510465,MSI-H
L3MBTL4,0.0,4.419204351137472,3.513939188942406,Non-MSI-H
CACNB2,0.0,4.6744638648573,4.349088280450444,Non-MSI-H
KCNQ4,0.0,4.481946736791191,4.619861013320182,MSI-H
TRAF3IP3,0.0,4.565433638787711,4.76244995949488,MSI-H
SLAMF6,0.0,4.584909114673584,4.687779747342303,MSI-H
OR51E1,0.0,4.432735189130437,4.290691400555884,Non-MSI-H
FCRL5,0.0,3.979131279271659,4.05895154497974,MSI-H
FGF19,0.0,3.384106521354717,1.9434840536381048,Non-MSI-H
SNHG25,0.0,3.9305933541670104,3.9757857341914655,MSI-H
TRMT9B,0.0,4.596228390472996,4.1700006434440855,Non-MSI-H
ABCC9,0.0,4.357230166960532,4.400297927074504,MSI-H
EPHA3,0.0,4.567306885494879,3.8598611304492882,Non-MSI-H
IGKV3D-20,0.0,3.688911519484892,3.558458693324974,Non-MSI-H
TIGIT,0.0,4.3592411602878025,5.105386006926085,MSI-H
GNAO1,0.0,4.318862106870644,3.8371401525140407,Non-MSI-H
NEGR1,0.0,4.574126703430176,4.040777608814996,Non-MSI-H
NEB,0.0,4.250715213509054,3.975034715012037,Non-MSI-H
EYA2,0.0,4.122539462639161,3.4699534974624457,Non-MSI-H
GSDME,0.0,4.475504922636707,4.706881948907458,MSI-H
TLX1,0.0,4.543498964268915,3.5755220357015807,Non-MSI-H
LINC02747,0.0,4.893698131168103,3.645461505696336,Non-MSI-H
GPRASP1,0.0,4.682206661665864,4.0575469587349025,Non-MSI-H
AKR1C1,0.0,4.529112118485228,4.378523806798952,Non-MSI-H
CEROX1,0.0,3.8118612845572377,4.636535322994303,MSI-H
EGFL6,0.0,4.581093196151512,4.732428801726117,MSI-H
FGF2,0.0,4.409406051673988,4.224192823430265,Non-MSI-H
LAMC3,0.0,4.600944925862275,4.220925387718819,Non-MSI-H
UGT2B15,0.0,3.949217417680869,4.065779100660036,MSI-H
ZNF880,0.0,4.5152486092027875,3.8738936801840995,Non-MSI-H
CCL19,0.0,3.7200422381429896,3.6653453307665247,Non-MSI-H
TNFSF11,0.0,4.7070799984970915,3.7822851987464063,Non-MSI-H
STK31,0.0,4.430976879548393,3.7713180501963595,Non-MSI-H
GSDMA,0.0,4.462654834319729,4.410935760070336,Non-MSI-H
GREM2,0.0,4.166156782271182,2.8915408189966425,Non-MSI-H
PI15,0.0,3.8385449439418218,4.173874654571568,MSI-H
PKIA,0.0,4.205907231266138,3.923062121502288,Non-MSI-H
LOC100128770,0.0,4.804872008906048,4.022666474054603,Non-MSI-H
KLRK1-AS1,0.0,4.258976577632094,4.416788550088103,MSI-H
TMEM211,0.0,4.221606560153327,2.842477410577373,Non-MSI-H
RGS11,0.0,4.45581813976994,4.27991487969456,Non-MSI-H
NPIPB15,0.0,3.980281855801166,3.6097214217547497,Non-MSI-H
HBA2,0.0,4.195272605455574,4.376715854223512,MSI-H
MAT1A,0.0,4.092436815524929,3.327990596474277,Non-MSI-H
BRSK1,0.0,4.825529017304518,4.31785072397065,Non-MSI-H
PTGDR,0.0,3.2650150965569784,3.8994044269802677,MSI-H
TBX18,0.0,3.610769220163264,3.564577084782074,Non-MSI-H
SCARA5,0.0,4.224843034942676,3.273702320615435,Non-MSI-H
NAPSB,0.0,4.60383252949514,4.46153681682959,Non-MSI-H
ZNF595,0.0,4.643647525740377,3.62080084766615,Non-MSI-H
CP,0.0,3.5888081967200054,4.124533085148344,MSI-H
RBMS3,0.0,4.560450480511177,4.166232104720297,Non-MSI-H
FAM155B,0.0,3.6377324787415652,2.3596014357514616,Non-MSI-H
SOX6,0.0,4.361092947789634,4.260232354290063,Non-MSI-H
SCEL,0.0,3.1961439490104926,3.5681309374152455,MSI-H
PLAG1,0.0,4.447214947734957,3.6776614991595373,Non-MSI-H
ACTL8,0.0,3.134305274544867,3.050941764559431,Non-MSI-H
FBXO17,0.0,4.266441040143428,3.8338080361870723,Non-MSI-H
HHIP,0.0,4.434096993769268,3.4262704537207163,Non-MSI-H
SOX2,0.0,2.334419469630978,2.2437835199772707,Non-MSI-H
RPL39L,0.0,4.168682165330265,4.049321705006786,Non-MSI-H
RSPO3,0.0,4.030204876791347,4.131184076094571,MSI-H
SERPINI1,0.0,4.636891539815845,4.257744049411182,Non-MSI-H
TSPYL5,0.0,4.54441632072787,4.465500866392187,Non-MSI-H
CCDC78,0.0,4.463801407496027,4.427971102072924,Non-MSI-H
SOX8,0.0,3.574931035158205,4.57093620061619,MSI-H
MASP1,0.0,3.6963390392490165,3.246760276226757,Non-MSI-H
CHST4,0.0,2.863805809165293,3.2151378443134138,MSI-H
SORD2P,0.0,4.517214581740399,4.546093864383328,MSI-H
DDN,0.0,4.572059635683475,4.173768033201213,Non-MSI-H
ZBED6,0.0,4.242763598950405,4.430699283274298,MSI-H
SLC2A4,0.0,4.6623090783640295,4.063159284671,Non-MSI-H
ELF5,0.0,2.733991310573006,1.2103408602505972,Non-MSI-H
KIAA0319,0.0,4.214577399352381,4.170647754486773,Non-MSI-H
SCG2,0.0,4.193272730062725,4.2778118010134465,MSI-H
IGLV5-45,0.0,3.29854954253777,3.30142953105077,MSI-H
ERVMER34-1,0.0,4.103261104172439,3.3267099465943164,Non-MSI-H
LRRC36,0.0,4.677520182064173,2.9975689947894595,Non-MSI-H
IGLV2-18,0.0,3.337992128846111,3.000381136935713,Non-MSI-H
GPR34,0.0,4.436776460089245,4.694954103210974,MSI-H
H1-5,0.0,1.9458623130457036,1.8050793218156056,Non-MSI-H
OXER1,0.0,4.558704501774111,3.8738471018381775,Non-MSI-H
DOK7,0.0,4.412508973020844,4.651029138506251,MSI-H
CALB2,0.0,3.579942751753044,4.218542913971013,MSI-H
ZNF718,0.0,4.572543955786051,4.439734058006664,Non-MSI-H
GUCY1A2,0.0,4.147492157923587,3.9737760172213457,Non-MSI-H
MIR3142HG,0.0,4.4428430774568755,4.2632938388203065,Non-MSI-H
RUNX1T1,0.0,4.382934463292157,4.0440192450807,Non-MSI-H
GAD1,0.0,3.8374339781138906,5.145867136405328,MSI-H
TGFB2,0.0,4.365420881221656,4.223696491245323,Non-MSI-H
CD69,0.0,4.309926168959792,4.826272969015936,MSI-H
FCGR2B,0.0,4.158519065143853,4.833462574693811,MSI-H
SAA2,0.0,3.6021642993366463,3.9554948308356344,MSI-H
DNM3,0.0,4.645917233733478,3.525744545600254,Non-MSI-H
SMIM32,0.0,4.305938570504183,3.064657895995343,Non-MSI-H
SCML4,0.0,4.459940125835399,3.854818075241514,Non-MSI-H
SYNGR3,0.0,4.156837124987373,4.49370218266427,MSI-H
CCDC8,0.0,4.425674872948123,4.308718749934346,Non-MSI-H
ZMAT1,0.0,4.182622410247113,3.5545574741053905,Non-MSI-H
LRRN2,0.0,4.275718842773892,4.188038067027899,Non-MSI-H
ITK,0.0,4.331328380796421,4.71502068075434,MSI-H
RASGRP1,0.0,4.272468992663817,5.140105785723261,MSI-H
ADGRD1,0.0,4.320044533335731,3.9666201406776818,Non-MSI-H
ZNF439,0.0,4.555971325087133,3.7770984354625474,Non-MSI-H
AKR1C2,0.0,4.434668202278584,3.76785004499254,Non-MSI-H
TYW1B,0.0,4.647192486301942,4.430263290473043,Non-MSI-H
SFRP1,0.0,3.4123527637371036,3.1218087287630083,Non-MSI-H
COL28A1,0.0,4.334748655157647,3.925063975482635,Non-MSI-H
RET,0.0,3.9220019865782,4.244477898192307,MSI-H
NMNAT2,0.0,3.940033290583149,3.4712471665905773,Non-MSI-H
IL24,0.0,4.009163931424538,4.478535960443958,MSI-H
CCL4L2,0.0,4.227808220448718,4.959028669275515,MSI-H
CLEC5A,0.0,3.9181827495671557,4.870249227091622,MSI-H
TLR1,0.0,4.3005155550923195,4.799516388733375,MSI-H
PLIN1,0.0,3.1575316597348624,2.715837690477976,Non-MSI-H
DYNC2H1,0.0,4.273892637201457,4.3748950327761,MSI-H
SLC6A7,0.0,4.377600940579168,4.234179859033464,Non-MSI-H
MAGEB17,0.0,3.0898034438215674,0.9332913749363059,Non-MSI-H
MATN3,0.0,4.234597722066154,3.643652737601465,Non-MSI-H
ATAD3C,0.0,4.3227964344861975,3.7723198085339873,Non-MSI-H
EEF1A2,0.0,3.3667932885324143,2.9334747393958924,Non-MSI-H
C1QTNF12,0.0,4.612482951579169,3.8773191452823155,Non-MSI-H
KIF19,0.0,3.421700790436378,4.017516629082851,MSI-H
C3orf14,0.0,4.137999208232256,3.719992938347815,Non-MSI-H
PHACTR3,0.0,4.1845207319972415,2.3252890180302397,Non-MSI-H
AMH,0.0,3.6121969379660386,4.40757213951786,MSI-H
VEGFC,0.0,4.487419812660701,4.603824706988617,MSI-H
EGF,0.0,3.3890543653262,2.4844054011202865,Non-MSI-H
GPM6B,0.0,4.422949119100084,4.196553570119012,Non-MSI-H
CTNNA2,0.0,2.763886671759609,1.2916210996075461,Non-MSI-H
WNT10A,0.0,4.162933688545018,3.641141575469297,Non-MSI-H
OGN,0.0,3.2460999689245003,2.4814762442561804,Non-MSI-H
LINC00665,0.0,3.8507290113351647,3.938580159167015,MSI-H
PIEZO2,0.0,4.376254714760085,4.032825399149664,Non-MSI-H
CPA6,0.0,3.7889092282123786,2.453691652746206,Non-MSI-H
ANKRD36C,0.0,3.892264604727699,4.130099641738093,MSI-H
MBNL1-AS1,0.0,4.461177523752822,4.25998668099107,Non-MSI-H
SHE,0.0,4.4651370553845675,4.399280505753004,Non-MSI-H
MMP24,0.0,4.585439813283439,3.459624289135553,Non-MSI-H
IGKV2D-29,0.0,3.3703311533140994,3.653601532648405,MSI-H
NKILA,0.0,4.591312650672677,3.659522526289786,Non-MSI-H
RERG,0.0,4.327896747805597,3.9180538988609386,Non-MSI-H
TUBB3,0.0,4.523676546732901,4.231990406532003,Non-MSI-H
CXCL6,0.0,3.9520740483350485,4.156758202337749,MSI-H
TFEC,0.0,4.1352345804449415,4.607201135666688,MSI-H
CSPG4P10,0.0,4.551246402311688,4.357454819052305,Non-MSI-H
MMRN1,0.0,3.7895132562283984,3.708557400979484,Non-MSI-H
NKX2-3,0.0,4.622114349936724,3.7887520579184097,Non-MSI-H
ZNF304,0.0,4.292363157649933,4.548707314493987,MSI-H
KCNJ3,0.0,3.4673237155747705,4.542143415448219,MSI-H
IRAG2,0.0,4.308771745214765,4.447095209531165,MSI-H
DKK2,0.0,4.106889160741424,3.9002624955442013,Non-MSI-H
ILDR2,0.0,4.406979324795872,4.254756860158854,Non-MSI-H
IGLC3,0.0,6.804610724340254,6.720233971059257,Non-MSI-H
C10orf99,0.0,7.522174069985595,4.992148159103734,Non-MSI-H
RHOBTB3,0.0,7.671527821782286,7.336110483021889,Non-MSI-H
AKR1C3,0.0,7.597124098839788,6.983716510358938,Non-MSI-H
CCDC88B,0.0,7.3860875446227645,6.597359700879403,Non-MSI-H
HLA-DQA1,0.0,7.087055177443084,7.743934185734874,MSI-H
PPBP,0.0,3.4356033742233136,2.7505272361343263,Non-MSI-H
MTND4P12,0.0,6.17093814006045,5.855402376066831,Non-MSI-H
CLU,0.0,7.238413735751611,7.093345449586249,Non-MSI-H
PTPRO,0.0,7.271363877073674,5.508584328503078,Non-MSI-H
FSCN1,0.0,7.223417900542887,7.977614653770182,MSI-H
LINC01558,0.0,4.526210447756792,3.401472214140831,Non-MSI-H
PRAME,0.0,3.204236904981701,3.3337047650508604,MSI-H
LIFR,0.0,4.282056729084425,3.7986397655732502,Non-MSI-H
RRAD,0.0,4.263919054698698,4.372672430447874,MSI-H
ARMH4,0.0,4.425089516910813,4.630471451384469,MSI-H
MAP9,0.0,4.090830041665033,3.8567681369821245,Non-MSI-H
CCDC150,0.0,4.521229723578438,4.463178656906289,Non-MSI-H
PAX5,0.0,3.5069728548654484,3.610259093994637,MSI-H
CD27,0.0,4.347217067960375,4.4653403488574455,MSI-H
CHL1,0.0,4.146033836000841,3.870909233179295,Non-MSI-H
ANKRD29,0.0,4.48139356191799,3.79424823457881,Non-MSI-H
N4BP2L2-IT2,0.0,4.257690999754832,3.632399096477059,Non-MSI-H
LGALS9C,0.0,4.070979072929525,3.5617481151573234,Non-MSI-H
TFPI2,0.0,3.8381554843617964,3.523271571609199,Non-MSI-H
PON3,0.0,4.189277657911545,4.198798692532239,MSI-H
TNFAIP8L3,0.0,4.530331817279359,3.8557041335238367,Non-MSI-H
CENPS,0.0,4.6066519681018905,4.682900431899279,MSI-H
IGHV4-28,0.0,3.6650579118011333,3.6590812730823954,Non-MSI-H
SERPINA6,0.0,3.6488096238401515,1.922482892341885,Non-MSI-H
ST6GALNAC5,0.0,4.079675110780857,4.404225098054928,MSI-H
OTX1,0.0,4.213914019939635,5.094610814007402,MSI-H
NSG1,0.0,4.551254399164839,3.6137994457653453,Non-MSI-H
SYNGR1,0.0,4.247623634885932,4.650728656149446,MSI-H
AMY2B,0.0,4.412238248391602,3.9082705777188034,Non-MSI-H
PCBP3,0.0,4.40122487782572,3.922260822617695,Non-MSI-H
MALRD1,0.0,3.0139641012326375,3.522201375390898,MSI-H
LINC01124,0.0,4.348407741751919,3.999007540037345,Non-MSI-H
TWIST1,0.0,4.283047482377126,4.281711880673444,Non-MSI-H
LINC00960,0.0,3.7517053239248432,4.291650973834674,MSI-H
AASS,0.0,4.394527723795205,4.411014288337119,MSI-H
MS4A1,0.0,3.3098079491263728,3.3263817483245743,MSI-H
DNAJB6P1,0.0,4.28556661288203,4.2383284645420165,Non-MSI-H
ZNF594,0.0,4.570842528110827,4.199655684270343,Non-MSI-H
ACSS3,0.0,3.9848542191216763,3.4866719772252313,Non-MSI-H
LYVE1,0.0,3.9707516245228667,4.019817231327392,MSI-H
SFTA2,0.0,3.825989052156928,2.7260649496498615,Non-MSI-H
PLXNB3,0.0,4.0723302434957365,3.877354454398868,Non-MSI-H
EBF1,0.0,4.394170679599332,4.266176891006661,Non-MSI-H
MMP17,0.0,4.229016284134781,4.08984071945335,Non-MSI-H
PADI1,0.0,3.9833786648299925,3.1575823689955316,Non-MSI-H
HHIPL1,0.0,4.402218951718406,4.345600561926818,Non-MSI-H
NPR3,0.0,3.7809884498141626,3.067327799282474,Non-MSI-H
ADAM33,0.0,4.220951667984821,3.519439571836459,Non-MSI-H
DDO,0.0,4.30306129605396,3.6892176341650074,Non-MSI-H
KRT8P45,0.0,4.32628867169743,4.331118546595821,MSI-H
ADAM32,0.0,4.356005846377294,3.0464433317431134,Non-MSI-H
TMEM71,0.0,4.181195464420077,3.8506873028514024,Non-MSI-H
NGFR,0.0,3.9872080066572875,3.295595042917509,Non-MSI-H
PIK3CG,0.0,4.197250477512266,4.523117109434607,MSI-H
MAMLD1,0.0,4.164506294588287,4.9766306404776595,MSI-H
MNS1,0.0,4.443634594293589,4.220637871487046,Non-MSI-H
PDE1A,0.0,4.393223587469156,4.077319517311879,Non-MSI-H
RIMBP2,0.0,3.8102245173654286,3.7569352869779133,Non-MSI-H
GFRA1,0.0,4.096722265198855,3.440284164916407,Non-MSI-H
FCN1,0.0,3.8487928641405524,4.311903698636304,MSI-H
TNFRSF9,0.0,4.311414315251684,4.889252401404624,MSI-H
CES4A,0.0,4.466586236882454,3.7625075573043874,Non-MSI-H
COLGALT2,0.0,3.187306554607046,4.4541525588910735,MSI-H
BANK1,0.0,4.309662491040172,4.223527505966474,Non-MSI-H
LAMA1,0.0,4.287520442875894,4.611980398901386,MSI-H
DMRT2,0.0,3.7867323751118733,3.849588333708922,MSI-H
EFR3B,0.0,4.460679194313662,4.132408513796633,Non-MSI-H
CCR7,0.0,4.1793414657530175,4.211366339471733,MSI-H
VASH2,0.0,4.519142867390999,4.02750277206485,Non-MSI-H
TUBB2B,0.0,3.996290149983602,3.747205998963359,Non-MSI-H
SLC26A9,0.0,1.8825453476023704,2.8710064143936664,MSI-H
ORM1,0.0,1.6700299303757435,1.1709060990123787,Non-MSI-H
IGHV3-13,0.0,3.229164012460959,3.2917119514159,MSI-H
ZNF280B,0.0,4.453048092677716,3.9469189716349455,Non-MSI-H
MID2,0.0,4.348806100667355,4.622634785114251,MSI-H
SDK2,0.0,4.100865732113989,4.1461676990806495,MSI-H
ZIC5,0.0,2.319514797983545,4.173972531583424,MSI-H
KLRD1,0.0,3.8346860474017066,4.94884141641375,MSI-H
FAM171B,0.0,4.306802460548267,4.34730910217892,MSI-H
UST,0.0,3.931330516260634,4.763283369874384,MSI-H
ADCY1,0.0,4.161984002591611,4.053186608642713,Non-MSI-H
GPR63,0.0,4.338801483055074,4.697304583427831,MSI-H
LINC01605,0.0,4.529242460112742,3.459286208975368,Non-MSI-H
CSTA,0.0,4.137450827733702,4.019555665186149,Non-MSI-H
H2BC8,0.0,3.673162464911621,2.8558413182167444,Non-MSI-H
AKAP6,0.0,4.34670485043213,4.158184293321705,Non-MSI-H
ADGRF1,0.0,3.463711638547789,3.9543564917271516,MSI-H
PPP1R3G,0.0,4.452433711194003,3.8191204979929068,Non-MSI-H
PCDHB16,0.0,3.9296260225641717,3.7240273647877205,Non-MSI-H
HLA-K,0.0,4.376054035905562,4.482280334109173,MSI-H
RGS4,0.0,3.9580079039554596,3.967982821574806,MSI-H
P4HA3,0.0,4.170537828461322,4.28339032643486,MSI-H
KLK8,0.0,3.0466636845102384,2.8030948701047897,Non-MSI-H
DNAI4,0.0,4.484777397544229,4.165499931314596,Non-MSI-H
GHR,0.0,4.198927115763378,3.427876477202788,Non-MSI-H
P2RX7,0.0,4.189639017130555,4.526097344732611,MSI-H
LINC01806,0.0,4.394302829675838,4.181636414827809,Non-MSI-H
MAP3K20-AS1,0.0,3.4031145760473946,3.1381503443172263,Non-MSI-H
RPL13AP20,0.0,4.5108765532868595,4.2997564012331315,Non-MSI-H
CWH43,0.0,3.47314082728264,1.9160536213528951,Non-MSI-H
SLC4A3,0.0,4.0597055865861895,4.332161115001285,MSI-H
SCUBE1,0.0,4.361920473736336,4.0176867709046435,Non-MSI-H
MFSD6L,0.0,4.332934964161854,4.421948942024273,MSI-H
MB,0.0,3.929406083657665,4.166025438632791,MSI-H
FGF13,0.0,4.189024829649112,3.343788323728806,Non-MSI-H
ZFP28,0.0,4.248221601668993,3.1785364948851464,Non-MSI-H
RARB,0.0,4.428005563909458,4.1844408833657525,Non-MSI-H
SEPTIN3,0.0,3.961516323991994,4.358525350346014,MSI-H
LRRC10B,0.0,4.324874653444872,3.4061164291855692,Non-MSI-H
XKR9,0.0,3.5666752784309406,4.883144021834908,MSI-H
FKBP9P1,0.0,4.251087688877184,4.378775590608791,MSI-H
IL21R,0.0,4.154549641938748,4.673190736157652,MSI-H
MDGA1,0.0,4.1725937944956755,4.458849389973424,MSI-H
ROR1,0.0,3.9919552651822245,4.526857134263032,MSI-H
RPS14P1,0.0,3.0595527987663953,3.435405520232323,MSI-H
LMO3,0.0,3.774132899730371,2.934265535106641,Non-MSI-H
OTC,0.0,3.336059066938103,3.4591790690820807,MSI-H
LILRB5,0.0,4.106819229632796,4.526576426769194,MSI-H
NBEA,0.0,3.9260844047948185,3.8747431411204016,Non-MSI-H
AQP7,0.0,4.433379334976012,3.8709745196675143,Non-MSI-H
ZFHX4,0.0,3.613772570628402,3.663498747760208,MSI-H
TNNC1,0.0,4.0068437020369245,3.4798763112096007,Non-MSI-H
NOX4,0.0,4.023349459245195,4.247045186915392,MSI-H
FILIP1,0.0,4.169466142209843,3.9535753942763696,Non-MSI-H
PRKAA2,0.0,3.30044033472453,2.577608308406718,Non-MSI-H
ZNF773,0.0,4.462176961137482,3.683301173815598,Non-MSI-H
TRBV28,0.0,4.309528936800408,4.57183498437924,MSI-H
SPRR3,0.0,1.2482309211116878,1.8987313379708506,MSI-H
IGFL2,0.0,3.347093470726419,4.283590795587992,MSI-H
SHISA9,0.0,2.7327395410321698,0.7798778368828664,Non-MSI-H
TRIM54,0.0,3.482372932760207,1.9049139099389034,Non-MSI-H
CNGA1,0.0,4.482877021531017,3.639955493545648,Non-MSI-H
ZNF549,0.0,4.245890268954097,3.7147745980883697,Non-MSI-H
FAM107A,0.0,4.257019183360127,3.9137105049224936,Non-MSI-H
WIPF3,0.0,3.626864786718335,3.976226924465276,MSI-H
SGSM1,0.0,4.2134623988461355,4.567304292828622,MSI-H
DUSP15,0.0,4.166019286161013,3.2242183429288325,Non-MSI-H
SYNDIG1,0.0,4.184087716857204,4.0782646014545785,Non-MSI-H
IL1RL2,0.0,4.151009914886016,3.47901116444504,Non-MSI-H
IGLV4-60,0.0,2.8231353262211916,2.8697160771778725,MSI-H
RTN1,0.0,4.16357988805363,4.334691369329225,MSI-H
SLAIN1,0.0,3.7245263829484276,4.346813300975259,MSI-H
BBOX1-AS1,0.0,4.037818219171684,3.7338964530065213,Non-MSI-H
MCOLN3,0.0,3.78132014517886,4.0120438016910205,MSI-H
PTGES3L,0.0,4.514131152822634,3.794734397397592,Non-MSI-H
PLPP4,0.0,3.8073139459312153,4.1926590786801805,MSI-H
RPL23AP42,0.0,4.192903355705005,3.972406245165552,Non-MSI-H
ALOX15B,0.0,3.3238400797059326,4.539481170166139,MSI-H
CYP26B1,0.0,4.148043191448282,4.494497578309503,MSI-H
AK7,0.0,4.290914301302252,4.742033985901295,MSI-H
EFCAB13,0.0,4.232715219508833,3.513965170436957,Non-MSI-H
CD3G,0.0,4.222197268436419,4.625788453539617,MSI-H
SP140,0.0,4.077390178384812,4.681428851368336,MSI-H
RPS18P2,0.0,3.8988066388077045,3.673932713354712,Non-MSI-H
NACA3P,0.0,4.495595819012581,4.304150290711982,Non-MSI-H
SEMA3C,0.0,7.852744844417897,6.7986977239277495,Non-MSI-H
SPARCL1,0.0,7.461718682455547,7.260252139539009,Non-MSI-H
CCN1,0.0,7.520546859095862,7.560332792819454,MSI-H
SYT7,0.0,7.849911748528824,6.50697576069248,Non-MSI-H
ERN2,0.0,7.613052324947175,7.96040749140876,MSI-H
LTBP1,0.0,7.606920999735381,7.137840212232377,Non-MSI-H
SFRP2,0.0,6.115319226886821,6.649821390426672,MSI-H
LEFTY1,0.0,6.942448109327216,4.831975075265232,Non-MSI-H
IGKV3-20,0.0,6.815570412956796,6.739077590741067,Non-MSI-H
SERPINB5,0.0,6.9462645189441465,7.885780881442974,MSI-H
CMBL,0.0,7.573120350912966,7.7777464758411465,MSI-H
PTP4A3,0.0,7.653298652598636,6.593362620747621,Non-MSI-H
PCSK9,0.0,7.374943501294493,7.952058114698787,MSI-H
FMOD,0.0,7.535608710428068,7.963380899288139,MSI-H
MMP7,0.0,7.032025664542951,6.018245784625828,Non-MSI-H
ZNF543,0.0,4.1462235426831935,4.85981481689744,MSI-H
GALNT15,0.0,3.955493908287407,4.136655953148702,MSI-H
CIDEC,0.0,3.7095345906274253,3.9693109624218152,MSI-H
ADAMTS6,0.0,4.210821893151885,4.305057570381805,MSI-H
C16orf54,0.0,3.954806606687654,4.191189323412907,MSI-H
VNN2,0.0,3.5948571687925854,4.914083114118216,MSI-H
TTBK1,0.0,4.2467738588312,3.651662035608425,Non-MSI-H
EPB41L4A,0.0,4.11161852069921,4.262130482402678,MSI-H
LOC105375166,0.0,3.695639076067119,3.328859554947061,Non-MSI-H
GRIP2,0.0,3.7962408472534213,4.565574451546831,MSI-H
ZNF300,0.0,3.757173832890663,3.683474184409308,Non-MSI-H
HSD11B1,0.0,3.9333098069420354,4.322315765577219,MSI-H
ABCG2,0.0,4.122121195267258,4.172637781864828,MSI-H
CTSW,0.0,3.881843718697665,4.952818375368867,MSI-H
LYNX1,0.0,4.117561106996776,4.04379279809103,Non-MSI-H
LIPM,0.0,4.466135091649492,4.063866319921028,Non-MSI-H
ISM1,0.0,3.7740754159040373,3.4064064854608307,Non-MSI-H
LINC00894,0.0,4.208771736202766,3.400553363723857,Non-MSI-H
C17orf77,0.0,3.1295164336873698,2.5148571116404748,Non-MSI-H
CLEC10A,0.0,3.9414516174337324,4.155704530522831,MSI-H
TTN-AS1,0.0,4.193283364189191,3.8350549230420095,Non-MSI-H
CEP85L,0.0,4.075317998577424,4.78038534405297,MSI-H
COL4A4,0.0,3.722528952705963,3.7803636986687215,MSI-H
RPL7P1,0.0,4.151628270314739,3.802943349666135,Non-MSI-H
ART3,0.0,3.3572481560450127,3.3979095781182647,MSI-H
ZNF662,0.0,4.096883889491839,2.935108028941361,Non-MSI-H
CD300LF,0.0,4.16166562530007,4.758404564596211,MSI-H
TERT,0.0,4.24130121414666,3.850952264959882,Non-MSI-H
MT1H,0.0,3.8089269605363687,4.1823864105830335,MSI-H
MT1M,0.0,3.6543927714060964,4.210341220141107,MSI-H
DNASE1L3,0.0,3.789887751201525,3.4158716127130133,Non-MSI-H
CHST10,0.0,4.22396630875442,3.8504883323421892,Non-MSI-H
AXDND1,0.0,3.739206301495416,3.0885240494319146,Non-MSI-H
TAC1,0.0,3.3118911929407058,1.6171049613442203,Non-MSI-H
HABP2,0.0,2.246495204954561,3.17642797234619,MSI-H
FAM83A,0.0,3.2439372477905235,3.773585346669671,MSI-H
PHYHIPL,0.0,3.11113636611681,1.4317788816388626,Non-MSI-H
SULT1C4,0.0,3.1862827313619646,2.731108958482707,Non-MSI-H
IGHV3-43,0.0,3.204102401727326,3.436631585151591,MSI-H
GTF2H2,0.0,4.275396753857752,4.329629878363293,MSI-H
CD8B,0.0,4.148407908289467,4.3645482988000035,MSI-H
FEZF1,0.0,3.1729696111209913,3.4350385685606106,MSI-H
ANXA10,0.0,1.2868334132030301,3.494369210415739,MSI-H
HOXA2,0.0,4.205285359497032,3.280442015920171,Non-MSI-H
MESP1,0.0,3.9840227951306693,4.211968787114769,MSI-H
GPR65,0.0,4.167372775346225,4.522682711386585,MSI-H
ANGPT1,0.0,4.178104479140274,3.976680702803321,Non-MSI-H
SIT1,0.0,4.204898401299265,4.209751402227323,MSI-H
CDH2,0.0,3.780498827869204,3.9157219594918864,MSI-H
OXTR,0.0,4.281395269118751,3.9041972369104667,Non-MSI-H
RAG1,0.0,4.392973024215481,3.842903450820172,Non-MSI-H
CORIN,0.0,3.990188899477286,3.9495080929439026,Non-MSI-H
IGLC7,0.0,3.170672615674846,3.2074785022713193,MSI-H
RBPMS2,0.0,3.9544330582135188,3.5308509140470634,Non-MSI-H
IGLV9-49,0.0,2.756524850688015,3.1107921855913117,MSI-H
USP2,0.0,4.224243273557605,3.6137933330855803,Non-MSI-H
GAS2,0.0,4.3218405279182734,3.1357545689790167,Non-MSI-H
BEST2,0.0,3.141699896872866,3.040228794221031,Non-MSI-H
MMP13,0.0,2.974999562292278,3.6616967327905363,MSI-H
CLEC3B,0.0,4.288526949143026,3.7195985164610277,Non-MSI-H
TTLL7,0.0,3.9494879074785327,3.8725785406856947,Non-MSI-H
PTN,0.0,4.256372055464009,3.761177055335431,Non-MSI-H
HOXA10-AS,0.0,4.239348964655169,3.365311775592857,Non-MSI-H
SPIB,0.0,3.681897107773313,3.8266504950417723,MSI-H
CDH16,0.0,2.634945305695509,2.7849315915741983,MSI-H
ZDHHC11,0.0,3.814164203232627,3.9721624081136424,MSI-H
GLYATL1,0.0,4.057886912298921,2.590618636622947,Non-MSI-H
MATK,0.0,3.9627472570993745,4.340805816290164,MSI-H
C11orf86,0.0,3.4425711569843855,2.802816974626311,Non-MSI-H
POU2F3,0.0,4.26755097907963,3.8738941432991756,Non-MSI-H
ZNF415,0.0,4.044543577847019,3.4856118934245637,Non-MSI-H
RPS3AP20,0.0,4.323717723541088,4.113819101640211,Non-MSI-H
HOXA-AS3,0.0,3.983418817048824,3.6809116514056024,Non-MSI-H
IGHV3-66,0.0,3.2423755779228305,3.406460191176822,MSI-H
GPAT2,0.0,3.5938330339695987,3.6649067315340047,MSI-H
POU6F2,0.0,2.583824783411372,1.2412604664187064,Non-MSI-H
IGHV3-64,0.0,2.833508415095949,2.677364602311596,Non-MSI-H
SALL1,0.0,4.296726407957658,3.5404939134238305,Non-MSI-H
PGC,0.0,3.0237347455546244,2.9659786368719074,Non-MSI-H
FST,0.0,3.981491175662659,4.103888625532918,MSI-H
TMEM200B,0.0,4.16654218228837,3.8328513308705356,Non-MSI-H
ADAMTS17,0.0,4.073546166159911,4.32784145112858,MSI-H
CCDC102B,0.0,4.147671944465283,4.326382267616033,MSI-H
PDGFRL,0.0,3.7454438848925027,4.646378679722336,MSI-H
ERFE,0.0,3.7427254106587506,4.615294441776083,MSI-H
SERPINA10,0.0,3.328653573062494,1.4273426149923207,Non-MSI-H
GPER1,0.0,4.121169140959914,3.7616239129548514,Non-MSI-H
LINC01123,0.0,4.350862504851582,3.731803190830959,Non-MSI-H
CASC8,0.0,3.9791060687841133,3.601427618824855,Non-MSI-H
HEPHL1,0.0,3.116390241759275,2.518804708473511,Non-MSI-H
P2RY13,0.0,3.8916883555988604,4.2554996663771645,MSI-H
ZNF85,0.0,3.968551373153315,3.7183862205553346,Non-MSI-H
ALDH3B2,0.0,3.6370039232707834,3.486273584511556,Non-MSI-H
NLRP6,0.0,3.5828097629472917,3.229832741350517,Non-MSI-H
SIGLEC15,0.0,3.688459951058604,3.5706572071635008,Non-MSI-H
TDRP,0.0,4.088459443251177,3.9348157556552894,Non-MSI-H
RHCG,0.0,3.9569049336839934,2.3619299376653906,Non-MSI-H
CCN6,0.0,3.163699646513943,3.122279595966685,Non-MSI-H
POPDC2,0.0,4.072203395644736,3.8799057861848834,Non-MSI-H
KBTBD12,0.0,3.1537567727423412,2.1385594174727975,Non-MSI-H
FGF18,0.0,4.252479270669258,3.530578801611017,Non-MSI-H
PCDHGB7,0.0,3.940684958579216,3.869736434200281,Non-MSI-H
ANKRD18A,0.0,4.0192952753295375,4.228490089109597,MSI-H
S100B,0.0,4.116209690283371,4.26837130016968,MSI-H
FCAMR,0.0,4.150342447213145,3.862589356603501,Non-MSI-H
PF4,0.0,3.7981842791819993,2.6774361080410016,Non-MSI-H
PCDHB9,0.0,3.944907035491541,3.9390170478427216,Non-MSI-H
LOC105370792,0.0,3.7528485328130494,2.3284632126597207,Non-MSI-H
WFDC3,0.0,4.121884699758132,3.3438422600159416,Non-MSI-H
ZNF793,0.0,3.8295015600959252,3.048022284307148,Non-MSI-H
SOX7,0.0,4.1625144119558275,4.024919059510328,Non-MSI-H
VSTM5,0.0,3.7547198361991527,4.921012023256011,MSI-H
KCNJ12,0.0,3.406807250483127,3.2380378301097483,Non-MSI-H
RTL5,0.0,4.134384201563805,3.8924960927792385,Non-MSI-H
PAX9,0.0,3.6623965561078924,4.797467874999393,MSI-H
MYADML2,0.0,4.038141318494715,2.8811276107759687,Non-MSI-H
CECR2,0.0,3.328044848385759,2.8914085729148677,Non-MSI-H
KLHL32,0.0,3.9191145546033246,4.178182945366931,MSI-H
NPM2,0.0,4.1737218193591685,4.283429958855459,MSI-H
MSC-AS1,0.0,4.086061538253493,4.157650395579987,MSI-H
TDRD5,0.0,3.879350259801558,3.7132205877062017,Non-MSI-H
CHST13,0.0,3.8252958746165393,3.097724314040616,Non-MSI-H
PYGO1,0.0,3.8459991762959937,3.60017902611881,Non-MSI-H
ARHGDIG,0.0,3.6433387757044007,2.7653730899416487,Non-MSI-H
EPHA7,0.0,3.377367901246714,2.486849072052289,Non-MSI-H
SHISAL1,0.0,3.80799127407488,3.699509354755351,Non-MSI-H
HAPLN1,0.0,4.158003246923809,3.6890565450665407,Non-MSI-H
REN,0.0,3.382062744048707,1.8201766320451218,Non-MSI-H
ADORA1,0.0,4.006635300873433,4.270750561287568,MSI-H
KRBA1,0.0,4.081603725025658,3.9547842481141333,Non-MSI-H
SYN1,0.0,4.17602558177815,3.7085380113801127,Non-MSI-H
HOXA6,0.0,4.003283278300783,3.771343379570836,Non-MSI-H
H2AC8,0.0,3.642032319455527,3.0326941348856047,Non-MSI-H
FOXD1,0.0,2.7708294660932893,4.632358613794636,MSI-H
LINC01748,0.0,3.9386923004148113,2.841751083301111,Non-MSI-H
ITPRIPL1,0.0,4.054635039762561,4.338255111328688,MSI-H
TLR8,0.0,3.5595132956188418,4.456758290557331,MSI-H
CCL3L1,0.0,3.683445665437303,4.48641140313829,MSI-H
PKD1P3,0.0,4.279997805771131,3.79355259967174,Non-MSI-H
SYCP2,0.0,3.6229849666573726,2.739972052438652,Non-MSI-H
ANKRD6,0.0,4.09655440223482,3.9632938205189836,Non-MSI-H
LINC02432,0.0,2.5132130247406845,2.065539900139467,Non-MSI-H
CNTN4,0.0,4.114994996026656,3.679727230768742,Non-MSI-H
IGLV1-36,0.0,2.8584661897548544,3.280194887997813,MSI-H
SRRM3,0.0,3.90741722096452,4.0617188724132145,MSI-H
GPNMB,0.0,7.32848333345421,7.830778338038833,MSI-H
MUC17,0.0,6.051711175376749,6.490371179657941,MSI-H
SLC38A5,0.0,7.596531730282953,7.466933613101887,Non-MSI-H
SELENOP,0.0,7.492994081570613,6.861214541954828,Non-MSI-H
PXDN,0.0,7.527671129513186,7.620577107015806,MSI-H
TMA7,0.0,7.737685453820256,7.625080081490938,Non-MSI-H
ITLN1,0.0,5.58545142731395,5.911098143087649,MSI-H
MYO1A,0.0,7.744268833839871,7.226495364862086,Non-MSI-H
RGS5,0.0,7.641682196376094,6.926097408053338,Non-MSI-H
AZGP1,0.0,7.759510420679682,6.529032666669387,Non-MSI-H
SMOC2,0.0,7.402437106685715,6.549776914831102,Non-MSI-H
IGLV3-27,0.0,3.119308433601881,3.1224993211167993,MSI-H
COX6B2,0.0,3.903233769071242,3.8770101150211835,Non-MSI-H
GDPD2,0.0,4.015113519312641,3.722084572544201,Non-MSI-H
ARSI,0.0,3.8888544981190165,4.179702726644391,MSI-H
PPP1R3C,0.0,3.9186935059761483,3.591972621984844,Non-MSI-H
KLRB1,0.0,4.11344105662597,4.088705029407905,Non-MSI-H
UNC13A,0.0,3.3020870716061785,3.6389386950546756,MSI-H
ZNF530,0.0,4.246390187602946,3.3968975010798848,Non-MSI-H
INSM1,0.0,2.43874747848479,3.708902805292534,MSI-H
GDF10,0.0,2.3265644418131783,1.335770637867684,Non-MSI-H
GGTA1,0.0,3.992056321421539,4.115208437433688,MSI-H
CILP2,0.0,3.668771141325355,3.0854313865637413,Non-MSI-H
AGMO,0.0,3.600481299875327,2.8844803970049306,Non-MSI-H
TMSB4Y,0.0,2.633659462515554,2.5620635058137644,Non-MSI-H
LOC101929705,0.0,3.8784252237687515,4.032105691977551,MSI-H
NXF3,0.0,2.211781887175827,4.216439576676466,MSI-H
LY86,0.0,4.094916604641016,4.255919914348552,MSI-H
SYT8,0.0,3.749911355516414,4.058454710935227,MSI-H
C20orf204,0.0,3.371843803694721,2.8250492992704253,Non-MSI-H
TMPRSS5,0.0,3.4989314124510673,3.049934566279843,Non-MSI-H
HIF3A,0.0,3.8695357100419763,3.246985983409488,Non-MSI-H
SLC22A31,0.0,2.5252559639968353,2.176776084576379,Non-MSI-H
PDE11A,0.0,3.9129152378444148,3.7215770021461574,Non-MSI-H
SPRR1B,0.0,1.3725385610290932,1.9749079640593363,MSI-H
NHLRC1,0.0,4.314048040810439,2.9123518349313278,Non-MSI-H
LILRA5,0.0,3.9255674682599637,4.549029528976391,MSI-H
CYS1,0.0,4.061243975192098,3.7474952132144903,Non-MSI-H
WNT9A,0.0,3.994487480778307,4.1171645926741816,MSI-H
GABRB3,0.0,2.5875084625517526,2.8463211882479595,MSI-H
ADAM23,0.0,3.9001527935636715,3.7362080335642793,Non-MSI-H
VAT1L,0.0,4.164832113503731,3.6371780435779435,Non-MSI-H
F7,0.0,3.4707727561790027,1.3890065291941611,Non-MSI-H
C8G,0.0,3.63545748694588,4.016496965389494,MSI-H
CTLA4,0.0,3.935949951765794,4.479361474901951,MSI-H
CCL13,0.0,3.2529927134785153,4.1027039093980004,MSI-H
CHRNA3,0.0,3.627670021960252,3.685637231521622,MSI-H
PRRX2,0.0,3.8880307244016006,4.124423751278737,MSI-H
SLAMF1,0.0,4.070444617440459,4.266031794290479,MSI-H
ABCA12,0.0,2.623422279629687,3.6721770762568022,MSI-H
THSD7A,0.0,3.760921451380329,3.6918985395388875,Non-MSI-H
TGM3,0.0,3.73767309391024,3.0690083311130762,Non-MSI-H
KCNG1,0.0,3.4353418716042627,2.5658527839186505,Non-MSI-H
RASGRF1,0.0,3.7347343909813726,2.9710974656626687,Non-MSI-H
CSMD2,0.0,3.733850330374314,3.804602088564557,MSI-H
P2RY14,0.0,3.967325058005347,3.950018295292189,Non-MSI-H
TMEM105,0.0,4.2106340594123415,3.710513198520731,Non-MSI-H
WDR97,0.0,3.9619074033841692,3.4378381870269226,Non-MSI-H
IGKV1-8,0.0,3.150130768056852,3.2541537090570714,MSI-H
MYOM1,0.0,3.96386886891745,3.6856321713851274,Non-MSI-H
RPSAP19,0.0,3.8861688374719834,3.8895339469463197,MSI-H
ULBP2,0.0,3.51073299006484,4.9583196763582285,MSI-H
P2RX5,0.0,3.855310863527376,3.534382620666089,Non-MSI-H
DRP2,0.0,3.5063662028146654,3.63345669129956,MSI-H
PRICKLE1,0.0,3.8286520477895154,3.7048425010218606,Non-MSI-H
IGFALS,0.0,2.7810025564569867,3.204446381580285,MSI-H
SMIM10,0.0,4.036775227447487,3.579876455134397,Non-MSI-H
IGHV2-5,0.0,2.93945821605003,2.8112979135834544,Non-MSI-H
PCDHB11,0.0,3.636691462297852,3.583093143854393,Non-MSI-H
IGKV1D-16,0.0,2.7502471052206077,2.661593437414699,Non-MSI-H
LINC01134,0.0,4.216248631817619,3.2797922746805908,Non-MSI-H
BEX5,0.0,3.5892070421070343,3.213939558993563,Non-MSI-H
DPP10,0.0,2.6340000143100535,1.3940339022311374,Non-MSI-H
CASP4LP,0.0,3.8806029768842225,4.257995505183553,MSI-H
PLPPR4,0.0,3.942104312688906,3.8940164514028646,Non-MSI-H
CBLIF,0.0,3.147924528415143,3.100457013465224,Non-MSI-H
RGMB-AS1,0.0,3.8292496188240404,3.9917752984189154,MSI-H
LY96,0.0,3.9658677428756683,4.182538627793496,MSI-H
MAP2,0.0,3.5568677293296984,3.687721514076608,MSI-H
FPR2,0.0,3.02576040021708,4.125575330866693,MSI-H
CHSY3,0.0,4.009834959213494,4.011422801088986,MSI-H
EPYC,0.0,2.3777161670819766,2.8586771211498943,MSI-H
SMKR1,0.0,3.924562038639104,3.6322897997697834,Non-MSI-H
LOC651337,0.0,3.9406412484116755,4.001923717759999,MSI-H
CA7,0.0,3.3825336949696334,2.9700377830378004,Non-MSI-H
DUXAP8,0.0,3.3995694862400274,2.8749528800368296,Non-MSI-H
SSTR5-AS1,0.0,2.5752869981652187,3.2360132049633807,MSI-H
IGHV1-58,0.0,3.0128456151510776,2.9994143287103396,Non-MSI-H
ZNF256,0.0,3.907582794451476,3.252023783050347,Non-MSI-H
PTPRD-AS1,0.0,3.95715930215387,1.732935172782326,Non-MSI-H
CR1,0.0,3.408707903310318,3.968701422600959,MSI-H
LINC01091,0.0,3.9745778086113406,3.518192310693428,Non-MSI-H
SULT1E1,0.0,2.203891430597624,2.2924418885243094,MSI-H
CD28,0.0,3.9195165971353463,4.0821161112312465,MSI-H
TRPC1,0.0,3.9897525211421074,3.7564498954510954,Non-MSI-H
TMEM132C,0.0,2.2887742126921453,1.343281530894075,Non-MSI-H
PWP2,0.0,3.4762447556034988,3.5170955202116554,MSI-H
ZFPM2,0.0,3.7940394669686244,3.6586733198721126,Non-MSI-H
LANCL3,0.0,3.9927473681782626,3.841005214752023,Non-MSI-H
KCNJ15,0.0,3.3645242475813606,3.984784970326622,MSI-H
RASSF9,0.0,3.785620871976024,3.1561573655376916,Non-MSI-H
FAM198B-AS1,0.0,3.6260182861151664,2.8461034052275545,Non-MSI-H
PCDHB10,0.0,4.012408638268365,4.0292262711599856,MSI-H
CASQ2,0.0,2.625620613318007,1.9852680736158865,Non-MSI-H
CCR2,0.0,3.6517548418358743,4.02120816214487,MSI-H
IGHJ3,0.0,3.0523032554458904,3.140829141305077,MSI-H
PARP15,0.0,3.8901482847318447,3.8421338296854093,Non-MSI-H
BMPER,0.0,3.3214617443864927,2.8258230802325617,Non-MSI-H
KIF5C,0.0,3.7138178534888473,3.5447776482745748,Non-MSI-H
SALL2,0.0,3.931916049848487,3.6075114689849777,Non-MSI-H
TTLL6,0.0,3.8512972245599353,4.069493689809099,MSI-H
PYURF,0.0,4.2055707527253015,4.016197986663244,Non-MSI-H
OSBPL6,0.0,3.5584673801003572,3.736150135373308,MSI-H
AATBC,0.0,3.9904262747299826,3.628294406615223,Non-MSI-H
MEOX1,0.0,3.7806617912540963,3.6837078387893345,Non-MSI-H
HOMER2,0.0,3.348687040666741,3.978806927204583,MSI-H
LY6D,0.0,1.97668541553072,2.4459764595078024,MSI-H
ADAMTS16,0.0,3.3359065671388004,3.4197958437669915,MSI-H
SPRR2D,0.0,1.5692262134531383,1.727679404789354,MSI-H
GABRB2,0.0,2.9974339339338014,2.432090761403758,Non-MSI-H
RPS16P1,0.0,3.7572897918294643,3.5842531283030494,Non-MSI-H
PDIA2,0.0,3.658412706228034,3.3243628663190155,Non-MSI-H
HOXC6,0.0,2.5965087377291916,4.5129144172193625,MSI-H
ZNF772,0.0,3.753973021055901,3.3292024783534817,Non-MSI-H
PRRT2,0.0,4.0182557724518,3.6122622559095205,Non-MSI-H
PDE1B,0.0,3.826272666340617,3.785361004019948,Non-MSI-H
SIGLEC12,0.0,3.5979362906467127,4.012787397547542,MSI-H
FLVCR1-DT,0.0,4.076874404388738,3.7699456394216124,Non-MSI-H
COL22A1,0.0,3.7228085002883002,3.6719879629616163,Non-MSI-H
CST6,0.0,2.4677552915840018,1.7880680042122834,Non-MSI-H
CXCR2,0.0,3.46706958733236,3.752392716148391,MSI-H
ALKAL1,0.0,3.8411537997528273,2.6488363198432,Non-MSI-H
RIBC2,0.0,4.01486760724508,3.812347524200796,Non-MSI-H
NCF1,0.0,3.825147118823226,4.413816305233101,MSI-H
SMTNL2,0.0,3.6762575725262554,2.5645549964603753,Non-MSI-H
ZNF542P,0.0,3.967131939891469,3.7688149391692347,Non-MSI-H
BVES,0.0,3.851899224512297,3.6709285234740228,Non-MSI-H
SCN4B,0.0,3.9914530650808526,3.446105939219955,Non-MSI-H
PDCD1LG2,0.0,3.6183359413399634,4.391986677457577,MSI-H
SIRPB2,0.0,3.7263851664036727,4.22778038480039,MSI-H
LOXL4,0.0,3.8739235302814845,3.8233022137047428,Non-MSI-H
RPL17P18,0.0,3.995039909565376,4.165371681728247,MSI-H
MT3,0.0,2.955528465149672,2.369855674176835,Non-MSI-H
MAPT,0.0,3.500762904164364,3.440056543559814,Non-MSI-H
LOC101928844,0.0,3.8983520869397825,3.6489891557406726,Non-MSI-H
AR,0.0,3.625549283501495,3.3504358692062377,Non-MSI-H
ZNF682,0.0,3.8741013364776427,3.117763215140693,Non-MSI-H
KRT75,0.0,3.0253182438365545,1.6768560173625358,Non-MSI-H
H1-3,0.0,1.5950130987616764,1.7936360835632337,MSI-H
SPRR2A,0.0,1.4720980453519563,1.4677088747140272,Non-MSI-H
ANK1,0.0,3.6471654840801118,4.11117511492055,MSI-H
GPR37,0.0,3.547419839807891,3.9251228692382907,MSI-H
CXCL17,0.0,2.1186633645171584,2.466855815031742,MSI-H
IGHV4-55,0.0,3.2158780314270983,3.14616629361198,Non-MSI-H
SYNC,0.0,3.715568078701306,3.7943045362737333,MSI-H
RPS4XP22,0.0,3.6007061140239274,3.7444242245887827,MSI-H
TUB,0.0,3.761698115073193,3.421900997049473,Non-MSI-H
BMP6,0.0,3.8381421885749942,3.740000893656843,Non-MSI-H
GTF2H4,0.0,4.1195907111311,3.9350541125401475,Non-MSI-H
NEURL3,0.0,3.9107545047733536,3.6549773948364956,Non-MSI-H
FCGR1A,0.0,3.679560926717633,4.4123926681112815,MSI-H
LAX1,0.0,3.663520945006815,3.801871689675003,MSI-H
FKBP1B,0.0,3.94389424914771,3.8346811045011187,Non-MSI-H
SIX4,0.0,3.4283655751941065,4.037346196785835,MSI-H
NANOS3,0.0,3.666514291560988,2.696267949219964,Non-MSI-H
KIF1A,0.0,2.7740219498959973,1.9103634725832692,Non-MSI-H
ARHGAP28,0.0,3.968009782862443,3.4976560492489916,Non-MSI-H
SIGLEC9,0.0,3.768890869497074,4.274432688017107,MSI-H
DCLK1,0.0,3.5672707725191635,3.225919517865495,Non-MSI-H
ALOX15,0.0,3.64075144505697,3.189715557710396,Non-MSI-H
COL24A1,0.0,3.526739447186733,3.7822261600599707,MSI-H
RPL8P3,0.0,3.3748422197043437,3.281653480396914,Non-MSI-H
CPT1B,0.0,3.968788046706306,3.866684908212114,Non-MSI-H
P2RX1,0.0,3.9301076176642007,3.7902536783056613,Non-MSI-H
ZNF695,0.0,3.9495298791522755,4.147418652010422,MSI-H
CD70,0.0,3.424034359837767,3.9219461590871214,MSI-H
ANGPTL1,0.0,2.9073081174939746,2.583069363155312,Non-MSI-H
PRSS1,0.0,2.1379185928771363,2.180661259900673,MSI-H
PTGFR,0.0,3.684650304304744,3.476191630194226,Non-MSI-H
FIRRE,0.0,3.4357158828623695,2.698237451591094,Non-MSI-H
MTRNR2L2,0.0,3.6986979956468002,3.0824147945188773,Non-MSI-H
TNNI3,0.0,3.3093357128874508,3.2452959401577517,Non-MSI-H
MUC16,0.0,2.0064356965011383,2.509619380726666,MSI-H
SIRPG,0.0,3.7826755601273927,4.32118202631279,MSI-H
TSPEAR,0.0,3.477858251149143,2.652811912432231,Non-MSI-H
EDA2R,0.0,3.6456009536028406,3.353900261704073,Non-MSI-H
PDCD1,0.0,3.7178246070665186,4.388878452706781,MSI-H
TLR6,0.0,3.737803409730243,4.1636076908067325,MSI-H
TRIM40,0.0,3.609938597148218,4.200977706890461,MSI-H
LILRB3,0.0,3.7037025007576156,4.283708251788552,MSI-H
ANKRD36BP2,0.0,3.2403416847759012,3.161187694619731,Non-MSI-H
FOLH1,0.0,3.8236413138447074,3.852270513969287,MSI-H
MAGEA11,0.0,1.6085906125551346,0.6776756952250053,Non-MSI-H
IGHV2-70D,0.0,2.3583251793290994,2.6455821720776798,MSI-H
BMP3,0.0,3.1008981765458006,2.1121126841458886,Non-MSI-H
PKD1L1,0.0,3.971588556574499,3.305411876243526,Non-MSI-H
ZNF665,0.0,3.983724916908517,3.0720626401742575,Non-MSI-H
RN7SL4P,0.0,2.019559562264445,2.1483845158592474,MSI-H
ESYT3,0.0,3.601947720126991,3.0438476054775285,Non-MSI-H
GLDN,0.0,3.8435301082130904,3.7518693490616823,Non-MSI-H
LINC00460,0.0,3.442411524852902,2.7838617389447315,Non-MSI-H
LOC100130111,0.0,3.439877287050899,2.6207320180525144,Non-MSI-H
ADAMTS8,0.0,3.8140799572017405,2.939713109609053,Non-MSI-H
JHY,0.0,3.7931142723797917,3.372666842013723,Non-MSI-H
TPTEP1,0.0,3.3998528364003064,3.4806896850946507,MSI-H
LRRC17,0.0,3.9250667586274535,3.663806260332751,Non-MSI-H
DNAH5,0.0,3.7254777646692614,3.92514909211759,MSI-H
HOXC11,0.0,1.9045519340503414,3.036856881495701,MSI-H
PKD1P4,0.0,4.033158219211745,3.5817856104972106,Non-MSI-H
KLHDC7A,0.0,3.5785219556082137,3.283014102697625,Non-MSI-H
GCNT2,0.0,3.649218381561121,3.851337189914581,MSI-H
PI3,0.0,6.991718282682347,7.405553987059938,MSI-H
RPS4Y1,0.0,5.202292048753484,4.848115225798417,Non-MSI-H
SOD3,0.0,7.71020773736891,7.329862732255681,Non-MSI-H
EMILIN1,0.0,7.789759951318019,7.659677158014136,Non-MSI-H
COL15A1,0.0,7.630269059042989,7.820045952559445,MSI-H
MSLN,0.0,7.0188896732077115,6.834726767410246,Non-MSI-H
IGKV4-1,0.0,6.765143183027454,6.818900571970928,MSI-H
CTSK,0.0,7.645347167650711,7.627174195982261,Non-MSI-H
PGGHG,0.0,7.631250544807058,6.94321752833336,Non-MSI-H
ITGA5,0.0,7.575789908603626,7.780005854529592,MSI-H
CENPF,0.0,7.793194487025826,7.710685872183253,Non-MSI-H
CXCL1,0.0,7.511425597550789,7.695234267724543,MSI-H
HLA-DRB5,0.0,7.22244659521484,7.939458115319885,MSI-H
TRHDE,0.0,3.745677471440144,2.6845752285005124,Non-MSI-H
TREH,0.0,3.8243891420666505,2.923234403694643,Non-MSI-H
RPL27P4,0.0,2.7670967257793606,2.71167238901938,Non-MSI-H
PART1,0.0,3.4861726071385992,2.486883240663695,Non-MSI-H
H2BC9,0.0,3.311949682432656,2.824805566093728,Non-MSI-H
ZNF354C,0.0,3.668621760989021,3.3344493592375177,Non-MSI-H
NPW,0.0,3.3671213127749002,3.0640559728447134,Non-MSI-H
C16orf74,0.0,3.6776345107569663,3.207087750820266,Non-MSI-H
RPSAP53,0.0,2.64611807860625,2.3484196912416997,Non-MSI-H
SCN9A,0.0,3.4555890480557454,3.5331920434540462,MSI-H
B3GALT2,0.0,3.2923384705814205,3.3897428521231032,MSI-H
STK33,0.0,3.1765723593287145,2.9072623657867935,Non-MSI-H
BACH2,0.0,3.5634608980811118,3.647032280596967,MSI-H
SOX14,0.0,2.8195764608473772,2.2162167522776937,Non-MSI-H
ERICH5,0.0,3.5423666858002507,2.841919523226976,Non-MSI-H
ADGRG2,0.0,3.0589478824288574,2.8045528833965574,Non-MSI-H
TRABD2B,0.0,3.7801435536254613,3.7318828619007465,Non-MSI-H
H3C8,0.0,3.2630966138958954,2.3545078548714446,Non-MSI-H
CSDC2,0.0,3.5642104240757484,3.1921400784528946,Non-MSI-H
CDH23,0.0,3.8069237309353228,3.6379200207157516,Non-MSI-H
LINC01694,0.0,3.0088473293359392,2.658242927705488,Non-MSI-H
PIFO,0.0,3.6578347817716397,2.7283005678753867,Non-MSI-H
CELF5,0.0,3.5684169844597946,2.7347507004077873,Non-MSI-H
SIGLEC14,0.0,3.4131455392149834,4.0397249003305875,MSI-H
ZNF569,0.0,3.9206723584400547,3.404521189289398,Non-MSI-H
HLA-DOB,0.0,3.7200936724422218,3.883745863038275,MSI-H
PCDHGB2,0.0,3.3736315511224744,3.6781577218895993,MSI-H
FAM30A,0.0,3.205282319254533,3.112055566195663,Non-MSI-H
CLEC4E,0.0,3.233735188517321,4.185217588886215,MSI-H
PNMA8A,0.0,3.6787272426008713,3.31879308225095,Non-MSI-H
PCDHGB5,0.0,3.2320889166161284,2.990695313039154,Non-MSI-H
PTPRN,0.0,3.384169576239818,3.1811165707576037,Non-MSI-H
RPL21P28,0.0,3.7782705598435014,3.171515792897519,Non-MSI-H
FAM110B,0.0,3.77534662026657,3.707974406350528,Non-MSI-H
TMIGD1,0.0,2.29222804664742,1.3912898083185579,Non-MSI-H
CCR4,0.0,3.654941527645062,3.671664991912366,MSI-H
SLFN12,0.0,3.760077595008371,3.7969126791864114,MSI-H
ZBED9,0.0,2.992203088217609,2.8347727960649713,Non-MSI-H
CASS4,0.0,3.65877799539073,4.151040860525257,MSI-H
NPY1R,0.0,3.3045441938541997,2.2123391040377802,Non-MSI-H
PRAC2,0.0,3.3921951564073933,3.1705881545365577,Non-MSI-H
DPF3,0.0,3.676845502853432,3.9126151211136744,MSI-H
IPCEF1,0.0,3.802491594369797,3.6973257545591878,Non-MSI-H
LIPC,0.0,2.3426943817157992,1.9887074064912957,Non-MSI-H
ASCL5,0.0,3.7023902136974653,2.8195751446608375,Non-MSI-H
ST8SIA1,0.0,3.743864127434435,3.57704566113506,Non-MSI-H
TMEM82,0.0,3.6959582973306104,2.8844543245190235,Non-MSI-H
CITED1,0.0,3.318865599897748,3.886862299687639,MSI-H
LINC00858,0.0,3.5397935672478678,2.1167707074364626,Non-MSI-H
DMRTA2,0.0,2.6220265063848336,2.0561328917671235,Non-MSI-H
PRKN,0.0,3.9950616810440205,3.1810906677377893,Non-MSI-H
HERC2P3,0.0,3.524298971401808,3.2322606897254507,Non-MSI-H
HERC2P7,0.0,3.8350560242413416,3.4947138902500496,Non-MSI-H
VWCE,0.0,3.4771455438104977,3.2550164115529383,Non-MSI-H
TDRD6,0.0,3.7901814007616177,3.652818113173896,Non-MSI-H
C5orf38,0.0,2.5605336030790418,3.496014180987035,MSI-H
AMPH,0.0,3.4168518243410158,3.212796948023768,Non-MSI-H
ZNF287,0.0,3.9093594374151936,3.4493182660687336,Non-MSI-H
H2BC18,0.0,3.028375583273065,2.9013449597358774,Non-MSI-H
TREML2,0.0,3.2200914876402273,2.839805064707455,Non-MSI-H
CABP4,0.0,3.625418197893461,3.2212042383782427,Non-MSI-H
SIK1,0.0,2.86954531218171,2.7561482910965704,Non-MSI-H
PRDM6,0.0,3.5900248579071095,3.394927159720918,Non-MSI-H
NXPE2,0.0,3.8549363735262827,3.9672777331447624,MSI-H
CAMKV,0.0,2.847441639616178,1.769109400768042,Non-MSI-H
SLC6A19,0.0,2.4456561277637543,1.981030999933214,Non-MSI-H
RUNDC3A,0.0,3.117331992974177,2.5923796143221147,Non-MSI-H
MAGEE1,0.0,3.6941270809921822,2.9103833421054492,Non-MSI-H
MT1A,0.0,3.223385482899519,2.9718151877084447,Non-MSI-H
ANKRD65,0.0,3.7445683611417446,3.5098055733673483,Non-MSI-H
HSP90AB2P,0.0,3.6867937879035813,3.621196414515564,Non-MSI-H
PTHLH,0.0,3.565843744748383,3.5629120500401266,Non-MSI-H
ZFP82,0.0,3.6146483202057746,3.4117195869067998,Non-MSI-H
KRT8P11,0.0,3.3838127967727196,3.449186656199325,MSI-H
GCNT4,0.0,3.6632065650336973,3.6916452955505674,MSI-H
ZNF90,0.0,3.393290678889391,2.8698177538908927,Non-MSI-H
SHISA3,0.0,3.1910137121573325,2.780665863881866,Non-MSI-H
CD33,0.0,3.6958312896198473,4.075293952161934,MSI-H
RUNDC3B,0.0,3.7213756628110377,3.372256649636099,Non-MSI-H
TNFSF14,0.0,3.670134079309815,4.016835307489669,MSI-H
RHPN1-AS1,0.0,3.9022550379528793,3.085330460978257,Non-MSI-H
S100A1,0.0,3.7273528766923105,3.4534954446787927,Non-MSI-H
BNC1,0.0,0.7449733562509477,0.9092257457738087,MSI-H
ZNF529-AS1,0.0,3.9398081550345814,2.8235917794822036,Non-MSI-H
CST2,0.0,3.4236264626400557,2.715100114204925,Non-MSI-H
LHX4,0.0,3.766691159876672,3.5353953360586545,Non-MSI-H
IGFN1,0.0,2.981242160792158,2.049005933185217,Non-MSI-H
KCNQ3,0.0,3.5599037518957415,3.6931673109426444,MSI-H
CFAP70,0.0,3.674984038074354,3.478229189883277,Non-MSI-H
LINC01235,0.0,3.4788726542575374,3.7542205636315042,MSI-H
GSTA1,0.0,3.0001695017232692,2.517504281598263,Non-MSI-H
KLF15,0.0,3.5181701135521934,3.7528590799926325,MSI-H
PPFIA4,0.0,3.6513243774656963,3.5420525619685392,Non-MSI-H
CLVS2,0.0,0.8653220462634507,0.3125373115612725,Non-MSI-H
PKD1P5,0.0,3.3175686746725033,2.962185643566537,Non-MSI-H
LINC02688,0.0,3.335725376835802,4.242439982539255,MSI-H
SSTR5,0.0,2.9120287922710197,3.1268459813922935,MSI-H
COL1A2,0.0,10.561083748976742,10.711628469805149,MSI-H
PRAM1,0.0,3.6946730136458306,3.847954681824411,MSI-H
ITLN2,0.0,1.878398408783598,1.3771014084150721,Non-MSI-H
SGCA,0.0,3.3697545884330866,2.6379014515171124,Non-MSI-H
PCOLCE2,0.0,2.8662092611959418,2.5414263874749503,Non-MSI-H
B3GALT1,0.0,3.145843469576452,2.472286195140712,Non-MSI-H
ABCB4,0.0,3.830433133319525,3.251335863154808,Non-MSI-H
SNCA,0.0,3.456094781352014,3.5353479510373735,MSI-H
RIPPLY3,0.0,3.5362890267723253,1.8573298335369035,Non-MSI-H
ISLR2,0.0,3.673014850439268,2.8124492995626853,Non-MSI-H
KCNK10,0.0,3.6169787287399915,3.4672552848266194,Non-MSI-H
PNPLA3,0.0,2.8382265876280868,4.130592904050476,MSI-H
LINC00545,0.0,0.9787826859903712,0.21521357425523427,Non-MSI-H
UCKL1-AS1,0.0,3.813938854001529,2.9931630691807602,Non-MSI-H
SPRR1A,0.0,1.3634685445245502,1.751285744196445,MSI-H
CLDN11,0.0,3.5162815531193377,2.9589768645031196,Non-MSI-H
ZNF471,0.0,3.5615655571438345,2.903934513598722,Non-MSI-H
RELN,0.0,3.1471784154268736,2.715050211980913,Non-MSI-H
COL3A1,0.0,10.611045019409557,10.77486413190799,MSI-H
LINC00426,0.0,3.776186341586488,3.3960232597690383,Non-MSI-H
DSEL,0.0,3.596274655002384,3.6302485890703746,MSI-H
NWD1,0.0,3.5749093725452257,2.9696336408912556,Non-MSI-H
CD19,0.0,3.4524993002747224,3.0458091421812594,Non-MSI-H
LINC01781,0.0,1.0221579883864638,0.8463356921283016,Non-MSI-H
ICAM3,0.0,3.615692487752741,3.706521553562779,MSI-H
SFTPB,0.0,1.555279465993277,2.045063652222715,MSI-H
FAM182A,0.0,0.9924207914194969,0.9617883787440451,Non-MSI-H
MTND4P24,0.0,1.9609204904176716,1.5767787485602256,Non-MSI-H
PNCK,0.0,3.315460757257131,2.6760408106793356,Non-MSI-H
MTCYBP18,0.0,2.4490881892924175,2.287158390517514,Non-MSI-H
REP15,0.0,3.0523757206539814,3.1523904967496468,MSI-H
DGCR6,0.0,3.686558457343044,4.02222275576407,MSI-H
LOC100128398,0.0,3.611243594288643,2.711737500939394,Non-MSI-H
CTF1,0.0,3.6176678670467344,3.4312289285772577,Non-MSI-H
ANO5,0.0,3.092059154459315,2.8078815839708473,Non-MSI-H
C17orf78,0.0,1.9364361968051405,1.5616332312682828,Non-MSI-H
ANKRD33B,0.0,3.6252357886078523,3.7296442733079282,MSI-H
SPTSSB,0.0,2.4548421123386275,3.2379335353022087,MSI-H
CSRNP3,0.0,3.3964839490550665,3.207651643150973,Non-MSI-H
MAP10,0.0,3.515272466738352,2.872729261600179,Non-MSI-H
ICOS,0.0,3.570904463564591,3.9501827762610753,MSI-H
FAM24B,0.0,3.815895018120244,3.31782870054623,Non-MSI-H
CLDN8,0.0,1.7920158169874052,0.8034045194807543,Non-MSI-H
REEP2,0.0,3.656548899025202,3.5833895395772712,Non-MSI-H
IGHV3-75,0.0,0.9779297342376037,0.7065863070833643,Non-MSI-H
AMBP,0.0,3.4058177922389823,3.1236970856428456,Non-MSI-H
CHRM2,0.0,2.000575935014647,1.1500063071471252,Non-MSI-H
COL11A2,0.0,3.2954099150855676,3.4502451830933545,MSI-H
CCDC60,0.0,2.7352890520965993,2.663770366220161,Non-MSI-H
CNTFR,0.0,2.561678803444841,1.8712539656502065,Non-MSI-H
CNTN3,0.0,3.2508922249675116,2.1394085777634353,Non-MSI-H
ADRB3,0.0,0.8283607842615003,0.7903833964447653,Non-MSI-H
ZNF677,0.0,3.649986538675067,3.440740679202882,Non-MSI-H
SERPINA4,0.0,3.0269817973275863,2.556923281935911,Non-MSI-H
DYNC1I1,0.0,3.308082897599112,2.7384052969749835,Non-MSI-H
MIR8071-2,0.0,0.9746031171525177,0.9921606406525099,MSI-H
PLTP,0.0,8.002402903762723,7.235767672312681,Non-MSI-H
GOLGA4,0.0,8.033635095173915,7.9853942207334185,Non-MSI-H
KCNN4,0.0,8.063219420056608,7.600775199479757,Non-MSI-H
DPYSL3,0.0,7.610725421058395,7.45246092123785,Non-MSI-H
HLA-DQB1,0.0,7.3761363689260495,8.056293313793766,MSI-H
S100A4,0.0,7.689742334604819,7.510462411058734,Non-MSI-H
TRIM31,0.0,7.83861863992824,7.059882467474641,Non-MSI-H
ANXA1,0.0,7.595664506017393,7.9763914205297946,MSI-H
ALDH1A1,0.0,7.269587224688514,7.486992079680167,MSI-H
LGR5,0.0,7.64074373576487,7.004558492285953,Non-MSI-H
MUC4,0.0,7.064338655785793,7.51277552614443,MSI-H
LAMA3,0.0,7.778958455027979,7.857535295104762,MSI-H
LINC00524,0.0,0.9341588221413752,0.43027499851645906,Non-MSI-H
GYG2P1,0.0,2.089847601629269,1.7293475934228997,Non-MSI-H
ZFP37,0.0,3.619020244030203,3.691486201212864,MSI-H
KL,0.0,3.402479013022821,2.766162689921973,Non-MSI-H
LINC00540,0.0,2.561054609171474,2.131361258826165,Non-MSI-H
FGF1,0.0,3.5154300735636794,3.441036921268318,Non-MSI-H
RPL35P5,0.0,3.464894260655276,3.515475634423712,MSI-H
LOC100505501,0.0,3.5540423217301846,4.181313254888192,MSI-H
IGKV6-21,0.0,2.867923524757843,2.8316955147588363,Non-MSI-H
STPG4,0.0,3.3864867542814636,3.127802063728667,Non-MSI-H
ZFHX4-AS1,0.0,0.9514520342716581,0.7744570396776517,Non-MSI-H
PCDHB2,0.0,3.3800338252642517,3.185159114002295,Non-MSI-H
TRIM63,0.0,1.0290158840804946,0.4803256547881608,Non-MSI-H
PHYHIP,0.0,3.435485845935734,3.44237401598978,MSI-H
TNIP3,0.0,3.277422289857,3.7483364501990923,MSI-H
EVX2,0.0,1.0333035265115798,0.5069302984655432,Non-MSI-H
TENT5B,0.0,3.4750739081217703,3.861952067660096,MSI-H
CHRM1,0.0,3.09539036467071,4.0159992540962,MSI-H
KLHDC7B,0.0,3.5228354386117604,4.0731724558692575,MSI-H
ZNF285,0.0,3.3726665654152095,1.9218570222231772,Non-MSI-H
EVC2,0.0,3.595754231688287,3.4520012675275837,Non-MSI-H
MEOX2,0.0,2.8684325138816407,2.805946997579269,Non-MSI-H
KIF5A,0.0,3.4324829880173557,3.0782910909288836,Non-MSI-H
BAAT,0.0,2.1603901368027674,2.1571664494720935,Non-MSI-H
SH2D1A,0.0,3.3960862643979977,3.96861811443752,MSI-H
SEMA3D,0.0,2.736444914705595,2.5913887215072298,Non-MSI-H
SIRPB1,0.0,3.2314856928661446,3.7938348659407226,MSI-H
SLIT1,0.0,2.975293798767093,2.703517356375393,Non-MSI-H
MAP6,0.0,3.62901761097136,3.0878342434681887,Non-MSI-H
RAET1L,0.0,3.4380555484163873,3.544684702072759,MSI-H
KANK4,0.0,3.2532713789331655,2.993438036127269,Non-MSI-H
BMX,0.0,3.6501060954405373,3.252445077565052,Non-MSI-H
LINC01749,0.0,0.7587552211616633,1.269422005328997,MSI-H
NOC2LP1,0.0,3.0515231047008164,2.8202220364557444,Non-MSI-H
IGF2,0.0,7.559231488277883,6.571830162601043,Non-MSI-H
OPRD1,0.0,2.844503436862107,2.6288510999310195,Non-MSI-H
SEMG1,0.0,1.7301303695994128,3.415385734761593,MSI-H
SAMD3,0.0,3.354196491049485,3.414849917856893,MSI-H
FN1,0.0,9.892136024286179,10.11438289965548,MSI-H
TPRXL,0.0,2.4930967548822847,3.094496137411729,MSI-H
IGHG1,0.0,9.604473202627181,10.118461715233744,MSI-H
LINC00893,0.0,3.6780257936612006,3.2185078451851963,Non-MSI-H
IGKV3D-11,0.0,2.9344689722842956,2.767301307870086,Non-MSI-H
ELFN2,0.0,2.9126924779756154,2.8271330286416423,Non-MSI-H
OLFM4,0.0,9.625964402280463,8.7026603274179,Non-MSI-H
ASPG,0.0,3.367224292842548,2.9141440518506974,Non-MSI-H
SERPINA5,0.0,3.4002484149436936,3.0541219054543856,Non-MSI-H
LINC01833,0.0,2.73693235309103,2.1577838963908293,Non-MSI-H
GZMK,0.0,3.08946282860331,3.8090916463914994,MSI-H
LOC117779438,0.0,0.9192863815269919,1.6683319390048519,MSI-H
TESPA1,0.0,3.5091484993328326,3.657754077320914,MSI-H
XKR6,0.0,3.2307040701200855,3.2387320610928736,MSI-H
SLC5A7,0.0,0.8696237304699947,0.3957081938762058,Non-MSI-H
APOA2,0.0,1.5348425978783475,1.0588664446746257,Non-MSI-H
LY9,0.0,3.439122196010088,3.5582828582151746,MSI-H
PDCD6IPP1,0.0,1.0327227987954124,0.9553884943711384,Non-MSI-H
ZNF528-AS1,0.0,3.5741409683475402,2.936892031142526,Non-MSI-H
CLDN14,0.0,3.414628567311468,2.9148355816333176,Non-MSI-H
CLGN,0.0,3.0649200097300744,2.053106130687657,Non-MSI-H
KCNK15,0.0,3.1236166074062073,3.2251341082194727,MSI-H
TMEM61,0.0,3.222978896581217,4.001682213098794,MSI-H
AKR1C4,0.0,2.7976504365197834,2.6273186059105273,Non-MSI-H
GRP,0.0,3.270358407647964,2.464634875676925,Non-MSI-H
NCAM2,0.0,3.273548802986609,3.1194042349016557,Non-MSI-H
GALNT17,0.0,3.6166030325586522,2.8769755212031534,Non-MSI-H
IGHV3-76,0.0,1.0880553421352575,0.8733437524415992,Non-MSI-H
TRPV3,0.0,3.5252351014281924,2.8931803016147506,Non-MSI-H
PI16,0.0,2.5606676658156995,2.1452467451524613,Non-MSI-H
VSIG1,0.0,2.6422414696546057,3.2610922353519056,MSI-H
PDE7B,0.0,3.5827888177706226,3.385255873738464,Non-MSI-H
DHDH,0.0,3.578797276592225,3.5002550102868817,Non-MSI-H
ENOX1,0.0,3.634573145581223,3.418098341634756,Non-MSI-H
TKTL1,0.0,1.230984174819496,1.2453506295479304,MSI-H
ABCA11P,0.0,3.74011215735999,3.333644245264341,Non-MSI-H
EEF1B2P6,0.0,3.6295369529040427,3.3328540746297923,Non-MSI-H
CLCA2,0.0,1.6914346402302245,2.0489919828201524,MSI-H
PGM5-AS1,0.0,0.8252900479632591,0.47626849930972076,Non-MSI-H
GPR84,0.0,3.3915409266815377,4.062594142225584,MSI-H
CYP24A1,0.0,2.9042483338839897,1.604718001477663,Non-MSI-H
IGHV3-22,0.0,0.9728374159477007,1.0291698824995477,MSI-H
BHLHE22,0.0,3.5549929719864886,3.3211170206900142,Non-MSI-H
NKX3-1,0.0,3.2091786162997,4.492266306057667,MSI-H
NLGN4X,0.0,3.396188890940842,3.2507830664955337,Non-MSI-H
IRX5,0.0,3.323297124352113,3.231332567374256,Non-MSI-H
CREB3L3,0.0,3.254022147558269,2.258807037102963,Non-MSI-H
TMSB4XP4,0.0,3.638954115974119,3.277775595678287,Non-MSI-H
NFE2,0.0,3.134685412459487,2.6489537098727007,Non-MSI-H
LRRC4,0.0,3.406694135139281,2.9781644885968954,Non-MSI-H
SPATA17,0.0,3.714904605297218,3.4938456800685267,Non-MSI-H
BTBD16,0.0,3.669805909029626,3.049805683654685,Non-MSI-H
KCNJ5,0.0,3.1906023361583467,3.5928685746988287,MSI-H
SLC6A12,0.0,3.4236834623866823,3.8369021476983836,MSI-H
PEG3,0.0,3.394570433029218,3.132485676710344,Non-MSI-H
FRMPD3,0.0,2.8806818260177507,3.1077256238240674,MSI-H
CXCR1,0.0,2.8821452829749443,3.42448022920492,MSI-H
LILRA6,0.0,3.2918133044812046,4.01119694624929,MSI-H
ADGRV1,0.0,3.222451581603003,3.018615500677113,Non-MSI-H
ABCA6,0.0,3.135045312608964,3.144511005864588,MSI-H
IGHV3-20,0.0,2.673747586161164,2.581527651418779,Non-MSI-H
GBP1P1,0.0,3.142200692725829,4.040365456481602,MSI-H
UBASH3A,0.0,3.546705220997854,4.015933997097669,MSI-H
MYH15,0.0,3.630613933879154,3.379555066957359,Non-MSI-H
ZBED2,0.0,2.7563659767319835,3.653162356005105,MSI-H
PHOX2B,0.0,0.8986957627104964,0.44948112225318393,Non-MSI-H
OR51E2,0.0,3.373543743179525,2.9358063118494284,Non-MSI-H
GREB1L,0.0,2.4117623074182286,2.178036850671419,Non-MSI-H
IRX3,0.0,2.7005838522725862,3.5557036631090067,MSI-H
DUOXA1,0.0,3.36580109839075,3.3108882065544423,Non-MSI-H
POLR2J2,0.0,1.2315724144378692,0.8154326803980105,Non-MSI-H
MYBPC1,0.0,3.0174768116492756,2.440890794509143,Non-MSI-H
KRT17,0.0,5.830876505799162,5.5020916600881895,Non-MSI-H
TNIK,0.0,6.8884648049566675,6.965943609347284,MSI-H
MYH3,0.0,3.5759842990352184,3.5408024430363856,Non-MSI-H
LINC00365,0.0,3.745389837194774,2.536405625173262,Non-MSI-H
MYLK,0.0,7.764262618855752,7.354544128539312,Non-MSI-H
CPE,0.0,6.774497677493568,5.675749749359378,Non-MSI-H
ZNF704,0.0,7.0060320654802375,6.380157564241024,Non-MSI-H
HLA-DPB1,0.0,7.794740720761652,8.473544466338558,MSI-H
REG1B,0.0,4.075777400722699,5.904263685917343,MSI-H
GUCY2C,0.0,8.13348684875643,7.13457021351648,Non-MSI-H
TRIM29,0.0,7.675629345770645,7.769143493072354,MSI-H
PLEKHS1,0.0,6.901345190064771,6.957572204427061,MSI-H
GABARAP,0.0,6.943283021522415,6.953016496955086,MSI-H
GCNT3,0.0,7.369876261124579,8.160330975390766,MSI-H
CDHR1,0.0,7.77309917333953,5.205927221644591,Non-MSI-H
FBLN1,0.0,7.757388973421236,7.3147773267077305,Non-MSI-H
RPL9P8,0.0,7.865371841409443,7.716197169673785,Non-MSI-H
TMEM35A,0.0,3.418770030266493,2.1045303586775703,Non-MSI-H
TNMD,0.0,3.3081172308384494,1.9316890823959534,Non-MSI-H
MEGF11,0.0,2.9444821681402686,2.183249240126195,Non-MSI-H
LRCH2,0.0,3.4278586704713385,3.248568038655189,Non-MSI-H
ATP12A,0.0,1.8785124532693873,0.8724894586075078,Non-MSI-H
MADCAM1,0.0,3.4151397940591313,2.8822724266241835,Non-MSI-H
NKAIN2,0.0,2.215019274030447,1.8421055779640108,Non-MSI-H
KNDC1,0.0,3.1946898763860614,2.810380522954306,Non-MSI-H
BEST4,0.0,3.4664845972407203,3.0979728622745593,Non-MSI-H
VWA5B2,0.0,2.8153031473362864,3.0725949202010048,MSI-H
UPK3B,0.0,3.0970395127322288,2.946822949749276,Non-MSI-H
PLAAT4,0.0,6.419344773845677,7.350155916130048,MSI-H
RASGRP4,0.0,3.462807727907211,3.740458271140931,MSI-H
S100A9,0.0,6.5124172433262055,6.920982118265289,MSI-H
ELAVL2,0.0,2.9187421494421355,1.122325335656454,Non-MSI-H
HECW1,0.0,3.383555620927122,3.1401375264271922,Non-MSI-H
TET1,0.0,3.4688668174671675,3.1195597595889706,Non-MSI-H
CNTN1,0.0,2.7736269861403122,2.7102413710511892,Non-MSI-H
TNFRSF17,0.0,3.103784344649255,2.933971284768263,Non-MSI-H
NKX3-2,0.0,3.452341955363286,3.168726638144455,Non-MSI-H
LRFN1,0.0,3.285168297181653,3.281361546228538,Non-MSI-H
TCEAL7,0.0,3.548697792538972,3.294069360731589,Non-MSI-H
TEKT4P2,0.0,3.505562417482959,3.383404409926622,Non-MSI-H
FGB,0.0,2.29964198407903,1.6609161702222555,Non-MSI-H
ZNF655,0.0,6.87747852646915,6.661910744813436,Non-MSI-H
CCDC152,0.0,3.497059300538602,2.984265061767825,Non-MSI-H
BEAN1,0.0,3.0630870570335866,3.341803581417524,MSI-H
IGLV1-40,0.0,5.9263805336873006,5.991266136779203,MSI-H
MCEMP1,0.0,2.923579602366437,3.619633245453679,MSI-H
GATD3A,0.0,2.755886872906434,2.883390100335734,MSI-H
SULT1A2,0.0,3.593425907794617,3.1364441910980214,Non-MSI-H
DPY19L2P2,0.0,3.1693483473671344,2.5015533263820116,Non-MSI-H
ZKSCAN7,0.0,3.5990310701749983,2.9793264709932714,Non-MSI-H
L1TD1,0.0,5.104034481388095,5.1304478978963255,MSI-H
LINC01559,0.0,6.890068343903723,5.967352911755221,Non-MSI-H
RNF180,0.0,3.4000962136144226,3.1413549344865714,Non-MSI-H
TASL,0.0,3.4151582669096765,3.687585042837654,MSI-H
MIR924HG,0.0,3.2357027230823934,3.9776518697623082,MSI-H
LINC00106,0.0,3.5870366675795275,2.8652588008352473,Non-MSI-H
ZNF610,0.0,3.549701369266884,2.730642570541452,Non-MSI-H
CD68,0.0,3.376168177917467,3.7662577655511247,MSI-H
TWIST2,0.0,3.3793177859993744,3.3555318385681345,Non-MSI-H
TNNT2,0.0,3.314893123353056,3.05559448403196,Non-MSI-H
ZNF683,0.0,2.701538594511351,4.081914547221608,MSI-H
CHI3L2,0.0,3.1377052662631306,3.391372037260933,MSI-H
LRRIQ4,0.0,3.4552403158587794,3.8051513705405884,MSI-H
MROCKI,0.0,3.6776143765295797,3.167333956629448,Non-MSI-H
DAB1,0.0,3.117318272021905,2.643172948265011,Non-MSI-H
PARVB,0.0,6.795056326629641,6.864703388438836,MSI-H
IGKV2D-40,0.0,2.1912364656367975,2.5795048031274224,MSI-H
PRSS30P,0.0,3.3406411152039794,3.087031425854182,Non-MSI-H
CCBE1,0.0,2.72245596214513,3.101830604478947,MSI-H
PDZK1,0.0,3.429196619021683,2.49530369030292,Non-MSI-H
MAMDC2,0.0,2.864003063532629,2.1635927131928496,Non-MSI-H
DLX6,0.0,2.563937597530498,1.528249833926941,Non-MSI-H
CYP7B1,0.0,3.1806614405145064,3.2430359143196097,MSI-H
NAT8L,0.0,2.8390610703044734,2.6959167223505176,Non-MSI-H
FSTL4,0.0,2.868854437240821,2.0802246606711208,Non-MSI-H
DDX60,0.0,6.798253948907646,7.182690999990221,MSI-H
IGKV1D-13,0.0,2.335284578460439,2.3829894788272203,MSI-H
TRIM58,0.0,2.825926757672671,2.2459639339742195,Non-MSI-H
MS4A2,0.0,3.149290633470196,2.9589475448160734,Non-MSI-H
GABRA4,0.0,2.2929221127795816,1.436091774410979,Non-MSI-H
SLC47A1,0.0,3.406231876042491,3.4886234438327377,MSI-H
CSF1R,0.0,6.628326265160128,7.055718669999336,MSI-H
TCP11,0.0,1.6815274601957904,1.2286283612183566,Non-MSI-H
RPL18P4,0.0,2.483828690985299,2.3558418455424497,Non-MSI-H
SERPINB2,0.0,1.762548347523746,3.2545949458715366,MSI-H
GASK1A,0.0,3.2473033502463045,2.7935210139850777,Non-MSI-H
ADCY2,0.0,3.4082285012193045,3.0019802431659297,Non-MSI-H
PDGFRA,0.0,6.790984980303231,6.464358294495017,Non-MSI-H
IGSF10,0.0,3.169739351651205,2.7953173461807843,Non-MSI-H
ISL1,0.0,2.724139403083639,3.5859088120415894,MSI-H
UCN3,0.0,2.7300916972777975,2.194281603939517,Non-MSI-H
ZNF66,0.0,3.5076869995635596,2.43397282954585,Non-MSI-H
GUCA2B,0.0,2.3549840843179894,1.8097339988213366,Non-MSI-H
MMP8,0.0,1.8250496783015613,2.4372484127029157,MSI-H
BRINP3,0.0,1.8181253640304884,1.593278360313153,Non-MSI-H
KLRG2,0.0,2.446681763649203,1.5139326731605731,Non-MSI-H
EFEMP1,0.0,6.521368895319462,6.276054051866241,Non-MSI-H
FCRL3,0.0,2.878695939685498,3.3845958435420607,MSI-H
SCN7A,0.0,2.431171843904506,1.8195615798818772,Non-MSI-H
DSG4,0.0,3.659041083938521,2.8967726494006216,Non-MSI-H
LOC102723996,0.0,3.4232450832464645,3.3907971165569903,Non-MSI-H
PRG4,0.0,2.7210372213354317,2.446287480923594,Non-MSI-H
DDX43,0.0,2.413875516718008,2.1996232986747684,Non-MSI-H
LINC02593,0.0,3.4669402630390835,3.0514729545059103,Non-MSI-H
RBP7,0.0,3.419357147983599,3.1376129040487566,Non-MSI-H
RBM24,0.0,3.2872531137342023,2.9416864537864202,Non-MSI-H
GRIN2C,0.0,3.220331232806841,3.20772544814625,Non-MSI-H
CORO2B,0.0,3.342585575044203,3.0530009302385155,Non-MSI-H
APOB,0.0,1.8769734150338724,1.0882964941314166,Non-MSI-H
HOXA9,0.0,6.785869474824618,6.514381948084192,Non-MSI-H
CYP4F35P,0.0,3.151590832783002,2.8258132202077837,Non-MSI-H
LINC01876,0.0,3.0053590504483654,2.6402519151214925,Non-MSI-H
DCHS2,0.0,2.473849955023707,1.9272155821453387,Non-MSI-H
ACBD7,0.0,3.5085049573045968,3.6377775961533603,MSI-H
SIGLEC7,0.0,3.3155910464329263,3.8152513932027325,MSI-H
NMRAL2P,0.0,3.3972722403580105,2.698060594912182,Non-MSI-H
ALB,0.0,1.2301975905013078,1.0089067273530405,Non-MSI-H
NME1-NME2,0.0,3.5130666625520344,3.4966528987764414,Non-MSI-H
NCF1C,0.0,3.331972542884711,3.8623845768149465,MSI-H
STC2,0.0,6.61621267731955,6.1239320036318095,Non-MSI-H
RPL28P5,0.0,2.5400394632448666,2.545119367119046,MSI-H
C9orf24,0.0,3.0841580177816112,3.4330078111042925,MSI-H
DOK5,0.0,3.3674637403497374,3.285313448834699,Non-MSI-H
RPS7P10,0.0,3.549427234575498,3.1964525604478897,Non-MSI-H
DGKI,0.0,3.0891135936939262,2.885411226350924,Non-MSI-H
TMPRSS6,0.0,3.4307787266754564,2.8465011734300996,Non-MSI-H
FMO2,0.0,2.5441699935109976,2.8080712455874886,MSI-H
DEPP1,0.0,6.665087714889494,7.086064740422509,MSI-H
PCDHB4,0.0,3.344953992712789,2.9365234636837085,Non-MSI-H
MGAM,0.0,3.070856790391153,3.445604193778178,MSI-H
ATP8A1,0.0,6.7990158413871065,7.132737071856205,MSI-H
NLGN4Y,0.0,2.2539848220382623,1.9263436430418666,Non-MSI-H
THEMIS,0.0,3.2382804097315847,3.6749392459915846,MSI-H
SP8,0.0,2.202626126569963,2.117918051876015,Non-MSI-H
ZNF366,0.0,3.3756985579582697,3.340596661261337,Non-MSI-H
MIA,0.0,2.4064214320318422,2.6455484254435673,MSI-H
RHBDL3,0.0,2.7656881493332954,2.9319261356923967,MSI-H
B3GNT7,0.0,6.2651054405986315,6.629833464335002,MSI-H
TM6SF1,0.0,3.3336501442126165,3.606156330601358,MSI-H
AGXT,0.0,3.442023413480754,2.123273371031656,Non-MSI-H
CADM3,0.0,2.5966392334091775,2.5421482302942784,Non-MSI-H
IGFL1,0.0,1.673198935771164,1.4024333012013641,Non-MSI-H
AP3B2,0.0,2.3378342345687653,1.7753558257271755,Non-MSI-H
PCDHA4,0.0,2.430288817040066,2.146485519084156,Non-MSI-H
CPSF1P1,0.0,3.031937941851484,2.968510128582667,Non-MSI-H
HS3ST3A1,0.0,3.267102725604481,3.5005308648249125,MSI-H
CD1C,0.0,3.3127661083752176,3.106340204138083,Non-MSI-H
GALNT16,0.0,3.1663999813189676,2.540720872294889,Non-MSI-H
RGS18,0.0,3.2893324742300916,3.5743927764851926,MSI-H
ATP6V0D2,0.0,3.3444204853807933,3.279535748322334,Non-MSI-H
LINC02323,0.0,3.4857483479392593,2.832885552863918,Non-MSI-H
LOC102723692,0.0,3.333890576238072,1.852895397754974,Non-MSI-H
PKD1P2,0.0,2.7677540547727753,2.4192637662510923,Non-MSI-H
GRAP,0.0,3.4850826154248735,3.0337236072512472,Non-MSI-H
FMO3,0.0,3.47959148997247,3.2879764433569414,Non-MSI-H
GDA,0.0,6.681064722383568,6.946964009624494,MSI-H
NPTX1,0.0,2.648883293315424,1.999260043085227,Non-MSI-H
UNC5A,0.0,2.487929519601844,3.303890711538889,MSI-H
GPR55,0.0,3.0646006508996972,2.6691548071035474,Non-MSI-H
IL1RL1,0.0,3.1782728695723907,3.05943348067241,Non-MSI-H
PYGM,0.0,3.192189065106747,2.8921780097128917,Non-MSI-H
MAP1LC3B2,0.0,3.579682800813827,3.504592539904695,Non-MSI-H
ITGA10,0.0,3.296122178719308,3.4957895522347258,MSI-H
ENTPD3,0.0,2.9288011840125883,3.1786943111724186,MSI-H
MT1E,0.0,6.293155689105441,7.371443260023327,MSI-H
GPR158,0.0,2.8930234023010706,3.2304466286682016,MSI-H
TPH1,0.0,2.8546970087669297,2.6374777492730397,Non-MSI-H
LRRTM2,0.0,2.2520220115728478,2.0576580142250007,Non-MSI-H
RALGAPA1P1,0.0,3.291150001898018,3.1797493871305123,Non-MSI-H
KLC3,0.0,2.826379269067091,3.6666918428687096,MSI-H
LOC105375624,0.0,3.5754368069595364,3.1064117816873327,Non-MSI-H
IL1R1,0.0,6.698104678422422,6.7162915979940285,MSI-H
CACNG8,0.0,3.022582135130698,3.281512916885901,MSI-H
HDC,0.0,3.120532443994929,3.0435414896979878,Non-MSI-H
LOC339260,0.0,3.2210001424766617,2.9758867253650663,Non-MSI-H
CHRNB2,0.0,2.261323036181856,2.0868741013990206,Non-MSI-H
DLEU7,0.0,3.386714798398395,3.085896774405649,Non-MSI-H
NRK,0.0,2.55889383320965,2.305563484057074,Non-MSI-H
TRIM6,0.0,3.489355027408822,3.1904114169077844,Non-MSI-H
P2RY10,0.0,3.1321609613101997,3.5531234944976364,MSI-H
MTRNR2L8,0.0,2.9140595057092367,2.4750241819188914,Non-MSI-H
MYEOV,0.0,6.484164035560474,6.793530742383952,MSI-H
LINC01612,0.0,2.8017557117695815,2.109275577317156,Non-MSI-H
MT1L,0.0,3.25288964358708,3.613825549926487,MSI-H
GSTM5,0.0,3.432878036667527,3.026081092042396,Non-MSI-H
HCN1,0.0,2.6833044944335414,1.6350070498829334,Non-MSI-H
COL21A1,0.0,3.3275526222456895,2.8383582790309503,Non-MSI-H
KLK15,0.0,3.2243759930758134,2.619719761568432,Non-MSI-H
VWA5B1,0.0,1.8954018628648055,0.721712663145917,Non-MSI-H
LPAL2,0.0,3.592224403526565,2.7741151988121437,Non-MSI-H
SMIM24,0.0,6.810400973543832,6.043466833112782,Non-MSI-H
ZNF404,0.0,3.45784505993926,2.9077555226868252,Non-MSI-H
NPTN-IT1,0.0,2.9967185933114004,3.079646278177992,MSI-H
PLPPR1,0.0,2.2724345843152065,3.202460255589926,MSI-H
LINC01410,0.0,3.2670116847865516,2.6362978299169995,Non-MSI-H
NAT8B,0.0,2.4432950469960084,2.7123987815843273,MSI-H
C22orf34,0.0,3.1379146493110768,3.281680925310929,MSI-H
GPR171,0.0,3.1406033261380375,3.703255323950666,MSI-H
IGKV3-7,0.0,2.7356157174068176,2.4809792445890615,Non-MSI-H
RBIS,0.0,6.971816885524762,6.4705721555968205,Non-MSI-H
ABCA10,0.0,3.172871055552458,3.4872658247561885,MSI-H
TNFSF8,0.0,3.2245634610903275,3.4473869739631358,MSI-H
DNAAF3,0.0,2.9875076149961504,4.279562451747076,MSI-H
CALML3,0.0,2.758225898800473,1.458945939421663,Non-MSI-H
PLIN5,0.0,3.289374991235846,3.1327043800609524,Non-MSI-H
NR1H4,0.0,2.5081273078058213,2.104938661222473,Non-MSI-H
GALNT14,0.0,2.5559134289752876,2.7399884855804246,MSI-H
RGS1,0.0,6.599169142215676,6.88379366574714,MSI-H
SRPX2,0.0,6.746610539244327,5.518029335558101,Non-MSI-H
LEFTY2,0.0,2.7433496828981294,1.839062805803574,Non-MSI-H
ENPP7P11,0.0,3.4053421168643285,2.853607212563638,Non-MSI-H
NKX6-3,0.0,1.0583932110237513,0.991692984412797,Non-MSI-H
TINCR,0.0,2.9060256559930386,2.6507584644370508,Non-MSI-H
CCN5,0.0,2.430388887955092,2.5956926872365447,MSI-H
LRRN3,0.0,2.6352130207547457,2.3664606012785647,Non-MSI-H
CYP3A4,0.0,2.4739443045895597,2.625894711671506,MSI-H
FLRT1,0.0,3.392669180541491,2.5216624719208798,Non-MSI-H
PCDH9,0.0,2.5683549843039346,2.464131886224427,Non-MSI-H
IL13RA2,0.0,3.238223454630787,2.627862056846542,Non-MSI-H
COL9A3,0.0,6.210805100001372,5.112844439248575,Non-MSI-H
FGF20,0.0,2.0559208610357738,0.849786594282439,Non-MSI-H
PCDHB7,0.0,3.2983966136424603,3.3536238168986117,MSI-H
BOLA3-AS1,0.0,3.2752654824501137,2.790265571827013,Non-MSI-H
STX16-NPEPL1,0.0,3.420468643035158,2.480861798292901,Non-MSI-H
DGKB,0.0,1.9743503436844168,1.9578821285361554,Non-MSI-H
BCL2L10,0.0,3.4181011748986943,2.026072699596441,Non-MSI-H
LINC00896,0.0,3.1771731282141547,3.4560201336836407,MSI-H
ESPNL,0.0,3.1079958107654324,2.8225347774868603,Non-MSI-H
ASXL3,0.0,3.0298956209856454,2.7200411840841876,Non-MSI-H
MROH7,0.0,3.343657890382206,2.5105298264076046,Non-MSI-H
IGKV3D-15,0.0,2.5992666765836323,2.6591408491887774,MSI-H
RBM11,0.0,3.3165404457945984,2.340142674581994,Non-MSI-H
OMD,0.0,2.3329721043440834,1.98094494289076,Non-MSI-H
HOXA10,0.0,6.897701509781634,6.508028302910729,Non-MSI-H
CHAD,0.0,3.422389252950999,2.511201491248978,Non-MSI-H
NBPF26,0.0,3.3576101913606884,3.3351688890193754,Non-MSI-H
ADCYAP1,0.0,2.7375255963541445,2.371493808786876,Non-MSI-H
EBF3,0.0,3.0921289701128116,3.1167221374444853,MSI-H
TPSD1,0.0,2.522518998544739,2.4072859753865523,Non-MSI-H
CHRNA1,0.0,3.357201579683758,2.8535044633849056,Non-MSI-H
NPSR1-AS1,0.0,2.3349086161150234,2.6902079317297374,MSI-H
SPACA3,0.0,2.893330070972786,1.0097677814795907,Non-MSI-H
GALNT9,0.0,2.3713173075788028,2.412558497844044,MSI-H
ZNF660,0.0,3.2713499331239984,2.7431546486522635,Non-MSI-H
EIF4BP3,0.0,3.3487370478221186,3.184222406287144,Non-MSI-H
VSNL1,0.0,6.683118276175224,6.812812820923232,MSI-H
COL4A6,0.0,3.2342917015276003,2.289584226445731,Non-MSI-H
GRIK5,0.0,3.148012770294638,2.8867813352829104,Non-MSI-H
CLDN16,0.0,3.3478479177692853,2.5247250680580344,Non-MSI-H
SOX11,0.0,3.107079758073839,3.165321810135481,MSI-H
LHFPL3,0.0,2.8057631920197843,2.183604013221508,Non-MSI-H
CHN2,0.0,6.885709029424877,5.821334836207804,Non-MSI-H
MUC12-AS1,0.0,3.3486128557000137,3.4384997833888735,MSI-H
RAB9B,0.0,3.294521648125853,2.9097283453054557,Non-MSI-H
FSIP1,0.0,2.883469715601934,2.6452157396658618,Non-MSI-H
TMEM200C,0.0,3.3695840806322654,2.8584189263315145,Non-MSI-H
MIR429,0.0,3.450671601417308,2.589331731416277,Non-MSI-H
MEFV,0.0,2.905272111594583,3.681390550953144,MSI-H
LINC02609,0.0,3.3990514373062877,2.5447676174194163,Non-MSI-H
GRPR,0.0,2.551936289756344,1.5773585264354246,Non-MSI-H
CXCL8,0.0,7.168500753145352,8.088160234404532,MSI-H
SLFN5,0.0,6.666410907567028,7.098656638712592,MSI-H
PCSK1,0.0,5.002245510121536,4.557929265770149,Non-MSI-H
GREM1,0.0,7.560744170604744,7.679638707668661,MSI-H
ELAPOR1,0.0,7.90149694562774,8.224719452263436,MSI-H
PTK7,0.0,8.008246913832169,7.67165196388262,Non-MSI-H
MXRA5,0.0,7.682389776982239,7.745580910149087,MSI-H
SERPING1,0.0,7.858287830265821,8.00971017726358,MSI-H
APCDD1,0.0,7.65506508273483,6.218141352547237,Non-MSI-H
FBN1,0.0,7.6852715666445786,7.8016766436516845,MSI-H
C15orf48,0.0,7.99163232044492,7.755507667070546,Non-MSI-H
CLDN1,0.0,8.098521521115101,7.511710749051828,Non-MSI-H
PROM1,0.0,7.787919986630539,7.912982507587235,MSI-H
UBE2QL1,0.0,3.1776580703630186,2.994950226567757,Non-MSI-H
ULBP1,0.0,3.189344975332934,3.2336110752659852,MSI-H
CUZD1,0.0,3.4803996237923185,2.864020769079985,Non-MSI-H
CFAP65,0.0,3.2752080272016935,3.0954615346576198,Non-MSI-H
SLC52A1,0.0,3.129264280635061,3.240422435075707,MSI-H
RASL11B,0.0,3.324267632979855,2.686857150593875,Non-MSI-H
TRIM9,0.0,3.040799957157849,2.709598993061664,Non-MSI-H
LINC01356,0.0,3.464419449683835,2.8396191007884055,Non-MSI-H
GALNTL6,0.0,2.3167546994845867,2.910112821448514,MSI-H
COL4A3,0.0,2.7270593318184053,2.36477716202968,Non-MSI-H
RPL35P1,0.0,3.1490819248307007,3.0267948415306214,Non-MSI-H
HPGD,0.0,6.4897093741883305,6.537031599514416,MSI-H
CLEC12A,0.0,2.8545441246483847,3.700378263136815,MSI-H
TBX4,0.0,1.993628414794878,1.7036360673948003,Non-MSI-H
DOK6,0.0,3.2883510441739383,2.8787751297024484,Non-MSI-H
COL10A1,0.0,5.63337066680449,5.9575200907444765,MSI-H
PGR,0.0,3.0333071716730156,2.669966913126315,Non-MSI-H
LILRA2,0.0,3.087015315970656,3.67563668672242,MSI-H
SIX1,0.0,2.8091931514322908,2.990043007048777,MSI-H
SLC6A20,0.0,6.312790495992642,5.929563179407637,Non-MSI-H
PDE6A,0.0,3.066451941732022,2.013682237867776,Non-MSI-H
GPX3,0.0,6.566077265487139,6.635995464330463,MSI-H
RRN3P2,0.0,3.4021215133368483,2.9479349060875477,Non-MSI-H
ZNF626,0.0,3.221263317602246,2.9376240741062922,Non-MSI-H
GLRB,0.0,3.2284556261768116,2.8876731501532533,Non-MSI-H
SYT12,0.0,2.8849359251369227,3.3812883363238857,MSI-H
GUCY1B2,0.0,3.157625343124374,2.823211750795068,Non-MSI-H
PCDHB12,0.0,3.1741982219328246,2.974798025211537,Non-MSI-H
CFAP300,0.0,3.190166395009779,2.663593563941102,Non-MSI-H
ZNF829,0.0,3.1585632840155684,2.656817345360903,Non-MSI-H
AKAP12,0.0,6.323037327491403,6.088607771682755,Non-MSI-H
HOXC4,0.0,2.5118314420373795,3.599906066680391,MSI-H
IGHV1-18,0.0,5.701368692974897,5.869403364569743,MSI-H
HAND1,0.0,1.8269104045103637,1.0492861012038106,Non-MSI-H
LOC101927884,0.0,2.89878130655639,1.826618905895341,Non-MSI-H
PTPRC,0.0,6.4148924612521645,6.948588475320623,MSI-H
SOX5,0.0,3.16952246980478,2.8084910720772096,Non-MSI-H
PROM2,0.0,6.341265199943569,6.002172109201038,Non-MSI-H
IGHV1-3,0.0,2.3695592475255185,2.6882480038981136,MSI-H
LPAR3,0.0,2.7956015801956826,2.1148391092221615,Non-MSI-H
XKR7,0.0,1.156077212039292,1.2181262033829912,MSI-H
CHKB-CPT1B,0.0,3.3646795934064038,3.1799626480753354,Non-MSI-H
HOXB13,0.0,6.2629909934586605,6.018947503369114,Non-MSI-H
ABCA9,0.0,2.8758498293733847,3.0193867000580394,MSI-H
DDIT4L,0.0,2.721718997958107,2.283095839473716,Non-MSI-H
GPR83,0.0,1.8154627005415178,1.5481602636873577,Non-MSI-H
NMUR2,0.0,1.318187836784805,1.8305361103353026,MSI-H
HTR2B,0.0,2.4865973893777613,2.615493029284194,MSI-H
RPL7AP62,0.0,3.34411810337865,3.221387896194303,Non-MSI-H
MYT1,0.0,2.81522338547725,2.113891992369119,Non-MSI-H
C2CD4C,0.0,2.929739376286316,3.611732780359982,MSI-H
CX3CR1,0.0,3.234560167353108,3.0509974086759133,Non-MSI-H
SERPINA7,0.0,2.4449428395622594,0.5648046024112997,Non-MSI-H
RAMP2-AS1,0.0,3.1882057747966397,2.2493959220042417,Non-MSI-H
IGKV2-29,0.0,1.823422847631707,1.9090758406969712,MSI-H
BHLHA15,0.0,3.1671746767156983,3.7460595187367445,MSI-H
RPL7P23,0.0,3.371205314354188,3.070180815452903,Non-MSI-H
PDZRN4,0.0,2.5039780628771475,2.1595518299151912,Non-MSI-H
PRKG2,0.0,3.2421415490090055,3.052597199267128,Non-MSI-H
CD200R1,0.0,3.1475993163100298,3.1743587277272334,MSI-H
KCTD16,0.0,2.6189826798712796,1.501029095668751,Non-MSI-H
SYNPR-AS1,0.0,3.525741904808361,2.8379380476367126,Non-MSI-H
DMBX1,0.0,2.538279811615096,2.9599547959460084,MSI-H
HS3ST2,0.0,2.8446880681409916,2.9625780236315493,MSI-H
IGLV2-11,0.0,5.487329204445108,5.520214636288853,MSI-H
TF,0.0,2.5374308622801487,2.1268182477574946,Non-MSI-H
ATP13A4,0.0,2.892280288296452,2.8244346844227013,Non-MSI-H
ABAT,0.0,6.8333343869437355,5.754817180718854,Non-MSI-H
MORN3,0.0,2.9154863228603034,3.006338608163627,MSI-H
EPHX3,0.0,2.999932909788247,2.8720039556636223,Non-MSI-H
TFAP2E,0.0,3.150613622939649,3.22518724770125,MSI-H
PROS1,0.0,6.719511429548305,6.931371000624427,MSI-H
HHLA2,0.0,6.725744598744842,5.68184430994748,Non-MSI-H
ITGB2-AS1,0.0,3.1857257975251687,3.2807757143802303,MSI-H
DLG2,0.0,3.1470256708446738,3.135826392753276,Non-MSI-H
FAM189A2,0.0,2.936545004549837,3.6888832136445244,MSI-H
SLC25A48,0.0,2.8167934967807238,3.4820867848394013,MSI-H
LOC107984450,0.0,2.7815731961396057,3.1870532185250964,MSI-H
SLC34A2,0.0,1.5254346908558012,2.4202483972143405,MSI-H
EDN2,0.0,3.148462298292026,3.0891323467064837,Non-MSI-H
FAM72B,0.0,2.7732167840821482,3.6158363848937,MSI-H
TRIM71,0.0,1.7059751134660102,0.820748169794775,Non-MSI-H
KLK4,0.0,2.4192336917190573,2.2030839157365363,Non-MSI-H
CD80,0.0,3.1169044855542816,3.6209265330018696,MSI-H
RIIAD1,0.0,2.8515875777767357,1.4758524047576231,Non-MSI-H
TYRP1,0.0,3.0661851902917316,2.25614638671242,Non-MSI-H
LINC01451,0.0,2.9597195973561696,1.8803796069373737,Non-MSI-H
ZNF185,0.0,6.673500272456617,6.558868680883423,Non-MSI-H
MIR647,0.0,3.438421596965905,2.526448905605982,Non-MSI-H
PYHIN1,0.0,3.0310286894903142,3.4948579181347323,MSI-H
RPL26P6,0.0,3.385785097111449,3.297116981594118,Non-MSI-H
LINC00954,0.0,3.2218266916571303,1.9708547098387366,Non-MSI-H
NALCN,0.0,2.6216352471488418,2.2958318702002556,Non-MSI-H
SYNPR,0.0,1.8321137334321935,1.0115634924438441,Non-MSI-H
CGREF1,0.0,6.80754771490078,6.340631668103806,Non-MSI-H
CLDN18,0.0,2.3620846900536177,5.5079576231067975,MSI-H
BIRC7,0.0,2.923279006451731,2.3519105315225075,Non-MSI-H
TRPM2,0.0,6.765234582359775,6.538445951360964,Non-MSI-H
IGKV2-30,0.0,2.4251868430993624,2.145225388772831,Non-MSI-H
TCAF1P1,0.0,3.2747218245893066,3.2343774739669815,Non-MSI-H
TUBAP13,0.0,2.480549776670492,0.5756301459710635,Non-MSI-H
LINC00861,0.0,2.8048193159376478,2.6518476541374527,Non-MSI-H
MPIG6B,0.0,3.3422123805907713,2.2988972652316852,Non-MSI-H
PCDHGA7,0.0,2.609287374732325,2.613531999622197,MSI-H
ZBTB10,0.0,6.784508119785511,5.757514292118698,Non-MSI-H
FGF9,0.0,2.897160155005728,2.556257417603749,Non-MSI-H
PRIMA1,0.0,2.4362970684744147,1.8033330569035357,Non-MSI-H
PCDHGA11,0.0,3.1258160200031573,2.9460097260336195,Non-MSI-H
HNRNPA1P21,0.0,3.1900858989248544,3.4722278063883074,MSI-H
ELOVL2,0.0,2.2642417946165327,2.318828452452156,MSI-H
NPIPA5,0.0,3.1513167940273705,2.9523083278113673,Non-MSI-H
C11orf21,0.0,2.6180737974115473,2.8355392016129684,MSI-H
CPZ,0.0,3.1840856726432762,2.9076883460396274,Non-MSI-H
PKHD1,0.0,2.513591908221317,2.2826926566598282,Non-MSI-H
IGHV3-7,0.0,2.178148306741275,2.0998666601279403,Non-MSI-H
PLA2G5,0.0,3.021673314088085,2.842109294984827,Non-MSI-H
CLDN10,0.0,1.561920382275425,0.8322987728462355,Non-MSI-H
ZNF831,0.0,2.9167911548547893,3.27974432060195,MSI-H
BCHE,0.0,2.5533141783798814,2.2049119892905695,Non-MSI-H
CST1,0.0,6.004538033464768,5.178277599217986,Non-MSI-H
U2AF1,0.0,3.0816698209881808,3.10274865376715,MSI-H
CNGA3,0.0,1.739225862997774,1.3261926960199024,Non-MSI-H
AGT,0.0,6.799334152325742,5.773835238923604,Non-MSI-H
SPATA3-AS1,0.0,3.2363024933721616,3.125525984953758,Non-MSI-H
WASH7P,0.0,3.026935745919399,2.5033317270859983,Non-MSI-H
FZD9,0.0,2.8357080166751185,2.4441540334408627,Non-MSI-H
LINC01088,0.0,2.5359441965658673,2.1698975519572477,Non-MSI-H
MYRFL,0.0,2.302242650636393,3.087501020182922,MSI-H
ADH4,0.0,2.8240117492034122,1.8470320242856695,Non-MSI-H
PTGES2-AS1,0.0,3.332726726258438,2.505548181388964,Non-MSI-H
B3GALT5,0.0,6.031213601285753,6.302603678941655,MSI-H
ST18,0.0,2.6232523286531704,2.5221185793751766,Non-MSI-H
ZNF135,0.0,3.2062066382931236,2.8720358258800234,Non-MSI-H
INSYN1,0.0,3.17486846128338,2.888477177190194,Non-MSI-H
KCNJ10,0.0,3.1224199285292653,3.233185702385183,MSI-H
KRT13,0.0,1.6817614832361079,2.1986281254401745,MSI-H
SV2B,0.0,2.815378213741045,2.8951361230147974,MSI-H
FBXO27,0.0,2.9641313564395193,2.7302102119858196,Non-MSI-H
SAPCD1,0.0,3.2789702131318417,2.6602715759327205,Non-MSI-H
TRIM22,0.0,6.621877145472157,6.9912848287014695,MSI-H
C1QL3,0.0,3.0443508520088733,2.6705999012699952,Non-MSI-H
DLX5,0.0,2.2062218948880647,1.707481552759056,Non-MSI-H
OVOS2,0.0,2.771979832685058,2.4187810057784094,Non-MSI-H
PROK2,0.0,2.0936983415590094,2.789310423866906,MSI-H
ARC,0.0,2.648435320081492,3.203901941193843,MSI-H
TDRD1,0.0,1.6385869850432302,1.6648210330124011,MSI-H
KCNK9,0.0,2.874834486705051,2.1800131330994548,Non-MSI-H
CCDC187,0.0,2.7308884166977325,3.2568183442963026,MSI-H
FOXH1,0.0,3.1148252103776906,2.388575045706948,Non-MSI-H
GPR15,0.0,2.5714846620609535,2.0431880214728886,Non-MSI-H
GRM4,0.0,2.157582403533354,2.0707276983719005,Non-MSI-H
H2BC7,0.0,1.7887812242396728,1.4979404545691712,Non-MSI-H
LBP,0.0,2.347555889050632,1.8946667732940923,Non-MSI-H
CBY2,0.0,3.0096428079052306,1.8714725905284522,Non-MSI-H
PLEKHA4,0.0,6.842397769685719,6.305956844476099,Non-MSI-H
TCL1A,0.0,1.841320624819364,2.0484107244053265,MSI-H
CTSG,0.0,2.366249684402766,2.3299968024391733,Non-MSI-H
PCDHGA9,0.0,3.0716047604622485,3.251117328870932,MSI-H
C16orf89,0.0,2.7177592122374277,2.5213100472855112,Non-MSI-H
PABPC1L,0.0,6.8148555642283295,5.779416415300033,Non-MSI-H
ECEL1,0.0,2.5334787247885058,2.860910180500359,MSI-H
IGF1,0.0,2.771679259837568,2.4881338879686576,Non-MSI-H
SLC7A9,0.0,2.403598941039986,1.8795670752616886,Non-MSI-H
COL17A1,0.0,8.21249309800794,7.214257877921523,Non-MSI-H
TNC,0.0,7.745733409466437,8.089248676210582,MSI-H
LYPD8,0.0,6.1122894125987095,5.13238054803481,Non-MSI-H
HLA-DPA1,0.0,7.966657269113165,8.691373578953096,MSI-H
IFI6,0.0,7.774676487583271,8.260819190121701,MSI-H
NR4A1,0.0,7.952075673515941,7.899906537943911,Non-MSI-H
LAMA5,0.0,8.019584571489467,7.975618468601126,Non-MSI-H
FKBP10,0.0,8.019194895500537,7.772695005918889,Non-MSI-H
VWF,0.0,8.000807328117993,8.017413330921983,MSI-H
TMEM200A,0.0,6.5889881026620065,6.071867162845845,Non-MSI-H
SLC26A2,0.0,7.732210655652457,6.6300100989950215,Non-MSI-H
IGLC2,0.0,7.398453068350698,7.512568519169689,MSI-H
RTL8A,0.0,6.750692228162628,5.874766799386317,Non-MSI-H
MMP1,0.0,7.201516856787229,8.218225638415769,MSI-H
ARHGAP20,0.0,2.9595504964582684,3.272424886058398,MSI-H
WWTR1,0.0,6.566681842408677,6.597393927575692,MSI-H
IGHV6-1,0.0,2.4962391365200203,2.2634272142452794,Non-MSI-H
SCG3,0.0,2.0746110743840736,1.6885502536674042,Non-MSI-H
SULT2A1,0.0,2.171744775092728,0.7357333267717648,Non-MSI-H
LINC01555,0.0,3.2464243980910084,1.6294023408489264,Non-MSI-H
PLA2G4D,0.0,2.9922039318542275,2.9196531906375727,Non-MSI-H
TTLL2,0.0,3.3074447615821785,2.2376506803304683,Non-MSI-H
KCNH4,0.0,3.0645627125564356,2.59911528882423,Non-MSI-H
SUSD5,0.0,2.8856727337086987,2.542747009990018,Non-MSI-H
TRARG1,0.0,0.9056423899097589,1.0368209232138696,MSI-H
FHL5,0.0,3.1413419801349933,2.9437635320412925,Non-MSI-H
CDH4,0.0,2.974254152832292,2.401265599702146,Non-MSI-H
SSPOP,0.0,2.807093573753391,2.6583624889729007,Non-MSI-H
HS3ST4,0.0,1.2209678002758984,0.6911544643739973,Non-MSI-H
HCAR3,0.0,2.1006190836912753,3.024193235061812,MSI-H
CYP2E1,0.0,2.9091750344802585,3.30263390718304,MSI-H
GTF2IP1,0.0,2.8861410736922584,2.7188894462302517,Non-MSI-H
SCT,0.0,2.7008850128444886,1.8301093801561372,Non-MSI-H
TMEM145,0.0,2.7968913965598565,3.1696638821663234,MSI-H
FMO1,0.0,2.911586986590972,3.590240638865403,MSI-H
KRT86,0.0,2.879693452692623,3.475504529357042,MSI-H
PPP1R1A,0.0,2.455500210206852,1.945519953962108,Non-MSI-H
MEP1B,0.0,2.5402879985767486,2.743339800150432,MSI-H
KCNQ2,0.0,1.4271240230392497,1.9293831610399235,MSI-H
CD40LG,0.0,3.218125269189872,2.800617415221997,Non-MSI-H
DIRAS1,0.0,2.8364228479156885,2.482289368361036,Non-MSI-H
KCNK3,0.0,2.5727867717112596,2.557128623403217,Non-MSI-H
MYH10,0.0,6.533960356928632,6.70555601617783,MSI-H
KRT19P1,0.0,2.7468031925516927,2.655877689283338,Non-MSI-H
ZNF750,0.0,2.2481849428512684,1.875836419230058,Non-MSI-H
PWAR5,0.0,1.7022419634820065,1.334703595474871,Non-MSI-H
IGSF21,0.0,3.137040889767661,3.2615502903734552,MSI-H
GFRA3,0.0,2.7873664693371483,1.9389285307485855,Non-MSI-H
STOX2,0.0,3.0744614412264175,2.7841834323972883,Non-MSI-H
TM6SF2,0.0,3.100926198672241,2.7770890824401566,Non-MSI-H
FAM184A,0.0,2.6464081234364727,2.408731552337676,Non-MSI-H
ST8SIA6-AS1,0.0,1.413840508587836,1.1645938896707555,Non-MSI-H
SLC8A2,0.0,2.7027582603448153,1.788386015576761,Non-MSI-H
CHRNA7,0.0,2.1507195139653335,3.9341395082483177,MSI-H
TMEM255A,0.0,2.981426083530816,2.9301794581925966,Non-MSI-H
DUSP9,0.0,2.4478474609258556,1.9722507950600074,Non-MSI-H
SPDYC,0.0,2.776203658132983,2.0243068040835723,Non-MSI-H
QKI,0.0,6.56492752589854,6.5759077679825015,MSI-H
FNDC5,0.0,2.91441608862275,2.990657505949098,MSI-H
MSH5-SAPCD1,0.0,3.1725386961106303,2.7082282803070266,Non-MSI-H
ADGRE1,0.0,2.922411591674424,3.350189554597064,MSI-H
KCNH6,0.0,2.4643897542363757,2.184345087395748,Non-MSI-H
NTRK3,0.0,2.4334212730937828,2.1281835987070257,Non-MSI-H
LRRCC1,0.0,6.819097021134924,6.414288086642003,Non-MSI-H
FADS1,0.0,6.570487339421372,6.640063297164985,MSI-H
VWDE,0.0,2.1007584462816515,1.3480714673767988,Non-MSI-H
FAM180A,0.0,2.84684854998756,2.6514293831766085,Non-MSI-H
ESR1,0.0,2.8360087711473354,3.030042128365868,MSI-H
KCNN2,0.0,3.0059141219344405,3.8938071722481995,MSI-H
FCRL2,0.0,2.643310353054575,2.5774209206187044,Non-MSI-H
IGHV7-81,0.0,3.2220088574536714,2.6167803872915107,Non-MSI-H
UTS2,0.0,2.4870843392592166,2.5187327993534696,MSI-H
SLC4A10,0.0,2.1575076898094054,1.8689436386494156,Non-MSI-H
SRGAP2B,0.0,3.1503296366616196,3.4343791290187404,MSI-H
BHMT2,0.0,2.8779875188177426,2.6371837883989184,Non-MSI-H
OLFML2B,0.0,6.559242454138333,6.631422056520003,MSI-H
LOC100507642,0.0,3.0443036590145636,3.353252374381825,MSI-H
NNMT,0.0,6.775023966872853,7.072427462388032,MSI-H
TMEM151A,0.0,2.514613630995176,3.0745527511799846,MSI-H
IGHJ2,0.0,2.3689627146113534,2.2891178805345676,Non-MSI-H
GAPT,0.0,2.885860266508988,2.883662419873151,Non-MSI-H
IGLV3-19,0.0,5.657982758022359,5.798235084947932,MSI-H
TMEM100,0.0,2.8959855242484265,2.2646908484713393,Non-MSI-H
RPL11P3,0.0,2.326960594522739,2.350408450899908,MSI-H
KIAA1671-AS1,0.0,3.225386276848653,2.6458528112685475,Non-MSI-H
PRTG,0.0,2.717923240379742,2.2658162839160263,Non-MSI-H
CXCR4,0.0,6.769616475834529,7.5581236806123115,MSI-H
EFCAB6,0.0,3.1212412966193797,3.0960233774937325,Non-MSI-H
ATP1B2,0.0,3.1225910413777087,2.5247923451506726,Non-MSI-H
AGR3,0.0,6.337935562546686,7.298147490895093,MSI-H
PTCHD4,0.0,2.5766968935696015,2.4152240941764282,Non-MSI-H
SMPX,0.0,2.101284581221292,1.3085489566169304,Non-MSI-H
FAM124B,0.0,3.023402347337543,3.0179097109349775,Non-MSI-H
KISS1,0.0,3.0388484898731902,2.4214171735357026,Non-MSI-H
SULT4A1,0.0,1.9570329181245187,1.2117207523249105,Non-MSI-H
HLA-V,0.0,2.152859534566058,2.4003629677701603,MSI-H
WBP2NL,0.0,3.054126420527482,2.5255399759995116,Non-MSI-H
SH2D6,0.0,2.8494739153765436,2.5253844337848155,Non-MSI-H
IGLV1-41,0.0,2.030341942133877,1.9090735636411316,Non-MSI-H
IGKV6D-21,0.0,1.9947947334007472,1.8142165650794628,Non-MSI-H
SYN2,0.0,2.7329495996444177,2.87076230704971,MSI-H
ZNF541,0.0,2.778920912600779,1.3063335219250953,Non-MSI-H
CEACAM3,0.0,2.899997377248991,3.6419625196988403,MSI-H
PCDHGA2,0.0,3.065478525197009,2.8669920178200785,Non-MSI-H
ABCC13,0.0,2.9721132854561394,2.1418929749291467,Non-MSI-H
GIPC2,0.0,7.061711493093401,6.523658283430701,Non-MSI-H
PNPLA1,0.0,3.125130188102289,1.8550817138833173,Non-MSI-H
ITGA11,0.0,6.609083372564951,6.5741003356333305,Non-MSI-H
NUGGC,0.0,2.78154555999958,3.151824589789842,MSI-H
NCCRP1,0.0,2.1567980144151706,1.6443303129549633,Non-MSI-H
TLR10,0.0,2.7950943168170497,2.8484720311581797,MSI-H
ZNF385D,0.0,2.5767233330572963,2.6354224798481276,MSI-H
LOC100506258,0.0,3.075501028913084,3.033795642748271,Non-MSI-H
PCDHB8,0.0,2.091560443916286,2.4610776771363154,MSI-H
WNT10B,0.0,2.7654047307413023,3.1772222357008864,MSI-H
AIFM3,0.0,7.032900282149849,5.297069390214752,Non-MSI-H
IGHV5-51,0.0,5.8301493692439585,5.912127914427045,MSI-H
XG,0.0,2.6303040944044134,1.9843010406336943,Non-MSI-H
CFAP91,0.0,2.585354370215698,1.7209739089991207,Non-MSI-H
EBF2,0.0,2.610109654976087,3.1401479983477407,MSI-H
DIRAS3,0.0,2.803854142314412,3.0481844453105627,MSI-H
ABCC6P2,0.0,3.2193198752441514,2.1169826929561903,Non-MSI-H
ADD2,0.0,2.494828315565282,2.5427299840153164,MSI-H
LOC107985075,0.0,2.716153799814562,3.507350752356761,MSI-H
NEUROG3,0.0,1.693953978830542,2.616287120228164,MSI-H
KPNA7,0.0,3.2124614305544603,2.6199837143052305,Non-MSI-H
LRRC69,0.0,3.1600906786427534,2.5501527477626724,Non-MSI-H
BTN1A1,0.0,2.4649619619660945,2.274409664628011,Non-MSI-H
GAP43,0.0,2.506703813608396,1.9981220304970875,Non-MSI-H
OBP2B,0.0,1.4853704481981076,0.826322938557656,Non-MSI-H
CPN1,0.0,2.2242964328204486,0.5840475975513485,Non-MSI-H
CDH26,0.0,2.866865904911463,1.797294315830473,Non-MSI-H
KHDC1,0.0,2.710139844087774,3.3146071087082736,MSI-H
LRRIQ3,0.0,3.1584665185968763,2.592308266435883,Non-MSI-H
LONRF2,0.0,2.0625280777819612,1.922183367441978,Non-MSI-H
NOVA1,0.0,2.717474975709498,2.0346302388396222,Non-MSI-H
ALPP,0.0,1.712958047749272,2.1149923902474757,MSI-H
FASLG,0.0,2.7949259229653167,3.6992623408860337,MSI-H
LINC02384,0.0,2.744930931185196,2.4421404005868768,Non-MSI-H
ZNF556,0.0,1.7887659338498902,1.869592497406996,MSI-H
ST8SIA6,0.0,2.861063230561686,1.8134160351971127,Non-MSI-H
LRRC43,0.0,3.1392892997846307,2.1505766302933766,Non-MSI-H
AADAC,0.0,2.346154230923394,2.347885967531532,MSI-H
RPL7AP66,0.0,3.0796519165130647,2.960266329625835,Non-MSI-H
RHOXF1-AS1,0.0,2.301759606195752,1.9313911720520036,Non-MSI-H
FRMPD1,0.0,2.4851209308004245,2.0449202926496253,Non-MSI-H
IGHV4-4,0.0,1.8946302154806345,2.008876331176095,MSI-H
AHNAK2,0.0,6.457505329538223,6.602223910509324,MSI-H
LUCAT1,0.0,2.3332181049533136,2.510737920879972,MSI-H
TMEM156,0.0,3.0061539773254196,3.076427326925129,MSI-H
TLL1,0.0,2.6624154570130263,2.5433453397426335,Non-MSI-H
APOBEC3A,0.0,2.660114330169171,3.098269620210356,MSI-H
ZBTB16,0.0,2.254854205443111,2.2040239456118185,Non-MSI-H
ERMN,0.0,2.723214779380818,3.38292429661673,MSI-H
ABCA17P,0.0,2.0576331645726325,2.1242833457868744,MSI-H
CLDN15,0.0,6.855612288483695,5.822471283469921,Non-MSI-H
LOC100507516,0.0,2.758547427965337,2.6515858790788047,Non-MSI-H
SMIM1,0.0,3.1400208213311016,2.574752055893031,Non-MSI-H
PTCHD1,0.0,2.1450604452121054,1.589375988143126,Non-MSI-H
LINC00624,0.0,2.581461817319886,2.717889865955555,MSI-H
FGFR3,0.0,6.920770595567476,6.291671679642568,Non-MSI-H
SNORA71C,0.0,2.4906222851814177,1.892363590761988,Non-MSI-H
IGSF23,0.0,3.0825263125882594,1.4958143296924589,Non-MSI-H
PNMA8B,0.0,3.0182195998613914,2.74581896945446,Non-MSI-H
CTXND1,0.0,1.967121922818783,1.1407482447577484,Non-MSI-H
SPTBN4,0.0,2.638924475858196,3.115636670532744,MSI-H
OR2A7,0.0,3.1052102461690114,2.517861868788465,Non-MSI-H
ASIC2,0.0,2.605495893904916,1.9909851304801156,Non-MSI-H
ACKR4,0.0,2.546343408486147,3.2373448534338944,MSI-H
CRABP1,0.0,2.11100965180415,1.4137255376918323,Non-MSI-H
NECAB1,0.0,2.7869662347120436,2.4266416331332565,Non-MSI-H
CERCAM,0.0,6.813792269358254,7.003636050418309,MSI-H
IGLV2-23,0.0,5.92232389138902,5.938877034905386,MSI-H
ADAMTS3,0.0,2.986836185156684,2.806953435816324,Non-MSI-H
NPY6R,0.0,1.8362048315391188,1.693072554525345,Non-MSI-H
MS4A14,0.0,2.8271607707556448,3.219025622763391,MSI-H
NIPAL4,0.0,2.7252744175589028,2.2825883233277082,Non-MSI-H
UGT2B4,0.0,0.8454257183673213,1.570078094855638,MSI-H
MAEL,0.0,1.8410379806765755,1.4542846812482726,Non-MSI-H
XIRP1,0.0,2.4977759238234447,2.975634749323412,MSI-H
CNNM1,0.0,2.5745200034317555,2.3178548925215456,Non-MSI-H
RADIL,0.0,2.659039090539827,3.263730105636012,MSI-H
CDC20P1,0.0,2.7649030037149176,3.0088692317434975,MSI-H
SNAP25,0.0,2.2223205058460387,1.9736951419092605,Non-MSI-H
ICAM5,0.0,2.7722786050840593,3.332672260423338,MSI-H
ARL17A,0.0,3.01900827223588,2.8359403316299976,Non-MSI-H
PLAAT5,0.0,2.1215691840161206,2.680119007554175,MSI-H
ADA2,0.0,6.515982937199831,6.670044957234153,MSI-H
CLCA4,0.0,4.426080929507891,4.040887729753717,Non-MSI-H
PHEX,0.0,2.805837513649959,2.9033121057533275,MSI-H
DLGAP1,0.0,2.5942133051590983,2.1301691787540955,Non-MSI-H
CYP2C9,0.0,2.306190805342844,2.8172029008278177,MSI-H
NDP,0.0,2.6398530341397692,1.7484081344461613,Non-MSI-H
RPL21P75,0.0,3.1286803830756904,2.6448031176647584,Non-MSI-H
LINC01811,0.0,2.7070781993995108,1.1007852097789312,Non-MSI-H
RPL13P2,0.0,2.36500052007895,2.102365205603648,Non-MSI-H
CYSLTR2,0.0,2.7788152688326004,3.2097395230216827,MSI-H
FLJ16779,0.0,2.526617320490548,1.9730600229390753,Non-MSI-H
NEK10,0.0,2.9625135455618135,2.551538851523348,Non-MSI-H
LINC02538,0.0,3.097777877707729,1.86283440734564,Non-MSI-H
GRIK3,0.0,2.916362568087513,2.2352215605799133,Non-MSI-H
HOGA1,0.0,2.8755993376521887,1.735628893939951,Non-MSI-H
LINC00525,0.0,3.1407131410674354,1.6183639374439462,Non-MSI-H
JAKMIP1,0.0,2.773947814353184,3.4022064394184524,MSI-H
TP63,0.0,2.08290809719196,2.395888497822675,MSI-H
IGKV1-12,0.0,2.205163734350759,2.205258905270941,MSI-H
C12orf56,0.0,1.7972380381798516,1.2217693566469443,Non-MSI-H
FIGN,0.0,2.8456475561967753,2.504148913859582,Non-MSI-H
CD1E,0.0,2.796349833487992,2.56238051080894,Non-MSI-H
SEC63P1,0.0,3.060914302837198,2.5524880253614612,Non-MSI-H
DMC1,0.0,3.031208388023524,3.135275399040234,MSI-H
SLC2A1-AS1,0.0,3.048596771952165,2.2418569752924697,Non-MSI-H
LINC01659,0.0,2.470183409804151,2.0819461762257716,Non-MSI-H
LOC105370854,0.0,2.8169925239060793,2.5249004222950924,Non-MSI-H
LOC442041,0.0,2.984800427832921,2.1987220422837583,Non-MSI-H
MTND1P23,0.0,3.4955128410988996,2.843859093103022,Non-MSI-H
GDF7,0.0,2.8220804787414746,2.173820225156581,Non-MSI-H
CCL14,0.0,3.068274368645398,2.504375427650682,Non-MSI-H
MT1G,0.0,6.414198709333973,6.693060169400893,MSI-H
ADRB2,0.0,2.9201284085294175,2.9706543523315583,MSI-H
JAKMIP2,0.0,2.771058637315351,3.0665559055719083,MSI-H
NXPE4,0.0,5.876409647710648,4.139507765267374,Non-MSI-H
FUT7,0.0,2.961929356505479,2.6947131223584746,Non-MSI-H
IGLVI-70,0.0,1.457921373996818,1.497541770958833,MSI-H
PLP1,0.0,2.16960855808677,1.6793756035192335,Non-MSI-H
GSTT2B,0.0,2.711316303179089,2.9767226831522855,MSI-H
LUZP2,0.0,2.6554523449414864,1.9465023172257565,Non-MSI-H
SCN2A,0.0,1.8881564780876212,2.2647237009801846,MSI-H
MGMT,0.0,6.656419163812853,6.427666492908294,Non-MSI-H
LHFPL4,0.0,1.4829708826268269,1.134211691397845,Non-MSI-H
PPP2R2B,0.0,2.754453649646063,3.0042882763727916,MSI-H
TMEM249,0.0,2.7208814490263045,1.927696591881643,Non-MSI-H
HPGDS,0.0,2.9243062644672424,2.6052033909986365,Non-MSI-H
ZNF252P-AS1,0.0,3.16992177144959,2.2318746315895965,Non-MSI-H
ASB4,0.0,2.2477814654514585,1.5718820807735734,Non-MSI-H
DDT,0.0,6.726505144905929,6.604577363966321,Non-MSI-H
CLCN1,0.0,2.7879796956077723,2.424729135665659,Non-MSI-H
HAS1,0.0,2.3074553243550833,2.0015357682605663,Non-MSI-H
PTX3,0.0,2.8684174719658153,2.863738871397524,Non-MSI-H
ADAM12,0.0,5.918565020628671,6.464760964290483,MSI-H
DRAXIN,0.0,2.847712989201485,3.206728875911116,MSI-H
MST1L,0.0,2.789099764812481,2.545982441894954,Non-MSI-H
ADGRB1,0.0,2.9040660937185327,2.838738142926913,Non-MSI-H
CPNE6,0.0,2.567885548748818,1.4111009290275212,Non-MSI-H
LOC102724908,0.0,1.2877554127336743,1.28149418341423,Non-MSI-H
MICU3,0.0,2.820486582942769,2.5190744265280918,Non-MSI-H
SPESP1,0.0,2.2813201823325584,2.1809262909246763,Non-MSI-H
MSL3P1,0.0,3.093688707193747,2.850672822991237,Non-MSI-H
LINC00578,0.0,2.6932346061863486,2.7389135513624843,MSI-H
DNAJC5B,0.0,2.70630492908404,3.1190227128231554,MSI-H
SNHG26,0.0,2.594803631378451,3.296916874423062,MSI-H
PRELID1P1,0.0,3.0507384601453444,2.9308685508867467,Non-MSI-H
RSPO4,0.0,1.763552345564671,1.1855727573563664,Non-MSI-H
KCNH3,0.0,2.6588931801749074,2.544801639495542,Non-MSI-H
LAIR2,0.0,2.5787354703768064,2.9905609377112476,MSI-H
MKRN3,0.0,1.4621185752451096,1.2163532294844122,Non-MSI-H
KRTAP4-1,0.0,3.1020023107617183,2.2521388335831687,Non-MSI-H
NOS1,0.0,2.155660440514768,1.2907932766035657,Non-MSI-H
SCN3B,0.0,2.724707766644186,2.5415695638532605,Non-MSI-H
SLC25A21-AS1,0.0,2.8564026452480085,2.498032451861221,Non-MSI-H
NUDT11,0.0,2.8513227668464665,2.780958699377541,Non-MSI-H
MROH3P,0.0,2.6295658363892795,2.7029430530264635,MSI-H
KLK13,0.0,1.8467084590302454,1.9052564310200375,MSI-H
CD300LB,0.0,2.8436648924484516,3.049183042131829,MSI-H
PPP1R1C,0.0,2.738404619138216,2.877811503064614,MSI-H
SLFN12L,0.0,2.670130516608397,3.064861192550508,MSI-H
CRTAC1,0.0,2.244265498104855,1.8376897290698953,Non-MSI-H
SHOC1,0.0,1.6049604853338855,1.4734507768062763,Non-MSI-H
KRT81,0.0,2.2488996743625864,2.5433440400296106,MSI-H
KCNK17,0.0,2.779180458256647,1.9897052182507522,Non-MSI-H
MGAM2,0.0,6.1552392086062175,5.988494036582101,Non-MSI-H
FAM184B,0.0,2.820796931582514,2.159578982731241,Non-MSI-H
SIGLEC8,0.0,2.7510573510914655,2.815446124379849,MSI-H
FGF10,0.0,2.599830275476913,2.359882721084523,Non-MSI-H
AOAH,0.0,6.736826254963678,5.54913635704996,Non-MSI-H
IL12A,0.0,2.986999655556311,2.6851118237426017,Non-MSI-H
LINCR-0001,0.0,2.5329305323896256,1.9926824820608806,Non-MSI-H
FCER2,0.0,1.958496084952157,1.9298671946077168,Non-MSI-H
LRP4-AS1,0.0,2.744689503818195,2.05973426663753,Non-MSI-H
LINC01426,0.0,2.6430692337473616,2.8332401445319144,MSI-H
SCNN1G,0.0,2.038806751931719,1.0681780845441915,Non-MSI-H
RPL21P119,0.0,2.975003095393107,2.4609346881532197,Non-MSI-H
LOC102724301,0.0,3.050634542572513,2.7078562389374197,Non-MSI-H
BEST3,0.0,1.8493571192106646,1.385879613664063,Non-MSI-H
UICLM,0.0,1.947700815032236,1.430764042311675,Non-MSI-H
MYO3B,0.0,2.5838797890821006,2.5968098028179574,MSI-H
KRT12,0.0,2.5913844494602576,1.6865425077308667,Non-MSI-H
ESF1,0.0,6.747544970731368,6.362047991341027,Non-MSI-H
NHSL2,0.0,2.5028461404933644,2.520978008156305,MSI-H
OXCT1,0.0,6.440394920755902,7.370200827582171,MSI-H
APOA1,0.0,2.0412765736644176,1.663696150651368,Non-MSI-H
SLC9C1,0.0,2.450915597649538,2.289705345243807,Non-MSI-H
TXLNB,0.0,2.820476527479734,2.304671276736094,Non-MSI-H
LEP,0.0,1.1273717567351191,1.108422586888581,Non-MSI-H
ITIH3,0.0,2.875540626120377,2.5552385707365013,Non-MSI-H
SERHL,0.0,2.985773311779778,2.7909131658529263,Non-MSI-H
RGS7BP,0.0,2.75759790027754,1.9196573021764352,Non-MSI-H
GJC3,0.0,3.0135341062954155,2.072180273752512,Non-MSI-H
RAET1E,0.0,2.7647069625314913,2.926484609911616,MSI-H
CNR1,0.0,2.350414794097299,1.8126660616325825,Non-MSI-H
COL27A1,0.0,6.545434423592471,6.546329241313557,MSI-H
THBS4-AS1,0.0,2.9237037154179233,2.1093536174173524,Non-MSI-H
AXIN2,0.0,8.62372944138451,7.019349915866906,Non-MSI-H
ROBO1,0.0,6.579840353393555,6.521288284582953,Non-MSI-H
DUOX2,0.0,7.712557562714902,6.515570647095731,Non-MSI-H
MUC1,0.0,8.143480740719333,8.729931297440066,MSI-H
MMP11,0.0,8.007134203090299,7.382180938504047,Non-MSI-H
CD163,0.0,6.046980603969661,6.863584214485936,MSI-H
ST6GALNAC1,0.0,7.895207115052254,8.226522332700709,MSI-H
ACTG2,0.0,7.428933345102816,6.981224470903379,Non-MSI-H
VCAN,0.0,7.865437802272828,7.960530903268342,MSI-H
CXCL10,0.0,5.90247836342032,7.000947741503846,MSI-H
SPINK4,0.0,6.321560823083095,7.373248217708478,MSI-H
SPINK1,0.0,8.157766616176175,6.960181220003898,Non-MSI-H
HOXB9,0.0,8.290489609334358,7.270124359347643,Non-MSI-H
GGH,0.0,8.465958684610888,7.4983013978722575,Non-MSI-H
IGLV1-51,0.0,5.691173675487685,5.576750114294119,Non-MSI-H
SHOX2,0.0,2.2767799607553796,2.7279574994572298,MSI-H
LGR6,0.0,6.416180024709345,5.6439800734470165,Non-MSI-H
IGLV5-37,0.0,1.4912665233374982,1.6658328689308377,MSI-H
CACNA1B,0.0,1.848739528870517,2.027923349765357,MSI-H
CYP19A1,0.0,2.5674305323784976,2.3821969857083785,Non-MSI-H
PCDHB3,0.0,2.630554168839789,2.5471526807856675,Non-MSI-H
LILRA1,0.0,2.758849703076399,3.210252104498778,MSI-H
PRPH,0.0,2.370422904892132,2.3516974028682216,Non-MSI-H
HNRNPA1P10,0.0,2.94884047995594,2.95404448815013,MSI-H
CEACAM18,0.0,1.8430361710612575,2.2093637478581254,MSI-H
PANX2,0.0,2.58286045251645,2.8405538924489053,MSI-H
ASS1P1,0.0,2.8762758512459543,3.063595168491604,MSI-H
ANXA13,0.0,6.418742197725065,6.191736947149352,Non-MSI-H
SLC7A11,0.0,6.443351659771416,7.019462744352916,MSI-H
FHL1,0.0,6.418084914248584,5.8828973584964945,Non-MSI-H
SRL,0.0,2.7947171850541475,2.9214630183042583,MSI-H
PCDHGA5,0.0,2.6562186557481393,3.009324098017288,MSI-H
NIBAN3,0.0,2.301657669730162,2.2120848884340862,Non-MSI-H
GFRA2,0.0,2.767779392949507,2.4592288115923266,Non-MSI-H
HRAT92,0.0,2.8421149610884844,2.2692808914169196,Non-MSI-H
CELSR3,0.0,6.6628767640618705,5.874976163330357,Non-MSI-H
TMEM130,0.0,2.6782340512326797,2.2373283987836463,Non-MSI-H
ZNF114,0.0,2.478074245019467,2.986373888235272,MSI-H
DBH-AS1,0.0,2.664309920067774,2.9410813194454097,MSI-H
RARRES1,0.0,6.130007420304419,7.098874091737399,MSI-H
CLTRN,0.0,2.8969418247806824,3.029264889039196,MSI-H
MYBPHL,0.0,1.7486141714349774,0.9183612790154659,Non-MSI-H
IGKV1D-12,0.0,1.6069690761332718,1.6190737347841204,MSI-H
LMOD1,0.0,6.111235311868974,5.694965952866177,Non-MSI-H
TRGC2,0.0,2.5892513852629153,3.503441904540696,MSI-H
BEND6,0.0,2.694658509116515,2.6019775722159633,Non-MSI-H
TLCD4,0.0,6.577781821153431,6.369645871543943,Non-MSI-H
GSTO2,0.0,6.573714190849214,6.789713005134052,MSI-H
GPR27,0.0,2.246552569909688,2.6221695773818356,MSI-H
KCNF1,0.0,2.471363108711708,1.9603981934043693,Non-MSI-H
SLC34A3,0.0,2.4878878474125097,2.6522622277778174,MSI-H
PIK3CD-AS2,0.0,2.669540112791875,2.4638674938195892,Non-MSI-H
HPSE2,0.0,2.7279102844354783,2.0354640178030534,Non-MSI-H
CXCL2,0.0,6.361760452969365,6.5242405533822305,MSI-H
EEF1G,0.0,2.9211122926363378,2.5922376400933955,Non-MSI-H
TRAT1,0.0,2.548385946614633,3.110144094755627,MSI-H
ABCA4,0.0,2.208923367459391,2.4615637990279224,MSI-H
AGTR1,0.0,2.137468915022659,1.6219897300467678,Non-MSI-H
IGHV3-15,0.0,5.544554435030462,5.321807669708112,Non-MSI-H
HLA-DMB,0.0,6.386209879022791,7.042415413862823,MSI-H
STAC,0.0,2.4183919213558625,2.955298088943152,MSI-H
BTLA,0.0,2.687269311486909,2.908637380213545,MSI-H
SORCS1,0.0,2.2519827092942855,1.8330265914220814,Non-MSI-H
APCDD1L,0.0,2.1990312995341097,2.491834800674006,MSI-H
TSPEAR-AS1,0.0,2.569031637858147,2.2842039407673758,Non-MSI-H
KCNA3,0.0,2.4454125338919064,2.6594589685129404,MSI-H
C1orf127,0.0,2.803091902418046,2.5650343623296976,Non-MSI-H
C5orf46,0.0,2.021917693838864,2.7176816064878375,MSI-H
CYP2B7P,0.0,2.673274736759876,2.2739504382139466,Non-MSI-H
NCF1B,0.0,2.667436581014551,3.0694794689415295,MSI-H
LOC105371264,0.0,2.9925759190086327,2.048433470045889,Non-MSI-H
NPIPB13,0.0,2.5077752585543096,2.0160097160622437,Non-MSI-H
PRND,0.0,2.234254132169513,2.005703868136548,Non-MSI-H
SCN3A,0.0,2.7345565828697547,2.317703136372948,Non-MSI-H
MUCL3,0.0,1.1567525321048175,2.1795720795706277,MSI-H
VPREB3,0.0,2.5877547339092337,2.5638296717732416,Non-MSI-H
SLC24A2,0.0,2.3809460174438644,2.0692128324309347,Non-MSI-H
LOC101927318,0.0,2.2864508085672823,2.27573288070335,Non-MSI-H
HAP1,0.0,2.770261599944045,2.0005526625586554,Non-MSI-H
NAIP,0.0,2.7267860133183572,3.0371812022313103,MSI-H
CPA2,0.0,1.9736134765001414,1.939142541043405,Non-MSI-H
TRBV20-1,0.0,2.654214871617014,3.023699130909256,MSI-H
LRRC37A,0.0,2.748619641606314,2.563677681009873,Non-MSI-H
RN7SL381P,0.0,2.02397881872774,1.688611847940471,Non-MSI-H
LGALS17A,0.0,1.961490643735224,2.631635503603477,MSI-H
DSG1,0.0,2.792546517055615,1.9219469287056943,Non-MSI-H
AK5,0.0,2.5677489530721873,2.216132994767249,Non-MSI-H
CRTAM,0.0,2.39127481031148,3.3104629399645935,MSI-H
TCN1,0.0,4.547205798806621,5.672507722039734,MSI-H
STK32A,0.0,2.614807657487624,2.056087944576863,Non-MSI-H
H2BU1,0.0,2.6196641676517807,2.5955721132504395,Non-MSI-H
LRRC37A6P,0.0,2.8376755970884635,2.271382067850452,Non-MSI-H
LINC00923,0.0,2.3450852590129436,2.1685835025873232,Non-MSI-H
WNT6,0.0,2.36721082770754,1.463566581224354,Non-MSI-H
PDPK2P,0.0,2.9223095251279188,2.3399774264931414,Non-MSI-H
RBMS1,0.0,6.506118243370176,6.1027212393161525,Non-MSI-H
TENM2,0.0,2.3255114648153157,1.7818516039559007,Non-MSI-H
IQCA1,0.0,2.640539901347073,2.618970008941164,Non-MSI-H
PCDHB5,0.0,2.5962619768998616,2.2374722462060275,Non-MSI-H
A1CF,0.0,6.720880093784495,5.372157407008503,Non-MSI-H
DNER,0.0,2.172456287895854,2.4699876384059327,MSI-H
NETO2,0.0,6.432823914271498,5.69118300951953,Non-MSI-H
IGFBP1,0.0,1.8369223798567438,1.4992721993759401,Non-MSI-H
RHEX,0.0,2.5374671438194514,2.7535274955548217,MSI-H
APOH,0.0,2.347723062056263,1.8500081642779522,Non-MSI-H
NCAPD2P1,0.0,2.1345276770007326,1.82942334967612,Non-MSI-H
KLHL4,0.0,2.579963136729036,2.225964589036442,Non-MSI-H
OTOF,0.0,2.3935512154332166,2.3552555005013933,Non-MSI-H
RGS13,0.0,2.2322909984142942,2.0802953363074996,Non-MSI-H
KLHL30,0.0,2.6530900088983733,2.46630494881582,Non-MSI-H
SULT1C3,0.0,1.674069915825978,2.0660328178632623,MSI-H
RNF112,0.0,2.825165287543886,2.472084248605214,Non-MSI-H
IGKV1-39,0.0,1.8994521820958477,1.829099053468348,Non-MSI-H
DLL3,0.0,2.3410370847955817,1.9150144414805277,Non-MSI-H
CYP1A1,0.0,0.9424360714845458,1.3803411248115547,MSI-H
LINC00668,0.0,6.540440630681339,5.51231632797418,Non-MSI-H
MS4A15,0.0,2.348133835820241,1.6830338655991381,Non-MSI-H
UCN2,0.0,2.5938070078955,2.749976572199478,MSI-H
KCND2,0.0,2.1612641491549685,2.585055443453924,MSI-H
SYNM,0.0,5.775957582407202,4.981334544870606,Non-MSI-H
SAA2-SAA4,0.0,1.6327814131969036,1.8099818283305138,MSI-H
PON1,0.0,1.3683960085419755,1.5362965070251273,MSI-H
CCDC144B,0.0,1.775437635701105,1.8180333825063872,MSI-H
INSL5,0.0,1.2605074237711356,0.49650157077263296,Non-MSI-H
HLA-DPB2,0.0,2.189478625864386,3.045683679567405,MSI-H
MACROH2A2,0.0,6.5675948434309275,6.198692920734395,Non-MSI-H
FTH1P2,0.0,2.785037621737247,2.714417499498959,Non-MSI-H
SAXO2,0.0,2.6318372039519438,2.7847200513578634,MSI-H
ADAMTS9-AS1,0.0,1.9108245815313343,1.8058221842897393,Non-MSI-H
DDR2,0.0,6.219219788389989,6.198947828573689,Non-MSI-H
RFX6,0.0,1.4144379898593715,2.1887345796703,MSI-H
PLAC1,0.0,2.383721945113979,1.566592835886757,Non-MSI-H
ZNF667,0.0,2.7427355764663686,2.6419702925103676,Non-MSI-H
TMEM132B,0.0,2.5547902526406445,2.904365971054741,MSI-H
ATRNL1,0.0,2.337573920924201,1.5729151674214576,Non-MSI-H
SYT2,0.0,2.6936973181511634,2.2527564775057813,Non-MSI-H
ARX,0.0,1.6744180817564274,2.9759530596397785,MSI-H
COMP,0.0,5.39551167649182,5.087697958145776,Non-MSI-H
CCDC196,0.0,2.1285201151728432,1.858355959012056,Non-MSI-H
BRINP1,0.0,2.583432344634245,1.8673373900647203,Non-MSI-H
ADGRE3,0.0,2.3347498022549034,2.8508629856481087,MSI-H
ALKAL2,0.0,2.647089461115523,1.8811135426739813,Non-MSI-H
RGPD8,0.0,2.673874780383862,2.596932678583647,Non-MSI-H
SCAT2,0.0,2.750233701017616,2.475654467114729,Non-MSI-H
LOC105369203,0.0,2.691095956416172,1.717660127508534,Non-MSI-H
ACSL6,0.0,6.117142615884838,3.7931514636846084,Non-MSI-H
NME5,0.0,2.4589531587739986,1.7609673182056027,Non-MSI-H
LINC01347,0.0,2.873344544664279,2.4569627869148585,Non-MSI-H
SCGN,0.0,2.230277049649083,1.9822509948823324,Non-MSI-H
SLC25A5P5,0.0,2.7427051866079046,2.1612154486312596,Non-MSI-H
KIF20B,0.0,6.667271088259844,6.626534882585051,Non-MSI-H
DRGX,0.0,1.3039097600910752,2.251837634145526,MSI-H
PPFIA2,0.0,2.4857574654711887,2.32243136039058,Non-MSI-H
MTND4P35,0.0,2.3347099647911937,1.9989258992194339,Non-MSI-H
UPK2,0.0,1.7516674852033873,1.168925231132469,Non-MSI-H
MRLN,0.0,1.2803260584643694,0.894765688820286,Non-MSI-H
MTSS1,0.0,6.585839566787586,6.428366026429306,Non-MSI-H
RND2,0.0,2.7322364211455916,2.165066742570641,Non-MSI-H
SLITRK5,0.0,1.8551803515505936,1.8143923528760495,Non-MSI-H
FOXI1,0.0,1.4874572777142694,1.3807233432010908,Non-MSI-H
NPIPB14P,0.0,2.8211203138218406,2.614924290538862,Non-MSI-H
LRFN2,0.0,1.9589545865472644,1.0719561778353195,Non-MSI-H
IGHV1-67,0.0,2.1460399632392426,1.913931813732543,Non-MSI-H
CACNA1I,0.0,2.4424658569201,2.1028895844201596,Non-MSI-H
PNMT,0.0,1.9820449914196931,1.975594578504488,Non-MSI-H
CDK5R2,0.0,2.1305903777005737,1.259974481699534,Non-MSI-H
MTCO2P22,0.0,1.9807306366267274,1.8693866547947502,Non-MSI-H
CDH19,0.0,1.8271180287088034,1.4652867906293425,Non-MSI-H
CCDC198,0.0,1.6395081667288303,0.9612238009895814,Non-MSI-H
AQP6,0.0,2.673985687607382,1.9642450147420396,Non-MSI-H
PCDHGB4,0.0,2.172586685669774,2.10354296361688,Non-MSI-H
ALOX12P2,0.0,1.703332932768366,1.6489001697033279,Non-MSI-H
CCL28,0.0,6.437498354816407,6.135403095145786,Non-MSI-H
FXYD4,0.0,2.2997634952692345,2.371363776169937,MSI-H
CDO1,0.0,2.3932122977946744,1.9916340886096935,Non-MSI-H
FAT3,0.0,2.4501841059307656,2.22672079726638,Non-MSI-H
MME,0.0,5.969546099189329,5.516821651748885,Non-MSI-H
VWA2,0.0,6.615124601469629,5.846749504705636,Non-MSI-H
LOC441666,0.0,1.913377356724971,1.5733359918388916,Non-MSI-H
GPIHBP1,0.0,2.3764553457691666,2.3161578842806763,Non-MSI-H
CCDC180,0.0,2.6419074453303595,2.585352033911223,Non-MSI-H
SLC25A21,0.0,2.030211490075971,2.719401227774707,MSI-H
TRPM3,0.0,1.7915427619044944,1.2911915784184287,Non-MSI-H
GGT1,0.0,6.47903343981105,5.859687394857759,Non-MSI-H
INA,0.0,1.9298774176501698,1.832668636400814,Non-MSI-H
SCGB2A1,0.0,2.234013461275458,2.4702740561662284,MSI-H
ADAMTS12,0.0,6.329339926405427,6.442498614330834,MSI-H
SFRP5,0.0,1.6448196517613831,0.9677113815346258,Non-MSI-H
ZNF418,0.0,2.6301355735477183,2.2704221594796006,Non-MSI-H
LINC00520,0.0,1.999821407053515,2.2946005627680357,MSI-H
BMS1P10,0.0,2.679394816762721,2.446779893659895,Non-MSI-H
AOC3,0.0,6.22362886909327,6.057635109211803,Non-MSI-H
HP,0.0,1.4973403690185543,1.5798321313311854,MSI-H
CRIP3,0.0,2.428071035938393,1.957751907580183,Non-MSI-H
FCAR,0.0,2.046493740524661,2.922719841960504,MSI-H
PENK,0.0,1.6755871983044262,1.2620089488561221,Non-MSI-H
LINC02701,0.0,2.7179502545793013,2.595681231034722,Non-MSI-H
KLHL34,0.0,2.12744291521523,0.9234596374391371,Non-MSI-H
BNIP3P11,0.0,2.758773259312434,2.117005805309093,Non-MSI-H
EPHA1-AS1,0.0,2.321750347851605,2.454969359998644,MSI-H
ZNF32-AS2,0.0,2.785427046433155,2.3561901520101265,Non-MSI-H
ABCG8,0.0,1.9855987672607294,2.5849510829334674,MSI-H
FCGR2A,0.0,6.305739690370893,6.985916982489697,MSI-H
FLT3,0.0,2.4220809999044803,2.329271639467845,Non-MSI-H
FCRL1,0.0,1.8194359216447475,1.7965603592842523,Non-MSI-H
HORMAD1,0.0,1.6867790128564373,1.4769044897040666,Non-MSI-H
ZNF192P1,0.0,2.4813001857363655,2.8471194554740884,MSI-H
SLC16A8,0.0,2.560317739525319,2.6079780058795627,MSI-H
NECTIN3,0.0,6.548479077545519,6.432822281647473,Non-MSI-H
PACSIN1,0.0,2.609502446521043,2.696712286053095,MSI-H
RSPO2,0.0,2.2126541946463796,1.4951550290061677,Non-MSI-H
LINC02453,0.0,2.8299120356768817,2.4824043487557437,Non-MSI-H
RPS4XP8,0.0,1.9596280794290064,1.7204568217574387,Non-MSI-H
SLC22A3,0.0,6.719151191236585,5.631950466486808,Non-MSI-H
CPNE9,0.0,2.7658978507847367,2.073266326493533,Non-MSI-H
ADAMTS18,0.0,2.318191491235362,1.9104030527665943,Non-MSI-H
LOC100418723,0.0,2.4199658730124223,2.6601356156733784,MSI-H
SCRG1,0.0,1.7795965313607418,1.526231484284581,Non-MSI-H
TCEAL2,0.0,1.6606924190521073,1.3744148083257208,Non-MSI-H
ZNF257,0.0,2.1172362996615415,1.9792149439202469,Non-MSI-H
CCK,0.0,0.8334855816857679,2.367878089092804,MSI-H
ATP6V1B1,0.0,2.3456534645326634,2.54418942955611,MSI-H
BEND5,0.0,2.64219036709253,2.786589185093339,MSI-H
NT5DC4,0.0,2.59154693609479,2.1197915048283087,Non-MSI-H
ANKFN1,0.0,2.3274398673037724,1.9438136614028332,Non-MSI-H
ABCD2,0.0,2.4274830502740934,2.838010198177811,MSI-H
SMC1B,0.0,2.009693254655437,2.1199477669812694,MSI-H
GPR17,0.0,2.5110880403396028,1.7500739923139614,Non-MSI-H
TTC6,0.0,2.5018005629088464,2.498860925078229,Non-MSI-H
GRASLND,0.0,2.594327913783554,2.811963817460167,MSI-H
HLTF,0.0,6.442204363402842,6.134134301770238,Non-MSI-H
FAM131C,0.0,2.541898533624956,2.8992814784372767,MSI-H
LOC107985216,0.0,2.4990552282020855,2.6808315305892574,MSI-H
IGHV1-45,0.0,1.9399143740247662,1.8655819694717273,Non-MSI-H
PDE3A,0.0,6.268351969232153,5.303505401135723,Non-MSI-H
MRO,0.0,2.3375054716000725,2.7020182706417337,MSI-H
POU4F1,0.0,2.3340116755518943,1.2087794798072633,Non-MSI-H
CYTL1,0.0,2.437063994593533,2.805204559910529,MSI-H
SLC5A12,0.0,2.112027893711228,1.296401970463433,Non-MSI-H
PCDHAC2,0.0,2.3492449731470955,2.3327840687303945,Non-MSI-H
LINC01252,0.0,2.630081842495605,2.1949238788077574,Non-MSI-H
DBH,0.0,1.991753366342612,2.059350277878049,MSI-H
AMDHD1,0.0,2.5533862575121997,2.628201739733987,MSI-H
ZPLD2P,0.0,2.477478724374853,1.3997037041901128,Non-MSI-H
CAMK2B,0.0,2.106367544186163,1.869459949350744,Non-MSI-H
HSD3B1,0.0,2.2323460298674025,1.2964802326901113,Non-MSI-H
CCDC148,0.0,2.6458766017412336,2.7795389508527912,MSI-H
SUGT1P4-STRA6LP,0.0,2.550433625080714,2.141616683235852,Non-MSI-H
DISP3,0.0,2.4821873019738026,2.6147033662683428,MSI-H
FAM90A1,0.0,2.2204433878082743,2.1152519073358005,Non-MSI-H
TBX1,0.0,2.41299335262324,2.5226844560579,MSI-H
C1GALT1C1L,0.0,2.6580114724081474,1.5774697265267563,Non-MSI-H
HNRNPA1P27,0.0,2.676987728654571,2.3295393609867094,Non-MSI-H
DNAAF4,0.0,2.6298610825841298,3.009656042818092,MSI-H
GOLGA6L4,0.0,2.731609323400891,2.731325671620378,Non-MSI-H
MIR559,0.0,2.6188982915825685,2.112009221552298,Non-MSI-H
KCNB1,0.0,2.039187445509292,1.5354042373795997,Non-MSI-H
RPL34P31,0.0,1.769395467321921,1.6796830613421538,Non-MSI-H
ADAMTS1,0.0,6.3938153895775525,6.320354774046569,Non-MSI-H
HTR2A,0.0,2.325988471857983,2.2745870624237017,Non-MSI-H
ARL9,0.0,2.343449082566054,2.8214913204562984,MSI-H
CCDC154,0.0,2.5969182039519536,2.286050465766245,Non-MSI-H
MIR3189,0.0,2.5840168431513155,2.0019312079675724,Non-MSI-H
GALNT13,0.0,1.4499641077479004,1.8882412713711876,MSI-H
AHSG,0.0,1.552729139767029,1.1766575235710715,Non-MSI-H
MANCR,0.0,2.2933770273014757,1.8363227398511361,Non-MSI-H
SUSD4,0.0,2.374914166894206,2.4229591822623453,MSI-H
ADARB2,0.0,2.6284506645242236,1.7938918264052248,Non-MSI-H
AJAP1,0.0,2.516337081363973,2.804336988302882,MSI-H
RLN1,0.0,2.6910144441893897,1.840668637058393,Non-MSI-H
SEMA3E,0.0,1.6409177139538722,1.4491038181155573,Non-MSI-H
UPK1A,0.0,1.5856395320514278,1.352547853554212,Non-MSI-H
ACOXL,0.0,2.437009360539932,3.09327442112104,MSI-H
DPY19L2,0.0,2.212668374366126,2.6224027370143927,MSI-H
SECTM1,0.0,6.164894363640633,7.151533682037791,MSI-H
LINC01842,0.0,2.505934320263353,2.5957709518734453,MSI-H
RBM20,0.0,2.4535982801461618,2.1717661418770366,Non-MSI-H
SLAMF9,0.0,2.2752195188303603,2.663581140769053,MSI-H
MPPED2,0.0,2.4571253018119594,2.137225605819166,Non-MSI-H
DELEC1,0.0,2.466948655519578,1.3303333322990682,Non-MSI-H
GPR1,0.0,2.4083927419185214,2.1619489780292054,Non-MSI-H
S100A5,0.0,2.600922917488473,2.788267091170844,MSI-H
HSD17B3,0.0,2.5199060888280855,2.45827535705419,Non-MSI-H
SEC14L5,0.0,2.527624261699846,2.579491456232615,MSI-H
KLK14,0.0,2.1750041677790906,1.9440386004001913,Non-MSI-H
IGLV3-25,0.0,5.399044343702984,5.709943114269631,MSI-H
IGKJ5,0.0,1.9051651622095875,1.8674284415062126,Non-MSI-H
IGLON5,0.0,2.2817036175207535,2.5582167724103213,MSI-H
NKAIN4,0.0,2.438854643273934,2.001055174233236,Non-MSI-H
LINC00173,0.0,2.3928450068649973,2.4485840022728507,MSI-H
CAPN14,0.0,1.9410980546248777,2.6108724721556333,MSI-H
RPRM,0.0,2.314116581200372,0.8801190967476255,Non-MSI-H
TPBGL,0.0,2.479737524624273,2.674863557700842,MSI-H
KIRREL3,0.0,2.4136241592899412,2.7918736200748824,MSI-H
VTCN1,0.0,1.569055746751986,2.346436053471909,MSI-H
GRIK2,0.0,2.329941151960607,2.172130769700526,Non-MSI-H
ADH1C,0.0,5.843051649650643,5.0340790476822965,Non-MSI-H
CFH,0.0,6.330058098412568,6.483203992621504,MSI-H
VNN3,0.0,2.0117267083143147,2.7493153147105147,MSI-H
TSLP,0.0,2.6466739635488845,2.4817568127986838,Non-MSI-H
LOC101928424,0.0,2.7938060887974165,2.1094003576343847,Non-MSI-H
SCAT1,0.0,2.4988908201686884,2.6202713776325335,MSI-H
CCR8,0.0,2.425213099515604,2.7583804651735693,MSI-H
RPSAP71,0.0,1.9068105850412855,0.4622812309546807,Non-MSI-H
CXCL12,0.0,6.410503254120666,6.198505492688714,Non-MSI-H
LAPTM4B,0.0,8.752007196187217,7.510771067157633,Non-MSI-H
ACTA2,0.0,8.501373618825298,8.2949103799921,Non-MSI-H
CFTR,0.0,8.796591892496231,6.992317502336548,Non-MSI-H
POSTN,0.0,8.026272482962888,8.589758908425237,MSI-H
TIMP2,0.0,8.549125907481985,8.560058580587002,MSI-H
C1R,0.0,8.29676567188399,8.28379761780706,Non-MSI-H
MTCO1P12,0.0,7.59964020127162,7.320737295980962,Non-MSI-H
PHGR1,0.0,8.344350225879474,7.3762597535202294,Non-MSI-H
ZCCHC24,0.0,6.556466914812204,6.020136549275048,Non-MSI-H
RPL39,0.0,8.402258125680154,7.838736899164732,Non-MSI-H
CEACAM7,0.0,7.595584843403816,6.622990854710096,Non-MSI-H
CEMIP,0.0,8.405909835215272,7.953222855236546,Non-MSI-H
ZDHHC2,0.0,6.431027373846886,6.483328868473312,MSI-H
THBS2,0.0,7.816293298540173,8.054816234173469,MSI-H
BAALC,0.0,2.5379145456977725,2.4670221568511392,Non-MSI-H
CASP16P,0.0,2.4838916543589686,2.6180909941832424,MSI-H
RNASE2,0.0,2.498188198111146,2.770305322952623,MSI-H
TNN,0.0,2.6003503015814933,2.1762722681480864,Non-MSI-H
HOXD1,0.0,2.17894460853529,2.9038975777620717,MSI-H
SYT5,0.0,2.036047774173462,2.5806208071005594,MSI-H
LGSN,0.0,1.0398851297547609,1.0055888444132501,Non-MSI-H
UGT1A1,0.0,1.7082235719998455,2.684367903337129,MSI-H
DCSTAMP,0.0,2.0608197572395985,2.364481824517774,MSI-H
PAX8-AS1,0.0,5.7741719256962725,5.548301212632593,Non-MSI-H
LOC105375519,0.0,2.6179908799673606,2.7550395032252455,MSI-H
ACTBP12,0.0,1.049232342393462,1.1524690044295158,MSI-H
ADAMTS4,0.0,6.3159700219324195,6.615010074701345,MSI-H
RPL10AP12,0.0,1.4411507677865347,1.3801407772908123,Non-MSI-H
SLC14A2,0.0,1.5902066232065402,1.5717095453251753,Non-MSI-H
ADAMTS19,0.0,1.6397791400150017,1.5397700704512371,Non-MSI-H
LINC00607,0.0,1.7963991788595097,1.3017900690851547,Non-MSI-H
CAMK2N2,0.0,2.0827823606684412,3.1075756000162142,MSI-H
RPS8P9,0.0,2.0978024643503597,2.10255979642796,MSI-H
KRT6C,0.0,0.9916140387219877,1.1039458315060113,MSI-H
STOML3,0.0,2.4183226356499903,1.3475108292747162,Non-MSI-H
IRAG1,0.0,6.440200312146268,5.986133598226064,Non-MSI-H
TBX20,0.0,1.9243565996590535,1.2614730189485603,Non-MSI-H
IGLV3-16,0.0,1.893530071634848,2.0537082247998772,MSI-H
OPCML,0.0,2.438085255688918,1.7407159929036526,Non-MSI-H
TMEM59L,0.0,2.2417039512477532,1.959683801820615,Non-MSI-H
NEUROG2,0.0,1.6172662419105281,0.26533794453290044,Non-MSI-H
NYAP1,0.0,2.587370461751472,2.7321635105071125,MSI-H
IZUMO2,0.0,2.0612035242290427,0.7071650863538871,Non-MSI-H
CRYBA2,0.0,1.7091206459082988,2.54536228555206,MSI-H
PTH1R,0.0,2.533203244838374,2.2070918747887087,Non-MSI-H
TACR1,0.0,2.020599720955846,1.8545010097174552,Non-MSI-H
HSPB3,0.0,1.640228574448042,0.5363937120768282,Non-MSI-H
EEF1A1P16,0.0,2.651064425956123,2.6602936812408404,MSI-H
ENHO,0.0,2.590822326229108,2.3347381749658043,Non-MSI-H
LOC101929759,0.0,2.47534377894967,2.4624087567738457,Non-MSI-H
GLIS1,0.0,2.605728480614236,2.276683129341108,Non-MSI-H
DIAPH2-AS1,0.0,1.6803298410921603,1.948672183194885,MSI-H
LOC101928797,0.0,2.0459166809794502,1.458909653354427,Non-MSI-H
EMBP1,0.0,2.1084997184873977,2.15228094290581,MSI-H
ASPA,0.0,2.40787294166424,2.462992086245346,MSI-H
PWWP3B,0.0,1.751655398130952,1.1764157847944938,Non-MSI-H
PSORS1C2,0.0,2.164311045994035,1.7035755584311938,Non-MSI-H
LOX,0.0,6.217486730044633,6.532928911899262,MSI-H
ADAMDEC1,0.0,6.288397422227705,6.186656795607002,Non-MSI-H
ANAPC1P4,0.0,2.631350272059947,2.616625889803855,Non-MSI-H
RAB39A,0.0,2.1796601871360997,2.216106454576109,MSI-H
RAB39B,0.0,2.4269916340688935,2.6744926866520546,MSI-H
CCDC175,0.0,2.4930209070606235,1.3573674727153024,Non-MSI-H
KLHDC7B-DT,0.0,2.49284781649212,2.875221201611651,MSI-H
LOC105370401,0.0,1.9109984527019954,1.6000091943901185,Non-MSI-H
TAF5LP1,0.0,2.5109577006999295,2.838064479791575,MSI-H
PRDM16-DT,0.0,2.1852821500015343,2.61456731235064,MSI-H
RAB40A,0.0,2.6054005849903223,2.241048127421424,Non-MSI-H
MPEG1,0.0,6.294544307653908,6.65082686599234,MSI-H
FGF14,0.0,2.0368808606994064,2.092314180898639,MSI-H
IGFBPL1,0.0,2.0369580264651344,1.4165088590352386,Non-MSI-H
LINC02473,0.0,2.3026607632593175,1.606232901534905,Non-MSI-H
WTAPP1,0.0,2.3900131214871445,2.2869290223464014,Non-MSI-H
LINC02251,0.0,2.355627598241225,0.7869874708603408,Non-MSI-H
VSIG2,0.0,5.7584087403318,5.353452583892595,Non-MSI-H
LINC01550,0.0,2.0855344466387433,2.9269096925395788,MSI-H
LOC283194,0.0,2.3603704383154716,1.5186270828412818,Non-MSI-H
MTATP6P2,0.0,1.615994831575853,1.477347079317699,Non-MSI-H
WSCD2,0.0,1.8392392163761166,1.793734388404752,Non-MSI-H
PYGL,0.0,6.861592350457739,7.197050834596669,MSI-H
CDH22,0.0,0.9881187469207167,0.8745078303026247,Non-MSI-H
PRDM13,0.0,1.950280084899153,0.862052764940464,Non-MSI-H
MAL,0.0,2.400671967725109,2.466620262764368,MSI-H
STAP1,0.0,2.3353773165582585,2.3263171698852165,Non-MSI-H
TMEM169,0.0,2.574288243906417,2.3202593776978624,Non-MSI-H
LOC101929657,0.0,2.6620791885008863,1.8507175959481834,Non-MSI-H
RBFOX1,0.0,1.9383997712605998,0.7279899708599763,Non-MSI-H
PTPRZ1,0.0,1.8388277060751577,1.4799751713031686,Non-MSI-H
MIR4653,0.0,2.642527339482342,2.2877168705466957,Non-MSI-H
IL10,0.0,2.3856782754645796,2.7175124384665126,MSI-H
LOC643201,0.0,2.125007136319299,2.7690150994569174,MSI-H
IGKV1D-43,0.0,1.7221876392769975,1.526479497906874,Non-MSI-H
LINC01146,0.0,2.12303462459811,2.1187319084197,Non-MSI-H
GLT1D1,0.0,2.1784518220827516,2.8541129984588975,MSI-H
CYP27C1,0.0,2.384382658123798,2.18805244875195,Non-MSI-H
EMX2OS,0.0,1.4026939793157212,1.2488735518184868,Non-MSI-H
ZNF793-AS1,0.0,2.356753094105529,1.580364314247139,Non-MSI-H
PPEF1,0.0,2.5325073896103545,2.6703218683142764,MSI-H
CXorf65,0.0,2.5763331364797546,2.240464277729857,Non-MSI-H
GABRR1,0.0,1.4553143899317638,0.866240174684095,Non-MSI-H
C8orf31,0.0,2.428844010943714,2.4589580667364426,MSI-H
CES1P1,0.0,1.636763528168201,0.7146794458966357,Non-MSI-H
LMOD3,0.0,2.423430628703748,1.4896135420370258,Non-MSI-H
ANO1,0.0,6.646135544323798,7.592990547068011,MSI-H
IGDCC3,0.0,1.1491525818984711,0.7140053071891055,Non-MSI-H
MTATP8P1,0.0,2.239656377093883,1.8044856186354028,Non-MSI-H
GRK1,0.0,2.292216805772421,0.8809300023088008,Non-MSI-H
TRIM34,0.0,2.698579485271376,2.4559851065703047,Non-MSI-H
FUT6,0.0,7.123988218696862,6.716911885336946,Non-MSI-H
EEA1,0.0,7.107749011451295,6.729522225396241,Non-MSI-H
HOXC9,0.0,1.726319862104309,2.903260890566417,MSI-H
LOC440300,0.0,2.492146209338457,2.4812549159394237,Non-MSI-H
GNGT1,0.0,2.084368131425907,1.1895253760728906,Non-MSI-H
TTLL10,0.0,2.4548664205952346,2.087751898701536,Non-MSI-H
CXCL5,0.0,5.098771421489933,5.854958528774329,MSI-H
RPS13P8,0.0,1.6054650438947464,1.5171538908025612,Non-MSI-H
HSD3B2,0.0,1.2753055309045394,1.1511665064617027,Non-MSI-H
FAM66C,0.0,2.5396680627927926,2.0116524488338134,Non-MSI-H
LY6H,0.0,2.2719309283300717,2.6923917389967142,MSI-H
RPS4XP3,0.0,2.2183930339628253,2.0492336083501534,Non-MSI-H
SVOP,0.0,1.506504694289368,1.6265617710081441,MSI-H
GPR150,0.0,2.5658872052314083,1.7678548053367698,Non-MSI-H
TENM1,0.0,1.6495348434142552,1.5476777208333865,Non-MSI-H
PAK3,0.0,2.361871067662894,1.8706356167430154,Non-MSI-H
FOXN1,0.0,2.1299439608676534,1.5638916335679722,Non-MSI-H
TUBB4A,0.0,2.076810870280778,2.13505177796734,MSI-H
VN1R83P,0.0,2.4380710500225318,1.8594396320425797,Non-MSI-H
IL17C,0.0,1.760595381598159,2.373928001995656,MSI-H
CDKL2,0.0,2.4475796824774454,2.1478364696416756,Non-MSI-H
RUFY4,0.0,2.3989932527153583,2.658513748102239,MSI-H
SLCO1A2,0.0,1.577969000108575,1.2554088758907875,Non-MSI-H
PARP4P1,0.0,2.0340160724072907,1.8098322344699795,Non-MSI-H
MYH4,0.0,1.8722337261890307,1.6466004918487185,Non-MSI-H
TCEAL9,0.0,6.997068203234191,6.877306155180777,Non-MSI-H
EFHC2,0.0,2.2559912948593186,2.107416237288324,Non-MSI-H
SHANK1,0.0,2.3609448847773407,2.5005504537787058,MSI-H
PLEKHG4B,0.0,1.9154105327504412,2.1870423624543953,MSI-H
DEFA6,0.0,4.528565936777069,3.1317638301826514,Non-MSI-H
ARHGAP40,0.0,1.455180706380927,1.507922686633251,MSI-H
NRXN1,0.0,1.5590566699656505,1.2777067972511784,Non-MSI-H
ADAM11,0.0,2.289549932698933,2.7530410672056367,MSI-H
DNAH9,0.0,2.3817019947254927,2.152967889416117,Non-MSI-H
LOC101929718,0.0,2.4776006102208643,1.8747856956481352,Non-MSI-H
EXTL3-AS1,0.0,2.4914128622692373,2.136055667805371,Non-MSI-H
CCL24,0.0,6.8538847269334,6.200162614035318,Non-MSI-H
NPIPB2,0.0,2.3357647148489735,2.367693173737546,MSI-H
SH2D7,0.0,2.343907985065337,2.1585357191620895,Non-MSI-H
TTC16,0.0,2.4376069369772226,2.018823293845177,Non-MSI-H
CHODL,0.0,2.2960611630944294,1.4415690352246726,Non-MSI-H
ACAD11,0.0,2.5402206967481473,2.3833822485035143,Non-MSI-H
PKD1L3,0.0,2.1642747364128243,2.136759952546609,Non-MSI-H
HAMP,0.0,2.2291866964304616,2.3930351958857985,MSI-H
NDUFAF2P1,0.0,2.5055003399654923,2.2613811424204164,Non-MSI-H
DCT,0.0,1.3678077731273621,1.11106631676812,Non-MSI-H
LRRN4,0.0,2.2908795745380512,1.9555718854214676,Non-MSI-H
CYBB,0.0,6.632959030757704,7.150476695936272,MSI-H
STXBP5L,0.0,1.5802992835761482,0.9968360726541176,Non-MSI-H
NRP2,0.0,6.816017949825003,6.719773260150998,Non-MSI-H
SLITRK4,0.0,1.6419807798761774,1.9639534563002603,MSI-H
LOC732229,0.0,2.5386365467729473,2.383688597620568,Non-MSI-H
STPG3-AS1,0.0,2.405755302221844,1.9797273749232926,Non-MSI-H
SESN3,0.0,6.887244358796844,6.3472439685372315,Non-MSI-H
LINC00622,0.0,2.444700845733005,2.2576371110992293,Non-MSI-H
LRRC55,0.0,2.3275829270754747,2.2730770204334387,Non-MSI-H
GJB7,0.0,1.1265567418289608,1.1763154417933837,MSI-H
PRSS35,0.0,2.3644591863028164,2.5911796416063804,MSI-H
LOC100422204,0.0,2.274695667442761,2.3948464067651556,MSI-H
RPL9P7,0.0,2.584969334757232,2.492990480007529,Non-MSI-H
MAGEL2,0.0,2.2704150773003406,2.0063391070469403,Non-MSI-H
STPG3,0.0,2.4248065748532404,1.7789466022667062,Non-MSI-H
SEZ6L,0.0,1.6663189996689947,1.1281216205639961,Non-MSI-H
LOC440173,0.0,1.7543391455053574,1.5310307014145108,Non-MSI-H
IGHV4-39,0.0,5.774216625905341,5.947641893330323,MSI-H
RPL7P6,0.0,2.527602018307301,2.35359965954929,Non-MSI-H
TTTY14,0.0,1.5186485356700574,1.0696972761384889,Non-MSI-H
LOC642366,0.0,1.9319941498864326,2.441509843506337,MSI-H
CCDC141,0.0,1.786203867246653,2.374048242146566,MSI-H
CPA4,0.0,2.1039554631775728,1.5036393142407023,Non-MSI-H
MIOX,0.0,1.7973456859030412,2.2994213534933268,MSI-H
TCAM1P,0.0,1.0901085269166229,1.3347936133326461,MSI-H
EGFR-AS1,0.0,1.7632127098313162,1.0266187889013652,Non-MSI-H
IGLV3-12,0.0,1.5491221421026644,1.683628719781038,MSI-H
LINC01807,0.0,1.872254869809058,0.7451794006736912,Non-MSI-H
COL5A3,0.0,6.347263433250802,6.575029294640008,MSI-H
CCR3,0.0,2.3080817951903536,2.035593520388462,Non-MSI-H
RPS5P8,0.0,1.6047326325423343,1.6188164641346376,MSI-H
GABRB1,0.0,1.9230052763763688,1.6414671930768003,Non-MSI-H
EPHA8,0.0,1.0033500702772549,0.969076819360831,Non-MSI-H
MYO18B,0.0,1.9657424555520235,1.2162099624195393,Non-MSI-H
GPR141,0.0,2.139142091722981,2.6657489718138523,MSI-H
SLC30A10,0.0,1.7686070901592792,1.2157168520940254,Non-MSI-H
GPR174,0.0,2.0911146620308783,2.558092271800639,MSI-H
AMIGO2,0.0,6.501272855441871,6.097013930361241,Non-MSI-H
CYP4F12,0.0,6.599932948782157,5.591792680732833,Non-MSI-H
TIMD4,0.0,2.089312059387552,1.6254428495835709,Non-MSI-H
VGLL1,0.0,1.3158175393529015,0.6337272757651983,Non-MSI-H
LINC01197,0.0,2.401355390014134,2.138145481158322,Non-MSI-H
XCL1,0.0,2.03970208738316,2.1374100519167283,MSI-H
ZNF726,0.0,2.1819527916564168,2.1506511784816045,Non-MSI-H
FGL1,0.0,0.7068895235163564,1.767690669720907,MSI-H
VRTN,0.0,1.6380977107438601,2.279829891408264,MSI-H
LRRC4C,0.0,1.9297108897135804,1.8434591478376978,Non-MSI-H
TNFRSF13B,0.0,2.1729354999147334,1.9248313569447446,Non-MSI-H
LINC01169,0.0,1.5532432865830164,1.0877929826541413,Non-MSI-H
DPP6,0.0,1.9101679810278651,1.5878348920792225,Non-MSI-H
CNDP1,0.0,1.56009318992632,1.9104212197781991,MSI-H
MAPK4,0.0,1.767320271422878,1.715193981212272,Non-MSI-H
HBA1,0.0,1.5656413001627254,1.8451642892009297,MSI-H
C8orf88,0.0,2.2909206788706133,1.9691068293894998,Non-MSI-H
RIMS2,0.0,1.0775091072225254,1.0629945989111589,Non-MSI-H
CCL17,0.0,2.2330093645075886,2.2885732721720977,MSI-H
ATE1-AS1,0.0,2.4010417284991323,1.871292917821126,Non-MSI-H
IP6K3,0.0,2.5244221075472693,1.8645269955982577,Non-MSI-H
ZEB2,0.0,6.185262780807185,6.296167340122513,MSI-H
NAT8,0.0,1.4651013471513334,1.219667516487509,Non-MSI-H
PAX4,0.0,1.0298324860270396,1.3708720309910738,MSI-H
LINC00958,0.0,1.7431750565273938,1.2951677667769863,Non-MSI-H
KCNT2,0.0,2.176519618200917,1.879189527950121,Non-MSI-H
VSIG8,0.0,2.2088590454226993,2.25167112859695,MSI-H
RPL27P11,0.0,1.6973704606688977,1.616039041779693,Non-MSI-H
CYP26A1,0.0,1.8800132077413,1.4688171688830205,Non-MSI-H
LOC101928978,0.0,2.219116299243309,1.248506370850529,Non-MSI-H
PTPRG-AS1,0.0,2.0379130166960806,1.6285132641924365,Non-MSI-H
IGKV2D-24,0.0,1.7841987320440518,1.557929721284626,Non-MSI-H
CACNA1C-AS1,0.0,2.4465043008963843,1.9603091736731353,Non-MSI-H
THSD7B,0.0,1.534972961574626,1.0046807159045195,Non-MSI-H
SULF1,0.0,8.331277438427515,8.523812194742256,MSI-H
TAGLN,0.0,8.480347585459068,8.312355301511873,Non-MSI-H
ALPK3,0.0,5.983418372039079,5.045064759331032,Non-MSI-H
GPA33,0.0,8.900311919069607,8.28257066308571,Non-MSI-H
CLDN2,0.0,7.870571672916188,7.552606583615728,Non-MSI-H
MTND2P28,0.0,8.351938069862726,7.833935721954534,Non-MSI-H
GGT5,0.0,6.361417107684366,6.3656474555777685,MSI-H
HMGCS2,0.0,8.149263051231276,6.250195971356761,Non-MSI-H
DES,0.0,7.0039448036406995,6.093659492548945,Non-MSI-H
REG3A,0.0,5.215950364290846,6.455078015417679,MSI-H
MYL9,0.0,8.419180913706214,8.057887990624824,Non-MSI-H
DCN,0.0,8.354394116396403,8.321957836525893,Non-MSI-H
C1S,0.0,8.460269386243652,8.391815179091875,Non-MSI-H
IGHG3,0.0,7.447490018494576,7.775503889016884,MSI-H
LINC01730,0.0,2.3168950422920314,2.1077333861070437,Non-MSI-H
MUC6,0.0,2.742507064636748,5.253216492849066,MSI-H
PDLIM3,0.0,6.257111658487742,5.94956226544724,Non-MSI-H
EDIL3,0.0,6.498803991911727,6.098982553615604,Non-MSI-H
MIR4292,0.0,2.5852859307646106,2.0510834033060967,Non-MSI-H
DLX1,0.0,1.4792311755559582,1.779417914974563,MSI-H
CCDC144A,0.0,1.2249070802000572,1.2748281678721978,MSI-H
IGF2-AS,0.0,1.3329481293940373,0.7268077998422505,Non-MSI-H
KIF6,0.0,2.2137706044701617,1.366809731965931,Non-MSI-H
CYP2T3P,0.0,2.506407337080678,1.7535892177837922,Non-MSI-H
PCP4L1,0.0,1.9748701721594466,1.321154742768846,Non-MSI-H
RNASE7,0.0,2.023622137743859,1.8486745606729995,Non-MSI-H
LINC00639,0.0,2.374764159379441,1.5569794999665478,Non-MSI-H
MTUS2,0.0,2.1036819526558923,2.695963169530305,MSI-H
NBPF4,0.0,1.953320167023471,1.2770062163389717,Non-MSI-H
TMEM92-AS1,0.0,2.3370724478422553,2.605384264658878,MSI-H
NSG2,0.0,1.8484663016567706,1.4308119400570705,Non-MSI-H
CARTPT,0.0,1.4638870193305202,0.5999582304797672,Non-MSI-H
MYO3A,0.0,1.4697862674836488,1.3930962622389211,Non-MSI-H
APELA,0.0,2.34715738236445,1.9406937303425824,Non-MSI-H
TPPP3,0.0,6.409924923796372,5.816374731067612,Non-MSI-H
RGR,0.0,1.385969177272288,0.7287498726474471,Non-MSI-H
LINC01915,0.0,2.4970573504130127,2.106132922989426,Non-MSI-H
NAP1L2,0.0,2.1548537884321526,1.8520987548165115,Non-MSI-H
GFAP,0.0,2.051857281771979,1.9649848819267886,Non-MSI-H
RDH12,0.0,2.499669779636902,1.753234101253893,Non-MSI-H
LINGO3,0.0,2.266502551494523,1.9791482905855573,Non-MSI-H
KRT8P7,0.0,2.3649630373985735,2.463009084959065,MSI-H
PGAP1,0.0,6.45414062011383,6.325071109406043,Non-MSI-H
GOLGA8N,0.0,2.3139828650550744,2.07629229994163,Non-MSI-H
HOXD3,0.0,2.1486896468478087,2.8111412940353184,MSI-H
POPDC3,0.0,1.8788499715678653,2.186482243974238,MSI-H
MANEA-DT,0.0,2.3776017716333904,1.9918156993603693,Non-MSI-H
AZGP1P1,0.0,2.24960226949022,1.2036334656625505,Non-MSI-H
FAM163A,0.0,2.4368513216677443,1.6521020844199132,Non-MSI-H
CLDN6,0.0,1.4740650335202081,1.1318774463383479,Non-MSI-H
IGKV2-28,0.0,1.2837751700865443,1.3258994459907871,MSI-H
CRACR2A,0.0,6.405037148734302,6.434311447773043,MSI-H
CFAP46,0.0,1.6335046574245393,2.877896810472559,MSI-H
MIR200A,0.0,2.3309116175071445,1.4658521584357311,Non-MSI-H
CLNK,0.0,2.2173105128212414,2.64447168527708,MSI-H
NTRK1,0.0,2.243924437982232,2.5616883901664624,MSI-H
S100A12,0.0,1.741006960121619,2.406545259437294,MSI-H
FXYD2,0.0,1.9438162249789182,1.9067614584160535,Non-MSI-H
NLRP11,0.0,2.124558489658019,1.8664592117837364,Non-MSI-H
VIT,0.0,2.005788839118094,2.660820262283008,MSI-H
DOCK8-AS1,0.0,2.0245610024921006,2.7141253688678004,MSI-H
TDRD9,0.0,2.0034804336216423,2.1934592919547065,MSI-H
GPS2P1,0.0,2.224164034493051,2.4257866746762287,MSI-H
NPY4R,0.0,2.2591613497194767,1.5258491338810716,Non-MSI-H
CHRNB4,0.0,2.277179158669259,2.246220584482501,Non-MSI-H
PCDHA10,0.0,2.01937415177507,2.1021087037140185,MSI-H
TMEM52B,0.0,2.063552900204567,2.3537893963673087,MSI-H
FAM221B,0.0,2.368158591687137,1.6764883595148143,Non-MSI-H
C19orf18,0.0,2.261335458961598,1.093231021603017,Non-MSI-H
JPH3,0.0,2.003872097699192,1.615074779501537,Non-MSI-H
NDST3,0.0,2.3099624931888587,1.8488458370789156,Non-MSI-H
LOC105372321,0.0,2.1951336173795726,1.5533329645950964,Non-MSI-H
LINC02449,0.0,2.2144740631114814,2.195126160852634,Non-MSI-H
PDE9A,0.0,6.4489819718479415,5.973141514491057,Non-MSI-H
PRRX1,0.0,5.970302236280086,6.41982423295733,MSI-H
MLC1,0.0,2.2728658312655887,2.108229564849722,Non-MSI-H
JAKMIP3,0.0,2.2061329490058297,2.8084148381132343,MSI-H
EEF1DP5,0.0,1.0657625491748197,0.8603215190754442,Non-MSI-H
ELAVL4,0.0,2.05605281346821,2.1301779848763207,MSI-H
LOC101927708,0.0,2.5133508404029605,1.936389094940878,Non-MSI-H
FREM1,0.0,5.812212178147395,4.441560423726983,Non-MSI-H
LINC02826,0.0,1.1102287651928118,2.3301409474326817,MSI-H
CPEB1,0.0,2.151841396577003,1.9216099759444352,Non-MSI-H
IFNG,0.0,1.8036567995080464,2.9941070483051306,MSI-H
DCC,0.0,2.120982411027991,1.6158371807323826,Non-MSI-H
DNAH12,0.0,2.1903825494964173,2.0490805741773204,Non-MSI-H
IGHV3-71,0.0,1.813569302166754,1.6657508593606505,Non-MSI-H
IL7R,0.0,6.167537846525048,6.392975051332072,MSI-H
PABPC5,0.0,2.3072215672045013,2.1568045585902627,Non-MSI-H
PNMA6A,0.0,2.032517056869926,1.8413106154791878,Non-MSI-H
FAM183A,0.0,2.062046933684269,1.4690503870563056,Non-MSI-H
LINC01152,0.0,2.045777589962371,1.6079339139690416,Non-MSI-H
HSD52,0.0,1.7077567461472958,0.6895664278257218,Non-MSI-H
LINC01237,0.0,2.375109608521396,1.9595958532370854,Non-MSI-H
TAS2R38,0.0,2.3402623576975787,1.79128247791406,Non-MSI-H
RPS15AP12,0.0,2.4290132303461482,2.237816780613939,Non-MSI-H
TEX41,0.0,1.6545104939818847,1.6130044549998703,Non-MSI-H
PLCXD3,0.0,1.2705055925553486,1.7943835826501853,MSI-H
CAMK2A,0.0,2.168132692228063,2.3657351383478398,MSI-H
RNF165,0.0,1.9086975660867076,2.266950194323728,MSI-H
IL17A,0.0,1.9687110303440731,1.3243321753076531,Non-MSI-H
ANKRD18B,0.0,1.4912810073270935,1.3683832797141957,Non-MSI-H
ECRG4,0.0,1.9025705694245851,1.1965018987870568,Non-MSI-H
TAFA1,0.0,2.0383056767944048,2.1932536543854564,MSI-H
PCDHGB1,0.0,1.6843410683060362,2.1925460549263707,MSI-H
PROZ,0.0,2.336909305605092,1.9336239256885217,Non-MSI-H
MSLNL,0.0,1.5012738804412211,1.6122015774532679,MSI-H
RP1L1,0.0,2.11594097655845,1.8292302109235812,Non-MSI-H
GJB6,0.0,1.4916062084219466,1.7317870980851158,MSI-H
PCDHGA4,0.0,2.09127463728851,2.385147125058863,MSI-H
NOL4,0.0,1.5166446244802787,1.5782672184024098,MSI-H
ANKRD30B,0.0,1.1575411574028656,1.3584923449556572,MSI-H
KLKB1,0.0,2.21949879400884,2.3923043362467795,MSI-H
PCP2,0.0,2.4033693028603493,1.8960799943565037,Non-MSI-H
IGKV3-15,0.0,5.6223242841872585,5.695034169413597,MSI-H
RFX3-AS1,0.0,2.1509912409123704,2.1035063912983247,Non-MSI-H
KIR2DL4,0.0,1.704293727511924,3.2277520511265996,MSI-H
PPP1R14C,0.0,6.518244793519649,4.992815029999015,Non-MSI-H
IGHV5-78,0.0,2.171975823937491,1.6855723275690744,Non-MSI-H
DAPK1,0.0,6.055282652407422,7.032026711289505,MSI-H
FAM83C,0.0,1.6529264396602088,0.4876977476628548,Non-MSI-H
LDHC,0.0,1.206487579390377,1.0542273002304865,Non-MSI-H
RDX,0.0,6.317486220620407,6.085234422441938,Non-MSI-H
NWD2,0.0,1.9905392923600693,1.7426894404079611,Non-MSI-H
SBSN,0.0,1.478990457768766,1.7240786077333747,MSI-H
ADGRE4P,0.0,1.9715641324602426,2.4639647620995277,MSI-H
SLC6A17,0.0,1.9830731774924963,2.3229273664076633,MSI-H
MYOZ3,0.0,2.2603466400271444,1.7276856866282218,Non-MSI-H
PACRG,0.0,2.3453725317154346,1.4186072444375184,Non-MSI-H
EGR4,0.0,1.926925751492285,1.9330761969713652,MSI-H
RAD51AP2,0.0,2.2614781781361053,2.208641981936126,Non-MSI-H
ZNF532,0.0,6.389015100277537,6.343959670581411,Non-MSI-H
JPH4,0.0,2.1641266307328944,2.131826429286269,Non-MSI-H
RIC3,0.0,1.9254077997287957,1.621507167634011,Non-MSI-H
SLC2A10,0.0,6.3643808047884995,6.517268556779174,MSI-H
FOXD4,0.0,2.127340569053614,2.802110107927048,MSI-H
IGKV1ORY-1,0.0,1.5737598595320108,1.5075461621202388,Non-MSI-H
KRT36,0.0,1.9551968040554433,1.4751829174543982,Non-MSI-H
KIAA2012,0.0,2.3294085722681297,1.3894833180951986,Non-MSI-H
SAMD9,0.0,6.2338483083281755,6.761704630596144,MSI-H
FAM3D-AS1,0.0,2.3861978482635084,1.6686821702564267,Non-MSI-H
MIR181A2HG,0.0,2.1527996545086996,1.7216007195316643,Non-MSI-H
NRAP,0.0,1.7473865644160724,2.2007810049936336,MSI-H
NELL1,0.0,2.0582155320602378,1.1709452059721233,Non-MSI-H
IGHV3-19,0.0,1.8466513473919792,1.5338606938042452,Non-MSI-H
PPP4R4,0.0,1.8429570306918261,2.1363377172273808,MSI-H
PCDHB6,0.0,2.005210134122795,1.6156667524743955,Non-MSI-H
EMX2,0.0,1.070387649957242,0.8417691742301774,Non-MSI-H
SMYD1,0.0,1.681445400868399,0.7928585268870302,Non-MSI-H
IGHV3-41,0.0,1.7774062930402827,1.6413618632477882,Non-MSI-H
MEGF10,0.0,1.9783272386622697,2.3746876428787584,MSI-H
GDF6,0.0,1.7731301836114048,2.06210144724842,MSI-H
LOC101926913,0.0,2.3130467966644783,2.1437993977610246,Non-MSI-H
KRT4,0.0,1.2787249197195254,1.4026198900565594,MSI-H
ANXA8,0.0,0.7598107517120339,1.0874263277297416,MSI-H
NPHS1,0.0,1.929802008642901,1.944405600333989,MSI-H
AMELX,0.0,2.0371104778018525,1.160374450146087,Non-MSI-H
PCDHGB3,0.0,2.050738090902892,2.3307841526873143,MSI-H
SIX3,0.0,1.33105240730922,1.300968861867578,Non-MSI-H
SLC13A5,0.0,1.6665208358820005,1.7033947599942083,MSI-H
MMP2,0.0,8.771309504522828,8.798882422253891,MSI-H
BGN,0.0,8.785347670331891,8.860952027545979,MSI-H
LUM,0.0,8.793118702961612,8.776266357604706,Non-MSI-H
JCHAIN,0.0,8.065751804010239,7.621526546995443,Non-MSI-H
FOS,0.0,8.891344452927227,9.05480292733067,MSI-H
CALD1,0.0,8.478577486173666,8.406110698803834,Non-MSI-H
EPHB3,0.0,8.659156018572865,8.388827544904311,Non-MSI-H
ATP10B,0.0,8.88186941801301,7.77021801437182,Non-MSI-H
IGHG4,0.0,7.44829819251126,7.490612873274583,MSI-H
PMEPA1,0.0,8.824266315273107,7.724658639540064,Non-MSI-H
EGR1,0.0,8.597242222020547,8.218034568177368,Non-MSI-H
RNF186,0.0,6.3664581795342245,5.6125840089375005,Non-MSI-H
C3,0.0,8.210638916482123,8.296068125141828,MSI-H
ART5,0.0,2.1448998091768763,2.011144247424544,Non-MSI-H
SCN2B,0.0,1.9561921326899319,1.2902536891198395,Non-MSI-H
LINC02588,0.0,1.650420708013461,0.8121977554420893,Non-MSI-H
AFP,0.0,1.5959179844211755,1.0692665264022772,Non-MSI-H
LOC100653233,0.0,0.9757950254618639,1.0910861256856121,MSI-H
FAM230I,0.0,1.6370537200878825,1.5116589932318076,Non-MSI-H
PIRT,0.0,1.8032821427718877,1.2629126601997216,Non-MSI-H
IGKV1-33,0.0,1.305279435621721,1.319652846551689,MSI-H
USP32P1,0.0,1.5089633917413376,1.5360879616283414,MSI-H
TCTEX1D1,0.0,2.2180115079804814,2.2699822357947275,MSI-H
C5orf58,0.0,1.5645319281730314,1.7784459014312297,MSI-H
CEACAM4,0.0,2.049544957934065,2.6501870953551734,MSI-H
FYB2,0.0,1.591081713415631,1.9343265978071613,MSI-H
MEGF6,0.0,6.211652551435586,6.557892605253783,MSI-H
RPL7P47,0.0,2.372644570837244,2.1780254248639013,Non-MSI-H
APOC1,0.0,5.966438811250785,6.294539170414004,MSI-H
LRFN5,0.0,2.06791713164923,1.8564796190368946,Non-MSI-H
CASKIN1,0.0,1.856968024244639,2.1499615807204235,MSI-H
CENPE,0.0,6.374252902184909,6.457307161795104,MSI-H
SEZ6,0.0,1.3321203240311168,1.219477572455849,Non-MSI-H
PTPRVP,0.0,2.1429488331310558,1.943367550722791,Non-MSI-H
RN7SL834P,0.0,2.1374319001714084,2.41049046442194,MSI-H
CNKSR2,0.0,2.079709646308604,1.439464213871869,Non-MSI-H
TGFBR3,0.0,6.31996521770311,6.3346206316901705,MSI-H
HECW2-AS1,0.0,2.114630583586122,2.2955329266050364,MSI-H
IL1RN,0.0,5.864399409811116,6.84013564672185,MSI-H
ZNF876P,0.0,2.200011116489474,2.212699926853354,MSI-H
ERVW-1,0.0,1.5077248389178184,1.3594952210148097,Non-MSI-H
GLYATL2,0.0,1.803265338983865,0.8525009392410007,Non-MSI-H
MYPN,0.0,2.096934121240782,1.5080038369910915,Non-MSI-H
ATP6V0A4,0.0,1.3276387111912726,1.1742054028094187,Non-MSI-H
ODF3L2,0.0,2.2327578341164416,2.1124467061717613,Non-MSI-H
AGAP12P,0.0,1.8849257049143424,1.8770582592096332,Non-MSI-H
RHD,0.0,2.202146668857215,2.0575887353774838,Non-MSI-H
PLA2G2C,0.0,2.1601617460209734,2.2536508380393885,MSI-H
HOXB5,0.0,6.338454429882246,6.11510151452466,Non-MSI-H
DUXAP10,0.0,1.665087273977082,1.256556788764634,Non-MSI-H
SRSF12,0.0,1.96187173188164,1.683422889765088,Non-MSI-H
IGLV2-28,0.0,1.6002175944570722,1.4259567403599973,Non-MSI-H
SIGLEC5,0.0,2.0234011543604318,2.5123948340704936,MSI-H
LINC01140,0.0,2.153638888345734,2.2244611112812582,MSI-H
PALM2AKAP2,0.0,2.0895362385653518,1.7788712969666245,Non-MSI-H
NCR3,0.0,2.2003655547792196,2.400446526210753,MSI-H
SPAG17,0.0,1.8353806252154343,1.2900398650336533,Non-MSI-H
CLEC2L,0.0,1.6487274780811454,1.2844057387616805,Non-MSI-H
PTGES3L-AARSD1,0.0,2.315864476172476,1.79054941937532,Non-MSI-H
LINC01215,0.0,2.018978510318109,2.0971935202739855,MSI-H
AMER3,0.0,1.2982370544847417,0.5938789584934635,Non-MSI-H
CNTNAP3,0.0,1.8727495211340046,2.1071007034421845,MSI-H
IGHV3-38,0.0,1.7980527434745166,1.644385352362346,Non-MSI-H
CBS,0.0,1.8460592168275662,1.5608372432549342,Non-MSI-H
SLC25A24P1,0.0,1.2611527829493459,0.7406684828132403,Non-MSI-H
KRT83,0.0,1.8774626671603083,0.7771729924244625,Non-MSI-H
DUXAP9,0.0,1.7060715488987706,1.3727440378383229,Non-MSI-H
SMTNL1,0.0,1.8732796309276192,2.529621896110591,MSI-H
PLA2G4F,0.0,6.579641779843126,5.253039983826937,Non-MSI-H
LOC100130449,0.0,1.7248836317433145,1.532775267815472,Non-MSI-H
SLC26A7,0.0,2.086401229092645,1.4573931755297593,Non-MSI-H
CYP4B1,0.0,2.0831919940575605,1.7217429044672898,Non-MSI-H
CDH7,0.0,1.4088121178336175,1.3627819239972312,Non-MSI-H
HMSD,0.0,1.6646952640407617,3.2524031845869947,MSI-H
TRBC1,0.0,2.1686987782390816,2.4182412059816185,MSI-H
SLC7A10,0.0,1.4620475616652855,0.7860182984275624,Non-MSI-H
NUDT10,0.0,1.9942119232113718,1.8440974706608126,Non-MSI-H
GFI1B,0.0,1.9005840838302186,1.8998145147285106,Non-MSI-H
RPS15AP17,0.0,2.034141432570521,1.7366516197064361,Non-MSI-H
RLBP1,0.0,1.4366413371292894,1.2410446307546321,Non-MSI-H
PTH2R,0.0,0.9114555987383975,1.3640116413396643,MSI-H
C3P1,0.0,1.3722092259487246,0.7803744070636319,Non-MSI-H
OBSL1,0.0,6.178378107887372,6.02543641316383,Non-MSI-H
IGLV1-44,0.0,5.325106055344709,5.3392985665284485,MSI-H
SIGLEC17P,0.0,2.104489143787176,2.1060863401315073,MSI-H
TRBV5-1,0.0,2.183396521041273,2.3453166647070045,MSI-H
PKHD1L1,0.0,1.8771910707712773,1.6086183992948924,Non-MSI-H
LOC101928994,0.0,2.0236114871799797,1.7736527997450355,Non-MSI-H
PSD2,0.0,1.9971823506307032,2.2852878793724742,MSI-H
TMEM40,0.0,1.5787443629089302,1.4371998910528432,Non-MSI-H
LINC00942,0.0,2.1757442638634883,1.193591958323837,Non-MSI-H
ASS1P11,0.0,1.6447838070941208,2.0459775409834635,MSI-H
SLC9A2,0.0,6.113963896074711,6.198122443897989,MSI-H
MYL3,0.0,1.6407006101889816,0.9267125376219638,Non-MSI-H
STRCP1,0.0,2.2538637924186737,2.073513708505879,Non-MSI-H
SLC22A2,0.0,2.091670460701352,1.0450604509328045,Non-MSI-H
LOC646588,0.0,2.0955267089251115,1.370734969016455,Non-MSI-H
LOC150051,0.0,1.5875111677665596,2.111663863392611,MSI-H
CD1B,0.0,1.9161951005680276,2.187404859609337,MSI-H
FSIP2-AS2,0.0,2.0365713534129246,1.4563217548187386,Non-MSI-H
SLC2A14,0.0,1.8814642510109953,1.3651190148450656,Non-MSI-H
MPO,0.0,2.2507248251385237,1.7488673853327927,Non-MSI-H
KCNQ5,0.0,1.634986618911806,1.6715583430824508,MSI-H
KLRC2,0.0,1.7393052936468563,2.1970580203269003,MSI-H
GPR78,0.0,2.16231924047491,1.6069725006514806,Non-MSI-H
INHA,0.0,1.3687991801898305,1.7652285886448984,MSI-H
RTBDN,0.0,1.396190364683426,2.1302791705371593,MSI-H
LOC157273,0.0,1.4951055176342463,2.518738827265991,MSI-H
AMPD1,0.0,1.9329512134943105,1.6200264822607648,Non-MSI-H
SLC6A15,0.0,1.036535714221968,0.8693708490271395,Non-MSI-H
CHP2,0.0,6.073692056770029,3.719898956518353,Non-MSI-H
EMB,0.0,5.980099641246395,5.449819171765738,Non-MSI-H
TM4SF19,0.0,2.03938963591124,1.9305672916238792,Non-MSI-H
DTHD1,0.0,1.6141550611078082,2.2533056586365974,MSI-H
ABCC8,0.0,1.8650564733328492,2.34957659239582,MSI-H
IGKV1D-39,0.0,1.4557139975710573,1.2931949878778441,Non-MSI-H
LOC100129434,0.0,1.8399405987055382,1.2182110358093463,Non-MSI-H
DIPK1C,0.0,1.4966883216180134,2.348133344472419,MSI-H
APOL3,0.0,6.160988617492215,7.011355988267767,MSI-H
LOC101927815,0.0,1.4810710855577094,1.2172675853259607,Non-MSI-H
FCGR1B,0.0,2.000808487352425,2.600844342466288,MSI-H
TMEM229A,0.0,0.803378290598396,0.8946444608551686,MSI-H
EIF3CL,0.0,2.263745765986114,1.9040080903073384,Non-MSI-H
LINC02418,0.0,5.840205525355276,3.3936522128350544,Non-MSI-H
IGHV3-63,0.0,1.7563595038954394,1.4661373739205517,Non-MSI-H
WDR17,0.0,1.7649542932050217,1.4017699692656416,Non-MSI-H
GRIK4,0.0,2.12082991778503,1.791978682609598,Non-MSI-H
RPS6P26,0.0,1.697653125416852,1.3891846628573377,Non-MSI-H
TMEM132E,0.0,1.913882301802513,1.5065697014379031,Non-MSI-H
UTS2R,0.0,1.2281281233555106,0.8808745080060586,Non-MSI-H
HTR3A,0.0,1.5469410677358577,1.9903365483560878,MSI-H
CHML,0.0,6.3962188095935435,6.206509087495013,Non-MSI-H
CBLN2,0.0,2.150743211735306,1.4250023084375807,Non-MSI-H
LOC105375614,0.0,1.945418247312133,1.4686006316000575,Non-MSI-H
RPS7P4,0.0,2.253542860169247,2.0147130948034633,Non-MSI-H
AKR1B15,0.0,1.763738664279356,1.6409980103299204,Non-MSI-H
LLPH-DT,0.0,2.101370983448054,1.8243298754806643,Non-MSI-H
LOC105371414,0.0,2.069449841609893,1.934864178525298,Non-MSI-H
MIR9-1HG,0.0,1.546920575785231,1.2906462164199575,Non-MSI-H
ALOXE3,0.0,1.6792416921934041,3.1270829491544565,MSI-H
CNR2,0.0,1.9041884635046478,1.8756782101562366,Non-MSI-H
PRRT4,0.0,1.5501449826388827,1.9798398630277168,MSI-H
RGS2,0.0,6.1791966225876145,6.5951047363366175,MSI-H
POM121L9P,0.0,2.1208721346448773,2.165502552591384,MSI-H
ASPN,0.0,5.751917758697067,5.52768840762884,Non-MSI-H
PTPN5,0.0,1.9397045639368409,1.6137404831095195,Non-MSI-H
LRRC19,0.0,6.374151963385548,4.912237366680481,Non-MSI-H
TLX2,0.0,1.9307633230933217,2.0989063137675834,MSI-H
IL9R,0.0,2.0468697019124185,2.6986611922102153,MSI-H
JCAD,0.0,6.104717977860307,6.420236974731992,MSI-H
TBC1D3,0.0,1.7521726263246473,1.8974301878445325,MSI-H
SPSB4,0.0,1.8694114740293188,1.7329501930868505,Non-MSI-H
MIR9-3HG,0.0,1.8897457131901159,2.1364156807425014,MSI-H
ITIH2,0.0,1.7087523817213763,1.6960226358863542,Non-MSI-H
CCL7,0.0,1.6763721667629872,2.333121741257729,MSI-H
LRGUK,0.0,2.0049555845298808,2.3885409182428825,MSI-H
METTL24,0.0,1.921977121278475,1.7604684653948317,Non-MSI-H
ART4,0.0,1.5482097811999027,1.2726229332083971,Non-MSI-H
LOC93429,0.0,1.6743179365037573,1.8712699631981762,MSI-H
KLRC1,0.0,1.7403889976942022,2.7593524356895442,MSI-H
NKAIN1,0.0,1.8409972215305994,2.06475025702751,MSI-H
LINC00924,0.0,1.7954451235486844,1.7879706709485965,Non-MSI-H
WFDC10B,0.0,2.19679395098909,1.3260402232693997,Non-MSI-H
KRBOX1,0.0,1.4382449021877548,1.0268430469898118,Non-MSI-H
BEX1,0.0,1.6072357334370067,1.4314512047410808,Non-MSI-H
RXFP1,0.0,2.064185671843699,2.145965219235196,MSI-H
IGLV1-50,0.0,1.80235309019097,1.4143975914897813,Non-MSI-H
LINC01615,0.0,2.0094478575393033,2.3119946515424656,MSI-H
PTPRT,0.0,1.978194077133881,1.2592169996882805,Non-MSI-H
PLSCR2,0.0,1.9683940626204468,1.5969042473837491,Non-MSI-H
OOEP,0.0,1.152049325726545,0.9736105511625791,Non-MSI-H
NGF,0.0,2.159782997915166,1.8042670985590972,Non-MSI-H
PCSK2,0.0,1.1665648400779312,0.6335975314585538,Non-MSI-H
HPDL,0.0,6.424719241015222,5.529443236504327,Non-MSI-H
FXYD1,0.0,2.1481815337633354,1.4345616259417855,Non-MSI-H
ANXA8L1,0.0,1.4304506432118917,1.4224422688762262,Non-MSI-H
RIMS4,0.0,1.22529737809986,1.077735351170388,Non-MSI-H
TRBV19,0.0,2.016611418545451,2.194591006219962,MSI-H
FBLL1,0.0,1.8459604800100653,1.685933948274142,Non-MSI-H
FOXE3,0.0,1.9249405318859505,1.1748296564431344,Non-MSI-H
BHMT,0.0,1.1576846199131867,1.0990314996780353,Non-MSI-H
TRBV7-9,0.0,1.9721203936196205,2.2030572669344055,MSI-H
AIDAP2,0.0,2.090772851749281,2.0639207298567266,Non-MSI-H
LINC00589,0.0,1.7731439969389766,2.7194719939357186,MSI-H
ITIH5,0.0,6.338441042879537,5.790813569881385,Non-MSI-H
TMEM179,0.0,1.5938404973121343,1.0757145138446298,Non-MSI-H
FGF14-AS2,0.0,2.1924629486928797,1.7840971501494411,Non-MSI-H
RASSF10-DT,0.0,2.1486016140980824,0.9582367103169388,Non-MSI-H
OTOP2,0.0,1.0819944022216035,1.010711774048528,Non-MSI-H
SLC25A41,0.0,2.133952033155276,1.8532811453436486,Non-MSI-H
GPR25,0.0,1.906434809418906,2.266776048679038,MSI-H
LY6G6F,0.0,2.0753542760410597,0.3893223558170011,Non-MSI-H
ITGAD,0.0,1.6664827485159421,2.2146304438003455,MSI-H
CNTNAP3B,0.0,1.593948935018898,1.919127728567526,MSI-H
IGHV3OR16-8,0.0,1.705772679603896,1.3551704186455489,Non-MSI-H
RPL27P1,0.0,1.3395150741186688,1.3330068868299176,Non-MSI-H
INTS4P1,0.0,2.106374297052423,1.800349192423707,Non-MSI-H
LINC00494,0.0,1.6526031727440407,1.6973982666177612,MSI-H
LINC02563,0.0,1.736503905422697,0.3359011176735344,Non-MSI-H
PACSIN3,0.0,6.24167498736474,6.33358768807658,MSI-H
MED12L,0.0,1.8670354273386145,1.7322992340750973,Non-MSI-H
U2AF1L5,0.0,1.8959960529976667,1.6571842514190787,Non-MSI-H
ITPRID1,0.0,1.7248710152759197,1.4523121621343134,Non-MSI-H
GNG13,0.0,1.6046300164137546,1.4470113214114904,Non-MSI-H
MRPL23-AS1,0.0,1.4458431964449525,0.9003102870261712,Non-MSI-H
RPL21P11,0.0,2.1633163448610344,1.879464790202596,Non-MSI-H
IGLC6,0.0,1.797691269865996,1.732877535053209,Non-MSI-H
RPL21P134,0.0,2.0003718549965877,1.6357567354833296,Non-MSI-H
DLX2,0.0,1.4892028287759376,1.3016237175784773,Non-MSI-H
SLN,0.0,1.5530854250626467,2.2354660462423657,MSI-H
FLG,0.0,1.623035513507616,1.5662684805890335,Non-MSI-H
GRIA4,0.0,1.9872365121299327,1.2783720074200209,Non-MSI-H
C2orf74,0.0,2.0756203935481228,2.1489052814025476,MSI-H
ARHGAP31-AS1,0.0,2.1030028006725856,1.869648648268144,Non-MSI-H
GLIPR1L2,0.0,2.2161267767025534,1.959988338410844,Non-MSI-H
KLRK1,0.0,1.8627701356094504,2.3034142380608866,MSI-H
MIR4713HG,0.0,2.2202011468261253,1.7416369358141828,Non-MSI-H
NPIPA3,0.0,1.9911489026774187,1.4267843689820459,Non-MSI-H
HS3ST5,0.0,1.5581923404072089,0.8703833009607711,Non-MSI-H
RIMS1,0.0,1.5129776539489868,0.8934790288559934,Non-MSI-H
FSIP2-AS1,0.0,2.1300842076380797,1.3044345615588904,Non-MSI-H
NEXMIF,0.0,1.5581844132713838,1.2588460637583487,Non-MSI-H
CCDC85A,0.0,1.9764941307607318,1.44027596966654,Non-MSI-H
KIF25-AS1,0.0,1.2313372516489527,0.6413782217123761,Non-MSI-H
CTNNA3,0.0,1.5095238625900083,1.5906333773485635,MSI-H
RPL31P61,0.0,1.4260931936703438,1.099704709247439,Non-MSI-H
RAET1K,0.0,1.976894075372103,2.6614651310400466,MSI-H
EML5,0.0,1.6714125723532047,2.4322828840020843,MSI-H
ARHGEF2-AS1,0.0,1.947008549320405,1.563180188962442,Non-MSI-H
DUSP26,0.0,1.9754792043160647,1.5598263209220347,Non-MSI-H
TCF24,0.0,2.027739365159206,1.4376926882266496,Non-MSI-H
SIGLEC6,0.0,1.8631909113222704,1.838165819544958,Non-MSI-H
PNMA3,0.0,1.8022987065223819,1.6384941183144468,Non-MSI-H
NLRP12,0.0,1.9446617147019873,2.275352514247898,MSI-H
RORB,0.0,1.578916067645883,1.7246596079629488,MSI-H
COL26A1,0.0,1.7242464487765088,1.622523412964278,Non-MSI-H
OLFML3,0.0,6.318219070425967,5.970392610795388,Non-MSI-H
LOC105371967,0.0,1.7286251058101079,0.9114864255992309,Non-MSI-H
NAT16,0.0,1.7666959763321608,0.9935756194173166,Non-MSI-H
ARMC4,0.0,1.7504767074043477,1.7012382499892895,Non-MSI-H
MIXL1,0.0,1.9592169893479083,1.8702719394438787,Non-MSI-H
KRT39,0.0,1.286052007557089,0.773714821595465,Non-MSI-H
LGALS12,0.0,1.563603069313353,1.6446538103382613,MSI-H
LOC100422687,0.0,1.4988299817023332,1.1744210593023883,Non-MSI-H
ZBTB7C,0.0,5.932045351839566,6.659801289802736,MSI-H
KCNK2,0.0,1.471540312168271,1.7107206434000741,MSI-H
LOC101928731,0.0,0.9374411189712576,0.8565313262045269,Non-MSI-H
GRIA3,0.0,1.8163213905726319,1.8869981271640763,MSI-H
LMX1B,0.0,1.3378587376219313,1.1412079306834961,Non-MSI-H
IGHE,0.0,1.4784246257555578,1.821318414994745,MSI-H
IGHV3-52,0.0,1.6640855236615024,1.4453943556068332,Non-MSI-H
CLVS1,0.0,1.8450600902394896,1.6215607132546763,Non-MSI-H
RPL7AP45,0.0,2.0863976468558163,1.8463294112374526,Non-MSI-H
CPB1,0.0,0.9038993415917462,0.7172693869199533,Non-MSI-H
LINC00570,0.0,1.9991572575781444,1.4520471130296648,Non-MSI-H
CACNA1G,0.0,1.942701220732217,1.7298270980189407,Non-MSI-H
SLC10A4,0.0,1.8114679147043824,1.109325801820224,Non-MSI-H
LINC02257,0.0,1.6191353620758147,1.8741622142539995,MSI-H
GPC5,0.0,1.4270366599196813,0.9343897209813261,Non-MSI-H
CCR6,0.0,2.1167288826578634,1.9996788115401565,Non-MSI-H
CCL23,0.0,1.9076755438830184,2.204013100064681,MSI-H
C8orf74,0.0,1.5755038493793292,1.1903200330707173,Non-MSI-H
ZNF730,0.0,1.5735762540068277,0.999955671644666,Non-MSI-H
LINC01511,0.0,1.581633247137317,1.1010589611603807,Non-MSI-H
IGHJ3P,0.0,1.5803155645723033,1.4316162113519422,Non-MSI-H
DMRT3,0.0,1.4217067126467082,1.6601117159885157,MSI-H
SCN4A,0.0,1.9426755340963413,1.3430800276036639,Non-MSI-H
RP1,0.0,1.5501882330996697,0.8989354759914544,Non-MSI-H
ZNF804A,0.0,1.8385533837240084,2.080011039086221,MSI-H
LOC101929532,0.0,1.6657131438358765,1.8627538248834896,MSI-H
MIR3176,0.0,2.0770832431199846,1.6510649442218892,Non-MSI-H
ADAMTS9-AS2,0.0,1.7768024801366118,1.4791139009570933,Non-MSI-H
CFD,0.0,5.934229077254948,6.325002331769105,MSI-H
AFF2,0.0,1.6493461731212051,1.8456085201450556,MSI-H
P2RY12,0.0,1.8710645894061562,1.8183614025758237,Non-MSI-H
DPYSL5,0.0,1.1348870648517644,0.7346198456524836,Non-MSI-H
NKX2-2,0.0,1.1268271959473928,1.3611278258816921,MSI-H
LOC105372441,0.0,1.6658952246802234,1.7173727931529172,MSI-H
SYT4,0.0,1.3140845482116301,0.6138940583207353,Non-MSI-H
RPL18P9,0.0,2.065174207830567,1.5453235289912703,Non-MSI-H
LRP2,0.0,1.3207258233277785,0.8992727858125492,Non-MSI-H
KIRREL2,0.0,1.5110275036504273,1.4629437649784058,Non-MSI-H
CPNE4,0.0,1.3533220899503737,1.7557975870350406,MSI-H
FAM181B,0.0,1.4364823612518418,1.0579460059934211,Non-MSI-H
SLC5A11,0.0,1.875600990581686,1.6035382195661656,Non-MSI-H
ACTBP1,0.0,1.925363221368433,1.537392674660864,Non-MSI-H
OSMR,0.0,6.148957649440598,6.401967468698644,MSI-H
MCHR1,0.0,1.8219458086142564,2.3801430573544526,MSI-H
OSBPL1A,0.0,6.29791234796515,6.482076266529846,MSI-H
LOC283731,0.0,2.0024006048371032,1.2859961210017143,Non-MSI-H
LOC102724323,0.0,1.9071180607969505,2.1230601143614445,MSI-H
OR7D2,0.0,1.3307996738698356,1.3739417035434733,MSI-H
DMRTA1,0.0,1.6439184385377845,1.3092678105035434,Non-MSI-H
CLEC17A,0.0,1.6187643853365052,1.6817011096765095,MSI-H
RPL10L,0.0,2.0074813418858852,0.9735832307631095,Non-MSI-H
FGF5,0.0,1.383310948528041,1.4320796291944289,MSI-H
ST8SIA2,0.0,1.9303579851861723,1.8672356688532437,Non-MSI-H
TRBV29-1,0.0,1.8896696871646426,2.115543989671875,MSI-H
DNAI3,0.0,1.8848461080016012,2.190096958273715,MSI-H
WNT8B,0.0,1.8070021252051858,2.1185615412300627,MSI-H
MIR31HG,0.0,1.070549289519325,1.8537746360236682,MSI-H
CA6,0.0,0.9201757512686027,0.73007126736788,Non-MSI-H
LINC02405,0.0,1.688364817979999,2.159904107524921,MSI-H
RAB6D,0.0,2.0774927523998086,1.4954486141786398,Non-MSI-H
RSPO1,0.0,1.7280301406774512,1.504259947010405,Non-MSI-H
CLECL1,0.0,1.9021280644912344,2.18032657484738,MSI-H
IL22RA2,0.0,1.7631877341209203,1.739782460589558,Non-MSI-H
C17orf99,0.0,1.8740278344816896,1.3285476057704366,Non-MSI-H
FLG-AS1,0.0,1.825089262695789,1.3811036197004867,Non-MSI-H
MSRB3,0.0,6.05931846252802,5.866454531769573,Non-MSI-H
HYDIN,0.0,1.4070438522762088,1.2308389608446988,Non-MSI-H
CACNA1H,0.0,6.2502240673586735,6.118261556232711,Non-MSI-H
VLDLR-AS1,0.0,1.9556176782937185,1.4015213398436477,Non-MSI-H
ARMC3,0.0,1.3709056687499628,0.9689824635366219,Non-MSI-H
KCTD19,0.0,1.913011011832491,1.3878428935751375,Non-MSI-H
CYP2F1,0.0,2.0185446436320817,1.7190718734561912,Non-MSI-H
LRRC9,0.0,1.888875872561808,1.2684495408955454,Non-MSI-H
LOC105379194,0.0,1.8434565410097057,1.529546592601377,Non-MSI-H
AQP12B,0.0,1.813581357682573,1.1300071175986375,Non-MSI-H
LOC100129175,0.0,1.891315176513425,2.238695277304891,MSI-H
LINC02691,0.0,1.4354898421423619,1.205741544185964,Non-MSI-H
LINC02889,0.0,1.4774191523270457,1.726542621622271,MSI-H
KCNA2,0.0,1.7602518773752973,1.1489933473432012,Non-MSI-H
KRT8P17,0.0,1.4628197765348017,1.3257116409994236,Non-MSI-H
RPS10P9,0.0,2.1306179344103673,1.9404610745665671,Non-MSI-H
CRHR2,0.0,1.893030361581193,1.384636306583684,Non-MSI-H
ADGRB3,0.0,1.5307460354107212,1.4063595521233339,Non-MSI-H
ENTPD8,0.0,5.822254499710526,6.07951344513167,MSI-H
ZNF208,0.0,1.7955073644654567,1.6537194238951078,Non-MSI-H
CLLU1-AS1,0.0,1.5529164555083907,1.1044333506621278,Non-MSI-H
PLK5,0.0,1.6068114123320418,1.2215784987484022,Non-MSI-H
ZNF559-ZNF177,0.0,1.9196389701426027,1.685481351537196,Non-MSI-H
LOC728488,0.0,1.8651243834721005,1.945341318942969,MSI-H
LOC100132249,0.0,1.7493402027026308,0.8887517269222717,Non-MSI-H
IGHV3OR16-9,0.0,1.489801341127424,1.4285089349911273,Non-MSI-H
RN7SK,0.0,4.5309862843507505,4.072311397358654,Non-MSI-H
REG1A,0.0,6.362842036299791,8.925697328078495,MSI-H
SAMD9L,0.0,6.042635446436358,6.796112090734665,MSI-H
AHNAK,0.0,9.519561692523492,9.688164999820591,MSI-H
HMGA2,0.0,6.054576747015297,5.714970263740224,Non-MSI-H
AEBP1,0.0,8.551715891467396,8.535889507184834,Non-MSI-H
SYNE1,0.0,6.080895260348416,6.354086813115877,MSI-H
RN7SL2,0.0,6.603325862991336,6.681639656508992,MSI-H
COL12A1,0.0,8.659486961718695,8.715241444199014,MSI-H
FCER1G,0.0,6.144618807577804,6.75484787793028,MSI-H
HSPG2,0.0,8.916938757842301,8.831062885239902,Non-MSI-H
MYH11,0.0,8.027391560692683,7.247918386609077,Non-MSI-H
IGHG2,0.0,8.130683733236868,7.888827972968024,Non-MSI-H
THBS1,0.0,8.892979537177439,8.784170811995606,Non-MSI-H
LINC02188,0.0,1.169321349313381,0.8723572593800354,Non-MSI-H
ABCA9-AS1,0.0,1.5729573043234857,0.7083521373358335,Non-MSI-H
IGHV3-60,0.0,1.5695167472215827,1.1713527893663813,Non-MSI-H
ANKS1B,0.0,1.7300315612024442,1.5426915300964228,Non-MSI-H
HMGB3P29,0.0,1.765810259734974,2.202744376394952,MSI-H
NTNG1,0.0,1.3599408324928577,0.9823132759309715,Non-MSI-H
CCDC169,0.0,1.1562312925301736,0.862391928766187,Non-MSI-H
FAM72C,0.0,1.6757651386015093,2.432743208226903,MSI-H
TAGLN3,0.0,1.4155205559609552,1.324309072613081,Non-MSI-H
TMEM89,0.0,2.0285731663547915,1.4256520290705839,Non-MSI-H
CALML6,0.0,1.8963590994990942,1.622064716550391,Non-MSI-H
MFAP2,0.0,6.3187427470780495,5.978370915448688,Non-MSI-H
SNTN,0.0,2.123233256426062,1.4785788380321438,Non-MSI-H
WNT7A,0.0,1.0280005736907,0.8353801562338856,Non-MSI-H
IGFBP7-AS1,0.0,1.4513062750340828,1.3195506537006747,Non-MSI-H
KCNG3,0.0,1.7368459602248305,1.4468559142258528,Non-MSI-H
UPK3BL1,0.0,1.4597971200772777,1.3413796234179494,Non-MSI-H
BPI,0.0,1.945308644566989,1.460059243525876,Non-MSI-H
TPSP2,0.0,1.4270999520376708,1.090275840353195,Non-MSI-H
SYT3,0.0,1.687332876160851,1.4912874952639197,Non-MSI-H
TEX101,0.0,1.248030134112596,1.7762861688360345,MSI-H
DYDC2,0.0,0.9764808155019274,0.4341979702258516,Non-MSI-H
FAM87A,0.0,1.896021591604442,1.6673330395642858,Non-MSI-H
LOC100419928,0.0,1.5717467002576986,1.075200033137163,Non-MSI-H
ENPP7P7,0.0,2.0920183700048973,1.542702716580824,Non-MSI-H
MYRF-AS1,0.0,1.53144665991581,2.3749650439528693,MSI-H
TMEM213,0.0,0.9786322086479228,0.9331422328626859,Non-MSI-H
QRFPR,0.0,0.947019479637795,0.8047632049053631,Non-MSI-H
TSHR,0.0,1.605330988545191,1.574177143668677,Non-MSI-H
KCNS1,0.0,1.7111291931999195,1.4528918586143298,Non-MSI-H
RGS7,0.0,1.2220527862337751,1.2332207507343689,MSI-H
C8orf48,0.0,1.9384825214095738,1.881268638860717,Non-MSI-H
BAHCC1,0.0,6.191015553294063,6.4646697143990375,MSI-H
SIGLEC11,0.0,1.8598323667768695,2.139309408922837,MSI-H
PCDHAC1,0.0,1.499772753453394,1.4808559581644423,Non-MSI-H
CD300LG,0.0,1.0217092272737254,0.8370572408152764,Non-MSI-H
CLMAT3,0.0,1.2123369850766386,1.2284526977707506,MSI-H
DRD5,0.0,0.8613798877908221,0.9891364767515546,MSI-H
MYOT,0.0,1.5020806736375725,1.194955111022567,Non-MSI-H
SERTM2,0.0,1.3932511071920848,1.3245257454864807,Non-MSI-H
VEGFD,0.0,1.7006286598946632,1.3544950442129238,Non-MSI-H
CYP4F29P,0.0,1.5441593250456074,1.3261701858972494,Non-MSI-H
MIR3150BHG,0.0,1.7144903125941084,1.201067261878793,Non-MSI-H
RPL23AP49,0.0,1.9320563924682266,1.7665698348044745,Non-MSI-H
LINC00323,0.0,1.8479987280000296,2.1729271522268885,MSI-H
PRAMENP,0.0,1.0929706869420848,1.0564193821183847,Non-MSI-H
MTCO2P2,0.0,1.9413120535424302,1.540834576873113,Non-MSI-H
PNLIPRP1,0.0,1.9516875277946153,1.127383069772947,Non-MSI-H
CLEC4D,0.0,1.3488499932163196,2.1240390037984413,MSI-H
SLC30A3,0.0,1.6291063102665047,1.584645381124332,Non-MSI-H
GCSAML,0.0,1.7590584176423918,1.7627563269683166,MSI-H
IGHV3-62,0.0,1.5225146757314634,1.236639269816605,Non-MSI-H
PDK4,0.0,6.244362345812797,5.665330143094775,Non-MSI-H
DNASE2B,0.0,2.034188427266438,1.475870546670614,Non-MSI-H
PADI4,0.0,1.6270281356067635,1.9236945618787018,MSI-H
RPL21P53,0.0,1.916544505721454,1.4830824778152842,Non-MSI-H
RPL21P37,0.0,1.9797537796082274,1.6922641753548924,Non-MSI-H
FAM66B,0.0,1.91548962887385,1.6283720254484517,Non-MSI-H
VAX2,0.0,1.5505915229392997,2.0368246762545033,MSI-H
LOC100505782,0.0,1.2751636704471014,0.17643746414253153,Non-MSI-H
LINC01561,0.0,1.574623246952602,1.734489160565429,MSI-H
FTCD,0.0,1.3566334323111413,1.0580915148767644,Non-MSI-H
LINC02677,0.0,1.7114452650921375,1.8179837245089576,MSI-H
SLITRK3,0.0,1.1484408018926147,0.8602320267626182,Non-MSI-H
LINC01101,0.0,1.8347584923263769,1.0460173510934503,Non-MSI-H
TTC14,0.0,6.427587287561778,5.795422839962044,Non-MSI-H
THRSP,0.0,1.177963320121958,0.8746412149318,Non-MSI-H
LINC00939,0.0,1.1969249073712018,1.8405497745521904,MSI-H
LOC105369201,0.0,1.7877257139056042,0.9010811420498429,Non-MSI-H
NLGN1,0.0,1.3029754802273659,1.1372071903953342,Non-MSI-H
CDIPTOSP,0.0,1.7240921759466947,1.4555550550711565,Non-MSI-H
PARP4P2,0.0,1.9477545262904634,1.5639364682079113,Non-MSI-H
LOC101927354,0.0,1.694860152078695,1.7371735311642404,MSI-H
LINC00336,0.0,1.927640751891956,1.4320301820556187,Non-MSI-H
SCTR,0.0,1.7412535090593342,1.316026783149826,Non-MSI-H
KRT1,0.0,1.4556272878607324,1.4585967824890942,MSI-H
TSIX,0.0,1.3235664772117552,1.169039092836812,Non-MSI-H
LILRA4,0.0,1.6626153887964403,1.8354105591072403,MSI-H
RNF217-AS1,0.0,1.7802560366984457,0.994687725538388,Non-MSI-H
SLC9A4,0.0,1.2867619038117146,1.3678743245652125,MSI-H
TRBV6-5,0.0,1.7296248065681488,2.0766500994753967,MSI-H
AKAP4,0.0,1.153230956421646,0.8281202626694688,Non-MSI-H
PCDHA11,0.0,0.8913236621326186,1.0776109863667114,MSI-H
ANGPTL7,0.0,1.1465477347886062,0.8401517074159014,Non-MSI-H
WNT16,0.0,1.497393165803306,1.1666417925928925,Non-MSI-H
ITIH6,0.0,1.3522338121020903,1.4353576971189648,MSI-H
TRAV13-1,0.0,1.7678571032459944,2.0893144499206,MSI-H
RORC,0.0,6.261901550693189,5.984421124352265,Non-MSI-H
RETN,0.0,1.411341354020806,1.7592347758691145,MSI-H
FAM163B,0.0,1.7137149146545503,1.0538617255391125,Non-MSI-H
ARSH,0.0,1.830692997049943,1.754411624462695,Non-MSI-H
CYP17A1,0.0,1.3839270629534657,1.2356237429215289,Non-MSI-H
RPE65,0.0,0.928348223528572,1.0263791770033865,MSI-H
CELF4,0.0,1.581715555401349,1.4722248881031592,Non-MSI-H
SOAT2,0.0,1.246118248073698,0.7854227498204963,Non-MSI-H
SPATA46,0.0,1.638306496516975,1.5182215236137488,Non-MSI-H
TRPM8,0.0,1.3509358009434813,1.1764362569657596,Non-MSI-H
CSTL1,0.0,1.6794435257959281,0.965824367611163,Non-MSI-H
SOX2-OT,0.0,1.5894417873054805,1.4551487974746937,Non-MSI-H
FRRS1L,0.0,1.5059167588520326,0.7251558756703422,Non-MSI-H
ADAM20P3,0.0,1.6503336825210166,0.874221667744909,Non-MSI-H
LCT,0.0,1.4432822402671768,1.7368318393583173,MSI-H
FSTL5,0.0,0.9625236546750265,0.3600079743367009,Non-MSI-H
CD8B2,0.0,1.500022707169336,1.4654992965115994,Non-MSI-H
GRIN2A,0.0,1.3834421410643014,1.0404439629297801,Non-MSI-H
POU3F3,0.0,1.1553650351239062,0.7427903903418367,Non-MSI-H
ZNF492,0.0,1.2415508632708583,0.8674646008458825,Non-MSI-H
SH3TC2-DT,0.0,1.7287057259072645,1.3459506140318012,Non-MSI-H
LINC02254,0.0,1.2607518279243028,1.1339321691911428,Non-MSI-H
SCN11A,0.0,1.690805975225999,1.3302508958947765,Non-MSI-H
ZNF280A,0.0,1.5826426139413485,0.9697231176029737,Non-MSI-H
ACSM5,0.0,1.6344851483959209,1.5883554269234772,Non-MSI-H
LOC100131315,0.0,1.5895201936692538,1.4159638165414261,Non-MSI-H
SLC7A14,0.0,1.0921583054929973,0.5738224045140088,Non-MSI-H
LINC01269,0.0,1.5990523831631218,1.7683201783585263,MSI-H
CEBPE,0.0,1.5290919078958172,1.533955726713307,MSI-H
HMX3,0.0,0.8425758337643202,1.7854578648645498,MSI-H
LOC101927495,0.0,1.5766953704462547,0.4759821655466636,Non-MSI-H
PCDH8,0.0,1.2383084165600746,0.9843321008937278,Non-MSI-H
FPGT-TNNI3K,0.0,1.6478224453550598,1.4614375653662237,Non-MSI-H
CLEC4G,0.0,1.3790355894439406,1.7527973172836173,MSI-H
GAS7,0.0,6.177899730920642,6.102478154248756,Non-MSI-H
CDK15,0.0,1.6584611509344311,1.5758185940880565,Non-MSI-H
SYCP2L,0.0,1.6929971663683165,1.427096417424497,Non-MSI-H
FGL2,0.0,6.055482477086998,6.414246439026282,MSI-H
C10orf67,0.0,1.7665138137124134,0.6467812946635793,Non-MSI-H
PTPRU,0.0,5.742990543311499,6.471488421426072,MSI-H
CROCC2,0.0,1.4063626764110808,1.3432745174699499,Non-MSI-H
LINC02057,0.0,1.7027829801413126,1.1514584662060317,Non-MSI-H
LINC02731,0.0,1.7532792978615133,1.5095549921413562,Non-MSI-H
OR2W3,0.0,1.4711852928253746,1.1210430614717866,Non-MSI-H
NBPF6,0.0,1.3654655494322017,0.736649011647109,Non-MSI-H
TUBB8B,0.0,1.5709533257428279,1.9321861527746762,MSI-H
LOC100505715,0.0,1.8235738450006413,1.340593863927248,Non-MSI-H
LOC101929574,0.0,1.8149671077329774,1.6715518521183548,Non-MSI-H
RPL36P12,0.0,1.233759097502272,1.2359430158353784,MSI-H
RPL31P19,0.0,0.9754589941430454,0.9120376938287371,Non-MSI-H
BHLHA9,0.0,1.2055042649985845,0.2784528183061121,Non-MSI-H
COL6A5,0.0,1.2289112452596391,1.631520325972727,MSI-H
PTGS2,0.0,5.455807981743883,6.330903962502949,MSI-H
ARPIN-AP3S2,0.0,1.8929050093965252,2.2177029900736973,MSI-H
DNAH8,0.0,1.48157270027543,1.3485054410669661,Non-MSI-H
IZUMO1,0.0,1.5934617305913918,1.9747992667915002,MSI-H
MIR646HG,0.0,1.2659094860790507,1.385250645988255,MSI-H
WASIR2,0.0,1.5232210706314278,2.106977461665356,MSI-H
TMEM238L,0.0,6.4587040336280115,5.9048780595664185,Non-MSI-H
CALY,0.0,1.493637537310046,1.0506783335524859,Non-MSI-H
C2orf66,0.0,1.5362239670549576,1.8350513637916852,MSI-H
BEND4,0.0,1.4682926529373224,1.5530716917331286,MSI-H
CADM2,0.0,1.1891076571126586,0.7976226271497904,Non-MSI-H
PCDHGA3,0.0,1.712783885798201,1.626924939012765,Non-MSI-H
LINC01648,0.0,1.510660606884953,1.5142961343622894,MSI-H
LMX1A,0.0,1.0460749128305402,0.34552335383545624,Non-MSI-H
FAM43B,0.0,1.56297025984128,1.4493350393760789,Non-MSI-H
IL5RA,0.0,1.6110209451328155,1.4859312302190615,Non-MSI-H
RPL34P5,0.0,1.2838379313434656,1.319594314267484,MSI-H
PLAC8,0.0,6.532347024343078,7.265362034912372,MSI-H
LINC02544,0.0,1.325284983060096,1.2326804395619195,Non-MSI-H
PGLYRP4,0.0,1.46533312535223,1.332213207030336,Non-MSI-H
SPINK2,0.0,1.5529786057336317,1.4987231774621663,Non-MSI-H
KCNJ16,0.0,1.2881512826433474,0.9436664210968685,Non-MSI-H
CDH8,0.0,1.711908723060585,1.1328848551663324,Non-MSI-H
HOXB3,0.0,6.986610371307691,6.7805361270646305,Non-MSI-H
HRK,0.0,1.0001294023685678,1.905942068771351,MSI-H
LVRN,0.0,1.5168934051097591,1.8894342105798465,MSI-H
SNHG31,0.0,1.7255836548830183,1.199657087958671,Non-MSI-H
ZSCAN23,0.0,1.305822638235465,1.2983934173361475,Non-MSI-H
LINC01857,0.0,1.5728912299122721,1.7533142809710907,MSI-H
LINC01913,0.0,0.6402658813292036,1.739554006280963,MSI-H
SYT14,0.0,1.5031683548998125,1.1732775245653126,Non-MSI-H
IL36RN,0.0,1.1392861682813087,0.7513209525690054,Non-MSI-H
ADGRF2,0.0,1.4461836121913998,0.8346824349681122,Non-MSI-H
SNAP91,0.0,1.376878002395344,0.9643136009465592,Non-MSI-H
PCDHA5,0.0,1.1483084821544611,1.2405709224105672,MSI-H
LINC01840,0.0,1.5023528231052599,1.1698555990625037,Non-MSI-H
ANKRD1,0.0,1.2262465325681062,1.2728883359160725,MSI-H
SLCO1B1,0.0,1.0921806469345465,0.9354363728616732,Non-MSI-H
TRAV19,0.0,1.591139455688168,2.0016838249270617,MSI-H
ENAM,0.0,1.450649096013562,1.072648070825909,Non-MSI-H
MMP23A,0.0,1.4820964125790363,1.1236949070535533,Non-MSI-H
APOBEC4,0.0,1.5034388225701936,1.3991826274487584,Non-MSI-H
MIR186,0.0,1.582082492034188,1.3060347775102217,Non-MSI-H
IGHV1OR21-1,0.0,1.3365597843895463,1.3095411361596723,Non-MSI-H
SERPINA11,0.0,0.9710278598343841,0.9609696778579937,Non-MSI-H
WT1-AS,0.0,1.0317570427428913,0.7607489799532384,Non-MSI-H
C6orf223,0.0,7.0922728845280805,6.517414377391619,Non-MSI-H
FOSB,0.0,6.424888332591487,6.189415910623642,Non-MSI-H
TRBV30,0.0,1.447770994362683,1.639318650721061,MSI-H
FEV,0.0,1.07631287482251,1.0822757926658813,MSI-H
IGKV2D-30,0.0,1.063755049998233,0.8326328381190603,Non-MSI-H
KLHL38,0.0,1.6516667905324285,1.5169370635693689,Non-MSI-H
ATCAY,0.0,1.3055877687946564,0.919548862574613,Non-MSI-H
H4C12,0.0,1.4272462956742342,1.0575620100408285,Non-MSI-H
MTCO3P22,0.0,1.2934609124172898,0.9645480657347963,Non-MSI-H
DEUP1,0.0,1.3288197332581047,1.0465663169543131,Non-MSI-H
RPRML,0.0,0.87838346350701,0.7347008338406544,Non-MSI-H
LOC100419170,0.0,1.2106752232714983,1.796629219601476,MSI-H
LINC02525,0.0,1.0662043144750613,0.3791369247554866,Non-MSI-H
KRCC1,0.0,7.2392285967311345,6.7519937806006745,Non-MSI-H
INSYN2B,0.0,1.1292044488498953,1.2910896856483507,MSI-H
SMIM17,0.0,1.7848963744330646,1.0170965151985485,Non-MSI-H
CTNND2,0.0,1.5630419038466927,0.9762800049502145,Non-MSI-H
LGI3,0.0,1.445659458959097,0.9627471044252249,Non-MSI-H
MGAT3-AS1,0.0,1.6947023285911988,1.6740046983364525,Non-MSI-H
XKR4,0.0,1.2784881301107889,0.9839446465318586,Non-MSI-H
OR7E91P,0.0,1.4036774558554757,0.9268396081105631,Non-MSI-H
HOXB8,0.0,6.686452581511234,6.167076254850676,Non-MSI-H
LINC00605,0.0,1.5279879839876018,1.3845875248437176,Non-MSI-H
RAD17P1,0.0,1.3527248567090977,1.9636109293091888,MSI-H
LRRTM4,0.0,1.18614378936188,0.7623282786481811,Non-MSI-H
LOC283387,0.0,1.8348331682605177,0.7685179397081477,Non-MSI-H
IFNWP19,0.0,0.9161255010263287,1.6594196475038434,MSI-H
PLAAT3,0.0,6.963455169620231,6.988445528385909,MSI-H
HOXA13,0.0,6.884420413167372,6.3172505119739295,Non-MSI-H
TRBV4-2,0.0,1.4935879072776512,1.7213378112196724,MSI-H
IGHV7-56,0.0,1.2561380365429478,1.125102551690542,Non-MSI-H
CBLN4,0.0,1.0069782549591701,0.898315598355772,Non-MSI-H
HS6ST3,0.0,1.0618421224444696,0.954642487853102,Non-MSI-H
CCR9,0.0,1.604924954849452,1.4686064583070155,Non-MSI-H
USP41,0.0,1.4759772077658002,1.1727009813383,Non-MSI-H
CIDEB,0.0,1.606498271430311,1.9767957328519776,MSI-H
CASQ1,0.0,1.6622614252762264,1.2707118454040018,Non-MSI-H
TUFMP1,0.0,1.346802959854299,1.3752558492826732,MSI-H
CHRFAM7A,0.0,1.3145655283872966,2.332421775965984,MSI-H
GLIS3-AS1,0.0,1.2297139866031437,1.2003102009776914,Non-MSI-H
NOG,0.0,1.3739438711720835,1.2599421157954607,Non-MSI-H
LRAT,0.0,1.2645818167221639,1.0914839798193083,Non-MSI-H
NLRP7,0.0,1.5098292342284827,1.4566087924056776,Non-MSI-H
ALDOB,0.0,6.187993362501275,6.338719318852332,MSI-H
TARDBPP2,0.0,1.5321653330328948,0.6889524848717068,Non-MSI-H
LINC01564,0.0,1.498601114307831,0.7472929112972375,Non-MSI-H
TMEM272,0.0,1.5441969106389342,1.2534630996287899,Non-MSI-H
LGALS7,0.0,1.3429169630183881,1.5261449645974663,MSI-H
CYP11A1,0.0,1.6032654702373317,1.3074134813838902,Non-MSI-H
HES7,0.0,1.134365905428507,1.695993577647986,MSI-H
EXTL1,0.0,1.5639058675806654,1.5609896637035754,Non-MSI-H
LINC01239,0.0,0.8219060973415305,0.64694518016318,Non-MSI-H
HSD11B1-AS1,0.0,1.6688439306164962,1.2387421928511348,Non-MSI-H
HAPLN2,0.0,1.3933271690457476,1.3693192071526699,Non-MSI-H
PCDHA3,0.0,1.5215504247442062,1.341405971273152,Non-MSI-H
ZFP57,0.0,1.133015247328118,1.1606494475847264,MSI-H
CIBAR2,0.0,1.4096406201951848,1.5115221293944625,MSI-H
ABCB11,0.0,1.3307075068356362,1.4055699680674185,MSI-H
NFIA-AS2,0.0,1.3002607683622125,0.8429356102246954,Non-MSI-H
MSTN,0.0,1.5197301829115033,1.5624924913932596,MSI-H
VWC2,0.0,1.5678274033728248,0.7414691422105492,Non-MSI-H
HBQ1,0.0,1.0596575582694094,1.1533173512944919,MSI-H
LINC01711,0.0,1.6895533158665461,1.296281986001517,Non-MSI-H
HOXB6,0.0,6.835499085050847,6.907774785661005,MSI-H
XXYLT1-AS2,0.0,1.2079929321839067,2.1728691829291438,MSI-H
ARL4C,0.0,6.850172555943439,7.023482089620802,MSI-H
RANBP3L,0.0,1.3989192753599446,1.3405116742768979,Non-MSI-H
AQP12A,0.0,1.5848720914110983,0.960184943116028,Non-MSI-H
HPR,0.0,0.717545659654477,1.066674177628951,MSI-H
DIRAS2,0.0,1.3004480909215594,0.8959586666283269,Non-MSI-H
RIPPLY1,0.0,1.5270621638259205,1.7905511272384096,MSI-H
LOC101927793,0.0,1.311592059047232,1.7036529147753543,MSI-H
MUSK,0.0,1.3357098962466731,1.0050063369489233,Non-MSI-H
CNGB3,0.0,1.230794881184723,1.0460186655209354,Non-MSI-H
RGS22,0.0,1.352172595240641,1.2459409202995253,Non-MSI-H
LOC101929331,0.0,1.5603943785253223,1.7996508274017629,MSI-H
SSTR3,0.0,1.4024430198104585,1.665698739098634,MSI-H
PCDH10,0.0,1.2525642948337972,1.0998613413392426,Non-MSI-H
ASTN1,0.0,1.1480227130173575,0.7476802611747124,Non-MSI-H
CERS1,0.0,1.4445979364627601,1.3168256398143523,Non-MSI-H
BNIP3P17,0.0,1.4816960799267374,1.091656749459571,Non-MSI-H
FRGCA,0.0,1.6409755285703642,1.0830709998205779,Non-MSI-H
ENTHD1,0.0,1.4648410659998488,1.4634487518171824,Non-MSI-H
LRRIQ1,0.0,1.2217029470977847,0.8845482003552331,Non-MSI-H
IGHV1-14,0.0,1.265661579374269,0.9958355779023633,Non-MSI-H
GBP6,0.0,1.0481751839476434,1.8201502302222712,MSI-H
CALCR,0.0,1.4460302346751082,1.0687302989642598,Non-MSI-H
IGLV5-48,0.0,1.0869899429568939,1.1394029687314606,MSI-H
HRNR,0.0,1.2424842109454266,0.9173325237384298,Non-MSI-H
CCDC33,0.0,1.4177832454419061,1.1043184538497313,Non-MSI-H
NEFM,0.0,1.363869791875248,1.2400027593081786,Non-MSI-H
PAX2,0.0,0.9852502832028711,1.2520489918434978,MSI-H
PCDHGC5,0.0,1.5647132189025392,1.4962285980752579,Non-MSI-H
ALDH1L1-AS2,0.0,1.0971301223564294,1.6151307292047237,MSI-H
MORN5,0.0,0.9005079893935649,0.5999411299152292,Non-MSI-H
ARHGEF26-AS1,0.0,1.3281301366614844,0.999804171012902,Non-MSI-H
LOC102725191,0.0,1.455638334624597,1.2522864680592256,Non-MSI-H
CLEC18B,0.0,1.5681306942246311,1.6289234802514883,MSI-H
GDF5,0.0,1.213184441856322,0.8796956510065597,Non-MSI-H
PRELP,0.0,5.564776723570002,5.114923421924175,Non-MSI-H
CTAGE15,0.0,1.4122671651677943,1.422193333078309,MSI-H
SERPINA3,0.0,0.9704622124010617,1.5117318085640803,MSI-H
LOC101927189,0.0,1.124978255609007,1.1426131737984966,MSI-H
IGSF11,0.0,1.251384966330271,1.1790325645783144,Non-MSI-H
GCM1,0.0,1.2910386081100196,0.6154866819105079,Non-MSI-H
DBET,0.0,1.1516161571242232,0.9313225336161953,Non-MSI-H
TP53AIP1,0.0,1.332124768644019,2.0191834668479913,MSI-H
TGFB2-AS1,0.0,1.372734174864436,1.3201513494995403,Non-MSI-H
EN1,0.0,0.9439859412581935,0.8672335322472257,Non-MSI-H
CTAGE8,0.0,1.5261000649093568,1.4148469315104062,Non-MSI-H
TRAV12-3,0.0,1.4992735055492132,1.9679197978587946,MSI-H
RPS3AP46,0.0,1.4554237310250218,0.9023370270735332,Non-MSI-H
TMEM132D,0.0,1.461080720063038,1.0079823695934147,Non-MSI-H
FAM135B,0.0,1.1763841973958544,1.0130562667067569,Non-MSI-H
HTR3E,0.0,1.1936680364443475,0.8341056983280816,Non-MSI-H
TRAV3,0.0,1.3943984278737382,1.7013928634779714,MSI-H
LINC00658,0.0,1.2599876967240038,0.28891398457708595,Non-MSI-H
RERGL,0.0,1.0921550248974827,0.9249212075618441,Non-MSI-H
CLEC4F,0.0,1.4348288154171862,0.9833667674818779,Non-MSI-H
LHX5,0.0,1.2390562380470862,0.6548346744977953,Non-MSI-H
PCDH20,0.0,1.4179322567184447,0.5948492764180162,Non-MSI-H
PTGES,0.0,6.206247193621115,6.113183232626935,Non-MSI-H
CSMD1,0.0,1.1044984328386165,0.9947108097980583,Non-MSI-H
LINC01638,0.0,1.406943775942749,1.1792593625991572,Non-MSI-H
PHF24,0.0,1.343300904404554,1.3995850291199634,MSI-H
IGKV1-13,0.0,1.0785304575790622,1.116716944986605,MSI-H
PDX1,0.0,6.334108936070746,6.1009534066877045,Non-MSI-H
TRAV30,0.0,1.4317233632242083,0.7260743251207431,Non-MSI-H
LINC00244,0.0,1.4768517699055081,0.7541486500897188,Non-MSI-H
ABCB5,0.0,0.9764893864322789,0.8841982886477455,Non-MSI-H
IGLV4-3,0.0,1.0632020684440513,1.028705036148067,Non-MSI-H
SNURF,0.0,1.4379909955788965,0.9415193888736059,Non-MSI-H
DENND5B-AS1,0.0,1.2733903739865073,1.0785768683027017,Non-MSI-H
LOC112267871,0.0,1.3694401634407873,1.3444911101334265,Non-MSI-H
LINC02023,0.0,1.1612358352928842,0.7537128589807073,Non-MSI-H
CFHR3,0.0,1.2554179022557885,0.9701926336700082,Non-MSI-H
LEMD1-AS1,0.0,1.2853819043600205,1.1453578556402322,Non-MSI-H
LRRC52-AS1,0.0,1.0729621708389192,0.25946108980796967,Non-MSI-H
RHBG,0.0,1.2471900459468777,1.7476338180312605,MSI-H
FAM157A,0.0,1.1920565189121728,1.5944279685426914,MSI-H
PGLYRP3,0.0,0.8942854819838143,1.1107986726325034,MSI-H
LOC100422562,0.0,1.044861958494979,0.9689079120755208,Non-MSI-H
IFNG-AS1,0.0,1.1429002653913998,1.1582374210449458,MSI-H
KRTAP5-4,0.0,1.5204030044308903,0.8679909056900412,Non-MSI-H
RGPD2,0.0,1.2134117113764298,1.338661451743462,MSI-H
GRIA1,0.0,1.1912831305437577,0.9054309938143275,Non-MSI-H
LINC01121,0.0,1.2545295579408713,0.8997337243743206,Non-MSI-H
SLC6A3,0.0,1.1877939522426673,0.8460483788383599,Non-MSI-H
HFM1,0.0,1.2871628034057376,0.9858740621587464,Non-MSI-H
KRT87P,0.0,1.2549106926815496,1.8454574473293073,MSI-H
ANO3,0.0,1.0020435550074194,0.7504522808389325,Non-MSI-H
LINC00968,0.0,1.2547120652045773,1.5704661130342688,MSI-H
RNA5SP111,0.0,1.2047362454375046,0.7414005045660192,Non-MSI-H
SLC27A6,0.0,1.2667805258059126,0.6425758336148519,Non-MSI-H
SULT1C2P1,0.0,1.239676535744612,1.4712876992447597,MSI-H
IGHV3-42,0.0,1.0615316957026018,0.8157494621713621,Non-MSI-H
LOC284798,0.0,1.0719054153038203,0.12079617696632132,Non-MSI-H
LRRC74A,0.0,1.4633915796284045,0.7186355099026135,Non-MSI-H
VSTM1,0.0,1.1439072629099485,1.4024255324349801,MSI-H
LINC01535,0.0,1.1470584262698604,0.9379475150641887,Non-MSI-H
NXPH1,0.0,1.233985302777513,0.5960978247946285,Non-MSI-H
SLX1A-SULT1A3,0.0,1.5754612076921253,1.2226858542447234,Non-MSI-H
SAA4,0.0,0.9942989131850648,1.030193303342066,MSI-H
CCL5,0.0,5.957383914843328,6.87178830770907,MSI-H
ARHGAP44,0.0,6.285158792436422,6.124909713998353,Non-MSI-H
UNC5D,0.0,1.2484095604763923,0.8428176505069003,Non-MSI-H
KIAA0087,0.0,1.0656751950167462,0.9219106761932784,Non-MSI-H
GUCA1A,0.0,1.2232788463368096,1.579465467321889,MSI-H
NPY4R2,0.0,1.4524161078900115,0.8438592990159308,Non-MSI-H
LOC100128325,0.0,1.4528984239328309,1.040337765358728,Non-MSI-H
CTD-3080P12.3,0.0,1.0666844799871549,0.34861242723173635,Non-MSI-H
LINC00943,0.0,1.1488928628138955,1.720398030088851,MSI-H
FBN3,0.0,0.945143571954842,1.0545388827609758,MSI-H
IFNE,0.0,0.7592691536286806,1.4738929942513506,MSI-H
CPA5,0.0,1.1945544522244418,0.7246602785909431,Non-MSI-H
LDC1P,0.0,1.2070953181150752,0.5353942744382569,Non-MSI-H
SPOCK3,0.0,0.7585889095953623,0.6105454251836584,Non-MSI-H
RN7SL272P,0.0,1.103588250348925,0.3001173689302463,Non-MSI-H
FCRL4,0.0,1.1997690416090343,1.246830122496176,MSI-H
CXCR5,0.0,1.1556512783709119,1.2103507644621094,MSI-H
SLC5A4-AS1,0.0,1.238307425743491,1.3265987917579545,MSI-H
HOXD12,0.0,1.1846711886512533,0.8239821190028581,Non-MSI-H
GAS1RR,0.0,1.1650352646653899,1.215131027990875,MSI-H
CLLU1,0.0,0.9704033223292979,0.5169560988424747,Non-MSI-H
IGLV2-33,0.0,1.144996296701801,0.9776214111136364,Non-MSI-H
ADGRD2,0.0,1.1779828583302354,0.9469986513049399,Non-MSI-H
NPPC,0.0,1.0682405394466024,1.0644544372197133,Non-MSI-H
DCDC1,0.0,1.057322336732423,1.3930158943127247,MSI-H
ZNF727,0.0,1.011906822653121,0.7104488090296733,Non-MSI-H
TMEM119,0.0,6.2474234233300985,6.006673565321712,Non-MSI-H
CBSL,0.0,1.0033226480757562,0.7255870852452027,Non-MSI-H
TNNT3,0.0,1.0252847700980732,1.0529552317530173,MSI-H
TNFRSF11B,0.0,5.958287033248512,5.980671821157817,MSI-H
CYP4Z1,0.0,1.0085276842497717,0.8718186345510412,Non-MSI-H
KERA,0.0,1.2012876049810481,0.9723019824670266,Non-MSI-H
F11-AS1,0.0,0.8966159783190754,0.8545391003835889,Non-MSI-H
LINC02560,0.0,1.198032736585952,0.9061220640795983,Non-MSI-H
IL17F,0.0,1.1585631601479138,0.5180319376277194,Non-MSI-H
C19orf81,0.0,1.0158820249315283,0.9034238410447546,Non-MSI-H
RASGEF1C,0.0,1.1023504731389953,1.192863332673241,MSI-H
WDR87BP,0.0,1.0194147191921021,0.7802286972501883,Non-MSI-H
PRSS45P,0.0,1.099741267415086,0.4140492113225014,Non-MSI-H
PLEK,0.0,5.826025206579538,6.601601233867674,MSI-H
KCNJ4,0.0,1.0702073496444127,1.2826604328184494,MSI-H
IGLL1,0.0,1.1547095559046485,0.8242160125867677,Non-MSI-H
IGKV2-26,0.0,1.0419206945732316,0.9238833709227778,Non-MSI-H
SLC6A14,0.0,5.229620606155724,5.90988025941112,MSI-H
IFITM5,0.0,1.005112903794729,0.5482832842114949,Non-MSI-H
IGKV1D-33,0.0,0.9423555743810004,0.7080439856002562,Non-MSI-H
LOC283683,0.0,1.0826625685449591,0.27416979882769815,Non-MSI-H
NPY5R,0.0,0.9905152057259331,0.5697133750540703,Non-MSI-H
IGHV1-17,0.0,1.0205976616539367,0.930985730718046,Non-MSI-H
LINC02331,0.0,1.0958579139778828,0.8445098953202181,Non-MSI-H
OLFM3,0.0,0.8137077862574651,0.7580712941791881,Non-MSI-H
C4orf54,0.0,1.1452835546627327,0.5485651785121488,Non-MSI-H
USH1G,0.0,0.9122040478328256,1.1872169324445863,MSI-H
BHLHE41,0.0,6.151120179511354,6.2521368584869474,MSI-H
IGHV7-27,0.0,0.902462808737564,0.7626279373060681,Non-MSI-H
IGHV3-30,0.0,5.322126923688985,5.497614681312074,MSI-H
LINC02266,0.0,0.9099081343476704,0.5187019108824144,Non-MSI-H
ATOH1,0.0,5.305743396991063,6.1060722136661285,MSI-H
COL1A1,0.0,10.950233968213443,11.198025189802507,MSI-H
COL5A1,0.0,8.851026737367201,8.904230322590994,MSI-H
DOCK8,0.0,6.065808588982218,6.62420508110665,MSI-H
IGFBP5,0.0,8.859762930201079,8.76895119104815,Non-MSI-H
DMBT1,0.0,7.719157797933125,8.333152686305327,MSI-H
HMGB1,0.0,9.312613173319882,8.975561975865078,Non-MSI-H
SERPINA1,0.0,8.696897937553388,9.360604209781034,MSI-H
LDHB,0.0,9.3297241768496,9.250484560457107,Non-MSI-H
COL6A2,0.0,9.252736578349024,9.300198949025702,MSI-H
BRINP2,0.0,1.1122145677938091,0.46226237532333764,Non-MSI-H
LINC01010,0.0,0.9949333843598613,1.266443744126938,MSI-H
SLC6A18,0.0,1.2689395553322558,0.6910435898078884,Non-MSI-H
LINC01593,0.0,1.130151287389417,1.0994372233639356,Non-MSI-H
SPINK6,0.0,0.8595260181218101,0.5514533457959454,Non-MSI-H
CEACAM5,0.0,11.691112888570045,10.666293293105852,Non-MSI-H
COL6A3,0.0,9.357509380351733,9.47343322231495,MSI-H
REG4,0.0,7.2975780757565705,10.23702760080435,MSI-H
LYZ,0.0,8.839745190980839,9.992681800203064,MSI-H
LCN2,0.0,9.281474849637736,9.314071367253844,MSI-H
TFF3,0.0,9.837995107025305,9.808512688670362,Non-MSI-H
FCGBP,0.0,8.634842440183748,9.54541507964615,MSI-H
CPS1,0.0,4.062080032688184,5.212086177219332,MSI-H
IGHA1,0.0,9.35532540293919,8.970975488547841,Non-MSI-H
MUC2,0.0,8.670130966146317,10.360934960740359,MSI-H
NPY,0.0,1.0539757039981232,0.5817507676629778,Non-MSI-H
PCDHA12,0.0,0.8576734199310926,0.8088815595529171,Non-MSI-H
EPHA6,0.0,0.9344942608180573,0.6571543771675568,Non-MSI-H
PICSAR,0.0,0.9811559339866547,0.7567361242765653,Non-MSI-H
MYO16-AS1,0.0,0.8333874640723082,0.9665443532065714,MSI-H
